,Airspace id,Fullname,Date (America/Chicago),Temperature shock - color,Temperature (°C) - data,ReHS - color,ReHS - data
161,355,"House 1, Floor 1, Room 1",2020-12-21,green,,blue,
162,355,"House 1, Floor 1, Room 1",2020-12-22,green,,blue,
163,355,"House 1, Floor 1, Room 1",2020-12-23,green,,blue,
164,355,"House 1, Floor 1, Room 1",2020-12-24,blue,,blue,
165,355,"House 1, Floor 1, Room 1",2020-12-25,blue,,blue,
166,355,"House 1, Floor 1, Room 1",2020-12-26,blue,,blue,
167,355,"House 1, Floor 1, Room 1",2020-12-27,blue,,blue,
168,355,"House 1, Floor 1, Room 1",2020-12-28,blue,,blue,
169,355,"House 1, Floor 1, Room 1",2020-12-29,blue,,blue,
170,355,"House 1, Floor 1, Room 1",2020-12-30,blue,,blue,
171,355,"House 1, Floor 1, Room 1",2020-12-31,blue,,blue,
172,355,"House 1, Floor 1, Room 1",2021-01-01,blue,,blue,
173,355,"House 1, Floor 1, Room 1",2021-01-02,blue,,blue,
174,355,"House 1, Floor 1, Room 1",2021-01-03,blue,,blue,
175,355,"House 1, Floor 1, Room 1",2021-01-04,blue,,blue,
0,355,"House 1, Floor 1, Room 1",2021-01-05,green,13.95,green,
1,355,"House 1, Floor 1, Room 1",2021-01-06,green,13.85,green,97.0
2,355,"House 1, Floor 1, Room 1",2021-01-07,red,16.74,green,97.0
3,355,"House 1, Floor 1, Room 1",2021-01-08,green,29.57,green,98.0
4,355,"House 1, Floor 1, Room 1",2021-01-09,green,30.33,yellow,82.0
5,355,"House 1, Floor 1, Room 1",2021-01-10,yellow,30.75,green,52.0
6,355,"House 1, Floor 1, Room 1",2021-01-11,green,30.18,green,79.0
7,355,"House 1, Floor 1, Room 1",2021-01-12,green,29.74,green,95.0
8,355,"House 1, Floor 1, Room 1",2021-01-13,green,29.81,green,91.0
9,355,"House 1, Floor 1, Room 1",2021-01-14,green,29.81,green,92.0
10,355,"House 1, Floor 1, Room 1",2021-01-15,green,29.85,green,97.0
11,355,"House 1, Floor 1, Room 1",2021-01-16,green,29.95,green,97.0
12,355,"House 1, Floor 1, Room 1",2021-01-17,green,30.11,green,99.0
13,355,"House 1, Floor 1, Room 1",2021-01-18,green,29.87,green,97.0
14,355,"House 1, Floor 1, Room 1",2021-01-19,green,29.92,green,98.0
15,355,"House 1, Floor 1, Room 1",2021-01-20,green,30.03,green,96.0
16,355,"House 1, Floor 1, Room 1",2021-01-21,yellow,29.39,green,98.0
17,355,"House 1, Floor 1, Room 1",2021-01-22,green,29.87,green,98.0
18,355,"House 1, Floor 1, Room 1",2021-01-23,green,29.4,green,98.0
19,355,"House 1, Floor 1, Room 1",2021-01-24,yellow,28.13,green,96.0
20,355,"House 1, Floor 1, Room 1",2021-01-25,green,26.83,green,97.0
21,355,"House 1, Floor 1, Room 1",2021-01-26,yellow,27.17,green,97.0
22,355,"House 1, Floor 1, Room 1",2021-01-27,green,28.08,green,96.0
23,355,"House 1, Floor 1, Room 1",2021-01-28,green,27.81,green,99.0
24,355,"House 1, Floor 1, Room 1",2021-01-29,green,27.36,green,98.0
25,355,"House 1, Floor 1, Room 1",2021-01-30,green,26.61,green,99.0
26,355,"House 1, Floor 1, Room 1",2021-01-31,green,26.19,green,95.0
27,355,"House 1, Floor 1, Room 1",2021-02-01,green,26.04,green,98.0
28,355,"House 1, Floor 1, Room 1",2021-02-02,green,25.97,green,98.0
29,355,"House 1, Floor 1, Room 1",2021-02-03,green,25.68,green,98.0
30,355,"House 1, Floor 1, Room 1",2021-02-04,green,25.15,green,99.0
31,355,"House 1, Floor 1, Room 1",2021-02-05,green,25.95,green,99.0
32,355,"House 1, Floor 1, Room 1",2021-02-06,green,26.36,green,97.0
33,355,"House 1, Floor 1, Room 1",2021-02-07,green,25.97,green,99.0
34,355,"House 1, Floor 1, Room 1",2021-02-08,green,25.23,green,98.0
35,355,"House 1, Floor 1, Room 1",2021-02-09,green,25.01,green,96.0
36,355,"House 1, Floor 1, Room 1",2021-02-10,green,24.97,green,97.0
37,355,"House 1, Floor 1, Room 1",2021-02-11,green,24.73,green,98.0
38,355,"House 1, Floor 1, Room 1",2021-02-12,green,24.25,green,94.0
39,355,"House 1, Floor 1, Room 1",2021-02-13,green,23.74,green,99.0
40,355,"House 1, Floor 1, Room 1",2021-02-14,green,23.29,green,96.0
41,355,"House 1, Floor 1, Room 1",2021-02-15,green,22.99,green,98.0
42,355,"House 1, Floor 1, Room 1",2021-02-16,green,23.06,green,91.0
43,355,"House 1, Floor 1, Room 1",2021-02-17,yellow,23.12,green,95.0
44,355,"House 1, Floor 1, Room 1",2021-02-18,green,23.03,green,94.0
45,355,"House 1, Floor 1, Room 1",2021-02-19,yellow,22.72,green,96.0
46,355,"House 1, Floor 1, Room 1",2021-02-20,yellow,22.63,green,88.0
47,355,"House 1, Floor 1, Room 1",2021-02-21,green,22.55,green,95.0
48,355,"House 1, Floor 1, Room 1",2021-02-22,green,22.73,green,97.0
49,355,"House 1, Floor 1, Room 1",2021-02-23,yellow,22.57,green,99.0
50,355,"House 1, Floor 1, Room 1",2021-02-24,green,23.04,green,98.0
51,355,"House 1, Floor 1, Room 1",2021-02-25,green,22.44,green,97.0
52,355,"House 1, Floor 1, Room 1",2021-02-26,green,22.83,green,99.0
53,355,"House 1, Floor 1, Room 1",2021-02-27,green,22.97,green,98.0
54,355,"House 1, Floor 1, Room 1",2021-02-28,green,23.5,green,99.0
55,355,"House 1, Floor 1, Room 1",2021-03-01,green,22.91,green,99.0
56,355,"House 1, Floor 1, Room 1",2021-03-02,green,22.57,green,98.0
57,355,"House 1, Floor 1, Room 1",2021-03-03,green,23.07,green,96.0
58,355,"House 1, Floor 1, Room 1",2021-03-04,green,22.44,green,97.0
59,355,"House 1, Floor 1, Room 1",2021-03-05,green,22.48,green,96.0
60,355,"House 1, Floor 1, Room 1",2021-03-06,green,22.72,green,98.0
61,355,"House 1, Floor 1, Room 1",2021-03-07,green,22.76,green,98.0
62,355,"House 1, Floor 1, Room 1",2021-03-08,green,22.97,green,98.0
63,355,"House 1, Floor 1, Room 1",2021-03-09,green,23.03,green,96.0
64,355,"House 1, Floor 1, Room 1",2021-03-10,green,23.15,green,96.0
65,355,"House 1, Floor 1, Room 1",2021-03-11,green,22.36,green,98.0
66,355,"House 1, Floor 1, Room 1",2021-03-12,green,22.32,green,99.0
67,355,"House 1, Floor 1, Room 1",2021-03-13,green,22.25,green,96.0
68,355,"House 1, Floor 1, Room 1",2021-03-14,green,21.92,green,99.0
69,355,"House 1, Floor 1, Room 1",2021-03-15,green,21.63,green,98.0
70,355,"House 1, Floor 1, Room 1",2021-03-16,blue,20.27,blue,
176,355,"House 1, Floor 1, Room 1",2021-03-17,blue,,blue,
71,355,"House 1, Floor 1, Room 1",2021-03-18,green,11.89,blue,
72,355,"House 1, Floor 1, Room 1",2021-03-19,green,12.43,green,97.0
73,355,"House 1, Floor 1, Room 1",2021-03-20,green,12.49,green,96.0
74,355,"House 1, Floor 1, Room 1",2021-03-21,green,13.26,green,98.0
75,355,"House 1, Floor 1, Room 1",2021-03-22,green,13.46,green,96.0
76,355,"House 1, Floor 1, Room 1",2021-03-23,green,13.45,green,99.0
77,355,"House 1, Floor 1, Room 1",2021-03-24,green,13.16,green,99.0
78,355,"House 1, Floor 1, Room 1",2021-03-25,green,11.83,green,98.0
79,355,"House 1, Floor 1, Room 1",2021-03-26,green,11.62,green,98.0
80,355,"House 1, Floor 1, Room 1",2021-03-27,green,13.47,green,97.0
81,355,"House 1, Floor 1, Room 1",2021-03-28,green,11.95,green,98.0
82,355,"House 1, Floor 1, Room 1",2021-03-29,green,13.96,green,96.0
83,355,"House 1, Floor 1, Room 1",2021-03-30,yellow,18.22,green,98.0
84,355,"House 1, Floor 1, Room 1",2021-03-31,green,29.27,green,95.0
85,355,"House 1, Floor 1, Room 1",2021-04-01,green,30.03,green,73.0
86,355,"House 1, Floor 1, Room 1",2021-04-02,green,29.62,green,71.0
87,355,"House 1, Floor 1, Room 1",2021-04-03,green,28.99,green,66.0
88,355,"House 1, Floor 1, Room 1",2021-04-04,green,28.74,red,36.0
89,355,"House 1, Floor 1, Room 1",2021-04-05,green,28.97,yellow,51.0
90,355,"House 1, Floor 1, Room 1",2021-04-06,green,28.96,yellow,45.0
91,355,"House 1, Floor 1, Room 1",2021-04-07,green,28.85,green,69.0
92,355,"House 1, Floor 1, Room 1",2021-04-08,green,29.25,green,79.0
93,355,"House 1, Floor 1, Room 1",2021-04-09,green,29.07,green,81.0
94,355,"House 1, Floor 1, Room 1",2021-04-10,green,29.1,green,91.0
95,355,"House 1, Floor 1, Room 1",2021-04-11,green,29.01,green,91.0
96,355,"House 1, Floor 1, Room 1",2021-04-12,green,28.76,green,94.0
97,355,"House 1, Floor 1, Room 1",2021-04-13,green,28.7,green,92.0
98,355,"House 1, Floor 1, Room 1",2021-04-14,green,28.83,green,95.0
99,355,"House 1, Floor 1, Room 1",2021-04-15,green,28.38,green,93.0
100,355,"House 1, Floor 1, Room 1",2021-04-16,green,27.5,green,92.0
101,355,"House 1, Floor 1, Room 1",2021-04-17,green,26.79,green,89.0
102,355,"House 1, Floor 1, Room 1",2021-04-18,green,26.7,green,88.0
103,355,"House 1, Floor 1, Room 1",2021-04-19,green,26.74,green,88.0
104,355,"House 1, Floor 1, Room 1",2021-04-20,green,26.64,green,90.0
105,355,"House 1, Floor 1, Room 1",2021-04-21,yellow,26.21,green,92.0
106,355,"House 1, Floor 1, Room 1",2021-04-22,green,26.15,green,93.0
107,355,"House 1, Floor 1, Room 1",2021-04-23,green,25.41,green,86.0
108,355,"House 1, Floor 1, Room 1",2021-04-24,green,25.58,green,86.0
109,355,"House 1, Floor 1, Room 1",2021-04-25,yellow,25.45,green,87.0
110,355,"House 1, Floor 1, Room 1",2021-04-26,green,34.13,green,89.0
111,355,"House 1, Floor 1, Room 1",2021-04-27,green,27.39,green,97.0
112,355,"House 1, Floor 1, Room 1",2021-04-28,green,26.08,green,98.0
113,355,"House 1, Floor 1, Room 1",2021-04-29,green,25.4,green,93.0
114,355,"House 1, Floor 1, Room 1",2021-04-30,green,25.03,green,81.0
115,355,"House 1, Floor 1, Room 1",2021-05-01,green,25.9,green,86.0
116,355,"House 1, Floor 1, Room 1",2021-05-02,green,26.28,green,96.0
117,355,"House 1, Floor 1, Room 1",2021-05-03,green,25.18,green,97.0
118,355,"House 1, Floor 1, Room 1",2021-05-04,green,25.04,green,86.0
119,355,"House 1, Floor 1, Room 1",2021-05-05,green,24.44,green,88.0
120,355,"House 1, Floor 1, Room 1",2021-05-06,green,24.41,green,89.0
121,355,"House 1, Floor 1, Room 1",2021-05-07,green,23.42,green,88.0
177,355,"House 1, Floor 1, Room 1",2021-05-08,green,,green,83.0
178,355,"House 1, Floor 1, Room 1",2021-05-09,green,,green,86.0
122,355,"House 1, Floor 1, Room 1",2021-05-10,green,23.65,green,85.0
123,355,"House 1, Floor 1, Room 1",2021-05-11,green,23.56,green,90.0
124,355,"House 1, Floor 1, Room 1",2021-05-12,green,23.67,green,90.0
125,355,"House 1, Floor 1, Room 1",2021-05-13,green,24.06,green,88.0
126,355,"House 1, Floor 1, Room 1",2021-05-14,green,23.99,green,85.0
127,355,"House 1, Floor 1, Room 1",2021-05-15,green,23.43,green,82.0
128,355,"House 1, Floor 1, Room 1",2021-05-16,green,23.88,green,77.0
129,355,"House 1, Floor 1, Room 1",2021-05-17,green,23.31,green,77.0
130,355,"House 1, Floor 1, Room 1",2021-05-18,green,23.64,green,78.0
131,355,"House 1, Floor 1, Room 1",2021-05-19,blue,24.79,green,77.0
132,355,"House 1, Floor 1, Room 1",2021-05-20,green,25.8,green,87.0
133,355,"House 1, Floor 1, Room 1",2021-05-21,green,25.07,green,81.0
134,355,"House 1, Floor 1, Room 1",2021-05-22,green,25.66,green,85.0
135,355,"House 1, Floor 1, Room 1",2021-05-23,green,25.73,green,95.0
136,355,"House 1, Floor 1, Room 1",2021-05-24,green,26.98,green,96.0
137,355,"House 1, Floor 1, Room 1",2021-05-25,green,24.91,green,94.0
138,355,"House 1, Floor 1, Room 1",2021-05-26,green,24.19,green,96.0
139,355,"House 1, Floor 1, Room 1",2021-05-27,blue,20.01,blue,
179,355,"House 1, Floor 1, Room 1",2021-05-28,blue,,blue,
180,355,"House 1, Floor 1, Room 1",2021-05-29,blue,,blue,
181,355,"House 1, Floor 1, Room 1",2021-05-30,blue,,blue,
182,355,"House 1, Floor 1, Room 1",2021-05-31,blue,,blue,
140,355,"House 1, Floor 1, Room 1",2021-06-01,green,20.27,blue,
141,355,"House 1, Floor 1, Room 1",2021-06-02,green,21.05,green,97.0
142,355,"House 1, Floor 1, Room 1",2021-06-03,green,23.27,green,99.0
143,355,"House 1, Floor 1, Room 1",2021-06-04,green,24.56,green,96.0
144,355,"House 1, Floor 1, Room 1",2021-06-05,green,25.65,green,99.0
145,355,"House 1, Floor 1, Room 1",2021-06-06,green,25.71,green,99.0
146,355,"House 1, Floor 1, Room 1",2021-06-07,green,25.64,green,98.0
147,355,"House 1, Floor 1, Room 1",2021-06-08,green,25.89,green,99.0
148,355,"House 1, Floor 1, Room 1",2021-06-09,green,28.29,green,97.0
149,355,"House 1, Floor 1, Room 1",2021-06-10,green,29.78,green,73.0
150,355,"House 1, Floor 1, Room 1",2021-06-11,green,30.41,green,66.0
151,355,"House 1, Floor 1, Room 1",2021-06-12,green,30.37,green,71.0
152,355,"House 1, Floor 1, Room 1",2021-06-13,green,29.58,yellow,52.0
153,355,"House 1, Floor 1, Room 1",2021-06-14,green,29.22,green,70.0
154,355,"House 1, Floor 1, Room 1",2021-06-15,green,29.59,green,85.0
155,355,"House 1, Floor 1, Room 1",2021-06-16,green,29.4,green,78.0
156,355,"House 1, Floor 1, Room 1",2021-06-17,green,29.68,green,88.0
157,355,"House 1, Floor 1, Room 1",2021-06-18,green,30.06,green,89.0
158,355,"House 1, Floor 1, Room 1",2021-06-19,green,29.17,green,92.0
159,355,"House 1, Floor 1, Room 1",2021-06-20,green,28.33,green,88.0
160,355,"House 1, Floor 1, Room 1",2021-06-21,green,28.33,green,
183,355,"House 1, Floor 1, Room 1",2021-06-21,green,27.18,green,84.0
184,355,"House 1, Floor 1, Room 1",2021-06-22,green,27.21,green,79.0
185,355,"House 1, Floor 1, Room 1",2021-06-23,green,26.98,green,78.0
186,355,"House 1, Floor 1, Room 1",2021-06-24,green,27.27,green,80.0
187,355,"House 1, Floor 1, Room 1",2021-06-25,green,27.32,green,90.0
188,355,"House 1, Floor 1, Room 1",2021-06-26,green,27.02,green,95.0
189,355,"House 1, Floor 1, Room 1",2021-06-27,green,26.9,green,99.0
190,355,"House 1, Floor 1, Room 1",2021-06-28,green,26.65,green,97.0
191,355,"House 1, Floor 1, Room 1",2021-06-29,green,26.9,green,97.0
192,355,"House 1, Floor 1, Room 1",2021-06-30,green,26.29,green,99.0
193,355,"House 1, Floor 1, Room 1",2021-07-01,green,26.39,green,98.0
194,355,"House 1, Floor 1, Room 1",2021-07-02,green,26.01,green,97.0
195,355,"House 1, Floor 1, Room 1",2021-07-03,blue,26.27,green,97.0
196,355,"House 1, Floor 1, Room 1",2021-07-04,blue,26.83,green,98.0
197,355,"House 1, Floor 1, Room 1",2021-07-05,blue,27.3,green,97.0
198,355,"House 1, Floor 1, Room 1",2021-07-06,blue,27.11,green,99.0
199,355,"House 1, Floor 1, Room 1",2021-07-07,green,26.39,green,99.0
200,355,"House 1, Floor 1, Room 1",2021-07-08,green,24.4,green,92.0
201,355,"House 1, Floor 1, Room 1",2021-07-09,green,24.6,green,91.0
202,355,"House 1, Floor 1, Room 1",2021-07-10,green,23.66,green,94.0
203,355,"House 1, Floor 1, Room 1",2021-07-11,green,23.56,green,92.0
204,355,"House 1, Floor 1, Room 1",2021-07-12,green,23.76,green,92.0
205,355,"House 1, Floor 1, Room 1",2021-07-13,green,24.73,green,93.0
206,355,"House 1, Floor 1, Room 1",2021-07-14,green,25.37,green,96.0
207,355,"House 1, Floor 1, Room 1",2021-07-15,green,24.07,green,99.0
208,355,"House 1, Floor 1, Room 1",2021-07-16,green,23.89,green,98.0
209,355,"House 1, Floor 1, Room 1",2021-07-17,green,23.88,green,97.0
210,355,"House 1, Floor 1, Room 1",2021-07-18,green,24.26,green,99.0
211,355,"House 1, Floor 1, Room 1",2021-07-19,green,24.99,green,99.0
212,355,"House 1, Floor 1, Room 1",2021-07-20,yellow,25.62,green,98.0
213,355,"House 1, Floor 1, Room 1",2021-07-21,green,25.0,green,98.0
214,355,"House 1, Floor 1, Room 1",2021-07-22,yellow,25.92,green,99.0
215,355,"House 1, Floor 1, Room 1",2021-07-23,yellow,26.2,green,97.0
216,355,"House 1, Floor 1, Room 1",2021-07-24,yellow,27.58,green,96.0
217,355,"House 1, Floor 1, Room 1",2021-07-25,yellow,26.07,green,99.0
218,355,"House 1, Floor 1, Room 1",2021-07-26,yellow,46.28,green,96.0
219,355,"House 1, Floor 1, Room 1",2021-07-27,yellow,88.33,green,95.0
220,355,"House 1, Floor 1, Room 1",2021-07-28,yellow,46.47,green,96.0
221,355,"House 1, Floor 1, Room 1",2021-07-29,yellow,26.36,green,97.0
222,355,"House 1, Floor 1, Room 1",2021-07-30,green,22.63,green,95.0
223,355,"House 1, Floor 1, Room 1",2021-07-31,green,23.25,green,95.0
224,355,"House 1, Floor 1, Room 1",2021-08-01,green,23.97,green,94.0
225,355,"House 1, Floor 1, Room 1",2021-08-02,green,23.23,green,95.0
226,355,"House 1, Floor 1, Room 1",2021-08-03,green,23.92,green,96.0
227,355,"House 1, Floor 1, Room 1",2021-08-04,yellow,24.35,green,97.0
228,355,"House 1, Floor 1, Room 1",2021-08-05,green,23.79,green,91.0
229,355,"House 1, Floor 1, Room 1",2021-08-06,green,24.38,green,93.0
230,355,"House 1, Floor 1, Room 1",2021-08-07,green,25.46,green,94.0
231,355,"House 1, Floor 1, Room 1",2021-08-08,yellow,25.69,green,97.0
232,355,"House 1, Floor 1, Room 1",2021-08-09,yellow,26.04,green,97.0
233,355,"House 1, Floor 1, Room 1",2021-08-10,yellow,27.59,green,98.0
234,355,"House 1, Floor 1, Room 1",2021-08-11,green,26.3,green,99.0
235,355,"House 1, Floor 1, Room 1",2021-08-12,yellow,24.64,green,96.0
236,355,"House 1, Floor 1, Room 1",2021-08-13,yellow,23.46,green,99.0
237,355,"House 1, Floor 1, Room 1",2021-08-14,yellow,23.34,green,96.0
238,355,"House 1, Floor 1, Room 1",2021-08-15,yellow,23.01,green,95.0
239,355,"House 1, Floor 1, Room 1",2021-08-16,yellow,23.42,green,94.0
240,355,"House 1, Floor 1, Room 1",2021-08-17,yellow,24.24,green,96.0
241,355,"House 1, Floor 1, Room 1",2021-08-18,yellow,24.92,green,95.0
242,355,"House 1, Floor 1, Room 1",2021-08-19,yellow,25.36,green,99.0
243,355,"House 1, Floor 1, Room 1",2021-08-20,yellow,25.11,green,96.0
244,355,"House 1, Floor 1, Room 1",2021-08-21,yellow,24.34,green,99.0
245,355,"House 1, Floor 1, Room 1",2021-08-22,yellow,23.63,green,96.0
246,355,"House 1, Floor 1, Room 1",2021-08-23,yellow,24.54,green,95.0
247,355,"House 1, Floor 1, Room 1",2021-08-24,red,26.25,green,96.0
248,355,"House 1, Floor 1, Room 1",2021-08-25,green,24.36,green,96.0
249,355,"House 1, Floor 1, Room 1",2021-08-26,green,25.07,green,96.0
250,355,"House 1, Floor 1, Room 1",2021-08-27,yellow,26.16,green,96.0
251,355,"House 1, Floor 1, Room 1",2021-08-28,yellow,26.67,green,97.0
252,355,"House 1, Floor 1, Room 1",2021-08-29,yellow,25.3,green,97.0
253,355,"House 1, Floor 1, Room 1",2021-08-30,yellow,23.53,green,99.0
254,355,"House 1, Floor 1, Room 1",2021-08-31,green,21.95,green,96.0
255,355,"House 1, Floor 1, Room 1",2021-09-01,green,22.74,green,97.0
256,355,"House 1, Floor 1, Room 1",2021-09-02,green,21.95,green,97.0
257,355,"House 1, Floor 1, Room 1",2021-09-03,green,21.92,green,91.0
258,355,"House 1, Floor 1, Room 1",2021-09-04,green,22.32,green,94.0
259,355,"House 1, Floor 1, Room 1",2021-09-05,yellow,23.23,green,97.0
260,355,"House 1, Floor 1, Room 1",2021-09-06,yellow,24.21,green,97.0
261,355,"House 1, Floor 1, Room 1",2021-09-07,red,24.4,green,97.0
262,355,"House 1, Floor 1, Room 1",2021-09-08,green,22.27,green,93.0
263,355,"House 1, Floor 1, Room 1",2021-09-09,green,22.03,green,93.0
264,355,"House 1, Floor 1, Room 1",2021-09-10,green,22.54,green,97.0
265,355,"House 1, Floor 1, Room 1",2021-09-11,yellow,24.56,green,96.0
266,355,"House 1, Floor 1, Room 1",2021-09-12,yellow,25.02,green,97.0
267,355,"House 1, Floor 1, Room 1",2021-09-13,yellow,24.32,green,98.0
268,355,"House 1, Floor 1, Room 1",2021-09-14,yellow,24.18,green,98.0
269,355,"House 1, Floor 1, Room 1",2021-09-15,yellow,22.33,green,96.0
270,355,"House 1, Floor 1, Room 1",2021-09-16,yellow,22.71,green,97.0
271,355,"House 1, Floor 1, Room 1",2021-09-17,yellow,24.74,green,95.0
272,355,"House 1, Floor 1, Room 1",2021-09-18,red,23.86,green,96.0
273,355,"House 1, Floor 1, Room 1",2021-09-19,red,24.95,green,97.0
274,355,"House 1, Floor 1, Room 1",2021-09-20,red,24.45,green,96.0
275,355,"House 1, Floor 1, Room 1",2021-09-21,green,20.52,green,95.0
276,355,"House 1, Floor 1, Room 1",2021-09-22,green,20.33,green,94.0
277,355,"House 1, Floor 1, Room 1",2021-09-23,green,20.35,green,97.0
278,355,"House 1, Floor 1, Room 1",2021-09-24,yellow,21.71,green,97.0
279,355,"House 1, Floor 1, Room 1",2021-09-25,green,20.38,green,93.0
280,355,"House 1, Floor 1, Room 1",2021-09-26,yellow,23.13,green,95.0
281,355,"House 1, Floor 1, Room 1",2021-09-27,red,24.29,green,98.0
282,355,"House 1, Floor 1, Room 1",2021-09-28,red,22.85,green,98.0
283,355,"House 1, Floor 1, Room 1",2021-09-29,yellow,24.06,green,98.0
284,355,"House 1, Floor 1, Room 1",2021-09-30,red,23.77,green,98.0
285,355,"House 1, Floor 1, Room 1",2021-10-01,yellow,22.99,green,98.0
286,355,"House 1, Floor 1, Room 1",2021-10-02,green,21.73,green,97.0
287,355,"House 1, Floor 1, Room 1",2021-10-03,green,21.5,green,99.0
288,355,"House 1, Floor 1, Room 1",2021-10-04,green,22.83,green,99.0
289,355,"House 1, Floor 1, Room 1",2021-10-05,green,20.2,green,97.0
290,355,"House 1, Floor 1, Room 1",2021-10-06,green,20.13,green,98.0
291,355,"House 1, Floor 1, Room 1",2021-10-07,green,20.48,green,94.0
292,355,"House 1, Floor 1, Room 1",2021-10-08,yellow,21.5,green,97.0
293,355,"House 1, Floor 1, Room 1",2021-10-09,green,22.85,green,98.0
294,355,"House 1, Floor 1, Room 1",2021-10-10,green,22.95,green,99.0
295,355,"House 1, Floor 1, Room 1",2021-10-11,green,19.97,green,98.0
296,355,"House 1, Floor 1, Room 1",2021-10-12,green,19.78,green,98.0
297,355,"House 1, Floor 1, Room 1",2021-10-13,green,20.47,green,97.0
298,355,"House 1, Floor 1, Room 1",2021-10-14,green,19.76,green,99.0
299,355,"House 1, Floor 1, Room 1",2021-10-15,green,19.15,green,99.0
300,355,"House 1, Floor 1, Room 1",2021-10-16,green,19.7,green,98.0
301,355,"House 1, Floor 1, Room 1",2021-10-17,green,20.25,green,94.0
302,355,"House 1, Floor 1, Room 1",2021-10-18,yellow,20.79,green,85.0
303,355,"House 1, Floor 1, Room 1",2021-10-19,green,20.63,green,97.0
304,355,"House 1, Floor 1, Room 1",2021-10-20,green,20.94,green,98.0
305,355,"House 1, Floor 1, Room 1",2021-10-21,green,19.74,green,96.0
306,355,"House 1, Floor 1, Room 1",2021-10-22,green,19.57,green,97.0
307,355,"House 1, Floor 1, Room 1",2021-10-23,green,19.69,green,98.0
308,355,"House 1, Floor 1, Room 1",2021-10-24,green,19.11,green,97.0
309,355,"House 1, Floor 1, Room 1",2021-10-25,green,19.33,green,98.0
310,355,"House 1, Floor 1, Room 1",2021-10-26,green,19.29,green,97.0
311,355,"House 1, Floor 1, Room 1",2021-10-27,green,19.14,green,96.0
312,355,"House 1, Floor 1, Room 1",2021-10-28,green,18.9,green,97.0
313,355,"House 1, Floor 1, Room 1",2021-10-29,green,19.02,green,96.0
314,355,"House 1, Floor 1, Room 1",2021-10-30,green,19.27,green,98.0
315,355,"House 1, Floor 1, Room 1",2021-10-31,green,18.83,green,91.0
316,355,"House 1, Floor 1, Room 1",2021-11-01,green,18.79,green,96.0
317,355,"House 1, Floor 1, Room 1",2021-11-02,yellow,18.89,green,95.0
318,355,"House 1, Floor 1, Room 1",2021-11-03,green,18.6,green,94.0
319,355,"House 1, Floor 1, Room 1",2021-11-04,yellow,18.65,green,94.0
320,355,"House 1, Floor 1, Room 1",2021-11-05,red,18.47,green,93.0
321,355,"House 1, Floor 1, Room 1",2021-11-06,green,19.08,green,92.0
322,355,"House 1, Floor 1, Room 1",2021-11-07,green,19.32,green,97.0
323,355,"House 1, Floor 1, Room 1",2021-11-08,green,19.16,green,97.0
324,355,"House 1, Floor 1, Room 1",2021-11-09,green,19.12,green,98.0
325,355,"House 1, Floor 1, Room 1",2021-11-10,green,18.68,green,95.0
326,355,"House 1, Floor 1, Room 1",2021-11-11,green,18.8,green,91.0
327,355,"House 1, Floor 1, Room 1",2021-11-12,green,19.1,green,80.0
328,355,"House 1, Floor 1, Room 1",2021-11-13,green,18.22,green,86.0
329,355,"House 1, Floor 1, Room 1",2021-11-14,green,18.43,green,80.0
330,355,"House 1, Floor 1, Room 1",2021-11-15,green,17.67,green,71.0
331,355,"House 1, Floor 1, Room 1",2021-11-16,green,17.32,green,72.0
332,355,"House 1, Floor 1, Room 1",2021-11-17,green,17.44,green,80.0
333,355,"House 1, Floor 1, Room 1",2021-11-18,red,14.87,green,90.0
334,355,"House 1, Floor 1, Room 1",2021-11-19,green,15.24,green,97.0
335,355,"House 1, Floor 1, Room 1",2021-11-20,green,15.51,green,90.0
336,355,"House 1, Floor 1, Room 1",2021-11-21,green,15.89,green,91.0
359,355,"House 1, Floor 1, Room 1",2021-11-22,blue,,blue,
360,355,"House 1, Floor 1, Room 1",2021-11-23,blue,,blue,
361,355,"House 1, Floor 1, Room 1",2021-11-24,blue,,blue,
362,355,"House 1, Floor 1, Room 1",2021-11-25,blue,,blue,
363,355,"House 1, Floor 1, Room 1",2021-11-26,blue,,blue,
364,355,"House 1, Floor 1, Room 1",2021-11-27,blue,,blue,
365,355,"House 1, Floor 1, Room 1",2021-11-28,blue,,blue,
337,355,"House 1, Floor 1, Room 1",2021-11-29,green,29.61,blue,
338,355,"House 1, Floor 1, Room 1",2021-11-30,green,29.07,green,96.0
339,355,"House 1, Floor 1, Room 1",2021-12-01,green,28.8,green,92.0
340,355,"House 1, Floor 1, Room 1",2021-12-02,yellow,28.92,green,90.0
341,355,"House 1, Floor 1, Room 1",2021-12-03,yellow,29.07,green,93.0
342,355,"House 1, Floor 1, Room 1",2021-12-04,yellow,29.2,green,93.0
343,355,"House 1, Floor 1, Room 1",2021-12-05,yellow,29.16,green,90.0
344,355,"House 1, Floor 1, Room 1",2021-12-06,yellow,29.79,green,95.0
345,355,"House 1, Floor 1, Room 1",2021-12-07,yellow,29.66,green,96.0
346,355,"House 1, Floor 1, Room 1",2021-12-08,yellow,29.23,green,94.0
347,355,"House 1, Floor 1, Room 1",2021-12-09,yellow,28.71,green,94.0
348,355,"House 1, Floor 1, Room 1",2021-12-10,yellow,28.77,green,96.0
349,355,"House 1, Floor 1, Room 1",2021-12-11,yellow,28.7,green,96.0
350,355,"House 1, Floor 1, Room 1",2021-12-12,yellow,28.5,green,96.0
351,355,"House 1, Floor 1, Room 1",2021-12-13,yellow,27.84,green,97.0
352,355,"House 1, Floor 1, Room 1",2021-12-14,green,27.22,green,96.0
353,355,"House 1, Floor 1, Room 1",2021-12-15,green,26.52,green,95.0
354,355,"House 1, Floor 1, Room 1",2021-12-16,red,26.74,green,95.0
355,355,"House 1, Floor 1, Room 1",2021-12-17,green,26.78,green,94.0
356,355,"House 1, Floor 1, Room 1",2021-12-18,yellow,26.46,green,95.0
357,355,"House 1, Floor 1, Room 1",2021-12-19,green,26.23,green,95.0
358,355,"House 1, Floor 1, Room 1",2021-12-20,yellow,26.23,green,
366,355,"House 1, Floor 1, Room 1",2021-12-20,yellow,25.81,green,95.0
367,355,"House 1, Floor 1, Room 1",2021-12-21,green,25.46,green,96.0
368,355,"House 1, Floor 1, Room 1",2021-12-22,green,25.5,green,96.0
369,355,"House 1, Floor 1, Room 1",2021-12-23,green,24.95,green,95.0
370,355,"House 1, Floor 1, Room 1",2021-12-24,green,25.2,green,92.0
371,355,"House 1, Floor 1, Room 1",2021-12-25,yellow,25.43,green,82.0
372,355,"House 1, Floor 1, Room 1",2021-12-26,green,24.42,green,96.0
373,355,"House 1, Floor 1, Room 1",2021-12-27,yellow,24.71,green,89.0
374,355,"House 1, Floor 1, Room 1",2021-12-28,green,23.78,green,88.0
375,355,"House 1, Floor 1, Room 1",2021-12-29,green,23.7,green,91.0
376,355,"House 1, Floor 1, Room 1",2021-12-30,green,23.83,green,90.0
377,355,"House 1, Floor 1, Room 1",2021-12-31,green,24.13,green,92.0
378,355,"House 1, Floor 1, Room 1",2022-01-01,yellow,23.65,green,92.0
379,355,"House 1, Floor 1, Room 1",2022-01-02,yellow,23.09,green,94.0
380,355,"House 1, Floor 1, Room 1",2022-01-03,yellow,23.21,green,84.0
381,355,"House 1, Floor 1, Room 1",2022-01-04,yellow,22.72,green,86.0
382,355,"House 1, Floor 1, Room 1",2022-01-05,green,23.33,green,88.0
383,355,"House 1, Floor 1, Room 1",2022-01-06,green,23.46,green,87.0
384,355,"House 1, Floor 1, Room 1",2022-01-07,green,23.25,green,87.0
385,355,"House 1, Floor 1, Room 1",2022-01-08,green,22.22,green,93.0
386,355,"House 1, Floor 1, Room 1",2022-01-09,green,24.11,green,92.0
387,355,"House 1, Floor 1, Room 1",2022-01-10,green,23.86,green,92.0
388,355,"House 1, Floor 1, Room 1",2022-01-11,green,23.33,green,93.0
389,355,"House 1, Floor 1, Room 1",2022-01-12,green,23.5,green,74.0
390,355,"House 1, Floor 1, Room 1",2022-01-13,green,23.28,yellow,47.0
391,355,"House 1, Floor 1, Room 1",2022-01-14,green,22.98,yellow,47.0
392,355,"House 1, Floor 1, Room 1",2022-01-15,yellow,22.71,yellow,52.0
393,355,"House 1, Floor 1, Room 1",2022-01-16,green,22.57,green,68.0
394,355,"House 1, Floor 1, Room 1",2022-01-17,green,23.21,green,72.0
395,355,"House 1, Floor 1, Room 1",2022-01-18,green,22.95,yellow,55.0
396,355,"House 1, Floor 1, Room 1",2022-01-19,green,23.17,green,76.0
397,355,"House 1, Floor 1, Room 1",2022-01-20,yellow,22.16,green,82.0
398,355,"House 1, Floor 1, Room 1",2022-01-21,yellow,21.98,green,78.0
399,355,"House 1, Floor 1, Room 1",2022-01-22,yellow,22.88,green,77.0
400,355,"House 1, Floor 1, Room 1",2022-01-23,yellow,22.95,green,73.0
401,355,"House 1, Floor 1, Room 1",2022-01-24,green,22.99,green,71.0
402,355,"House 1, Floor 1, Room 1",2022-01-25,green,22.56,green,69.0
403,355,"House 1, Floor 1, Room 1",2022-01-26,green,22.21,green,67.0
404,355,"House 1, Floor 1, Room 1",2022-01-27,green,22.72,green,73.0
405,355,"House 1, Floor 1, Room 1",2022-01-28,yellow,22.56,yellow,55.0
406,355,"House 1, Floor 1, Room 1",2022-01-29,green,22.42,yellow,56.0
407,355,"House 1, Floor 1, Room 1",2022-01-30,green,22.8,yellow,55.0
408,355,"House 1, Floor 1, Room 1",2022-01-31,green,22.57,green,74.0
409,355,"House 1, Floor 1, Room 1",2022-02-01,green,22.63,green,77.0
410,355,"House 1, Floor 1, Room 1",2022-02-02,red,22.01,green,68.0
411,355,"House 1, Floor 1, Room 1",2022-02-03,red,20.76,green,78.0
412,355,"House 1, Floor 1, Room 1",2022-02-04,yellow,21.29,green,83.0
413,355,"House 1, Floor 1, Room 1",2022-02-05,red,20.62,green,84.0
414,355,"House 1, Floor 1, Room 1",2022-02-06,green,22.13,green,79.0
415,355,"House 1, Floor 1, Room 1",2022-02-07,yellow,22.04,green,77.0
416,355,"House 1, Floor 1, Room 1",2022-02-08,green,22.2,green,77.0
417,355,"House 1, Floor 1, Room 1",2022-02-09,green,22.29,green,74.0
418,355,"House 1, Floor 1, Room 1",2022-02-10,green,22.35,green,77.0
419,355,"House 1, Floor 1, Room 1",2022-02-11,green,22.36,green,84.0
420,355,"House 1, Floor 1, Room 1",2022-02-12,green,22.29,green,79.0
421,355,"House 1, Floor 1, Room 1",2022-02-13,green,21.94,green,75.0
422,355,"House 1, Floor 1, Room 1",2022-02-14,green,21.96,green,75.0
423,355,"House 1, Floor 1, Room 1",2022-02-15,green,21.82,green,75.0
424,355,"House 1, Floor 1, Room 1",2022-02-16,green,22.33,green,83.0
425,355,"House 1, Floor 1, Room 1",2022-02-17,green,22.07,green,75.0
426,355,"House 1, Floor 1, Room 1",2022-02-18,green,21.58,green,67.0
427,355,"House 1, Floor 1, Room 1",2022-02-19,green,21.98,green,64.0
428,355,"House 1, Floor 1, Room 1",2022-02-20,green,21.49,green,83.0
429,355,"House 1, Floor 1, Room 1",2022-02-21,green,22.03,green,85.0
430,355,"House 1, Floor 1, Room 1",2022-02-22,green,22.26,green,86.0
431,355,"House 1, Floor 1, Room 1",2022-02-23,green,21.92,green,67.0
432,355,"House 1, Floor 1, Room 1",2022-02-24,green,21.64,green,72.0
433,355,"House 1, Floor 1, Room 1",2022-02-25,green,21.71,green,74.0
434,355,"House 1, Floor 1, Room 1",2022-02-26,green,21.51,green,69.0
435,355,"House 1, Floor 1, Room 1",2022-02-27,green,21.75,green,77.0
436,355,"House 1, Floor 1, Room 1",2022-02-28,green,21.6,green,83.0
437,355,"House 1, Floor 1, Room 1",2022-03-01,green,22.01,green,87.0
438,355,"House 1, Floor 1, Room 1",2022-03-02,green,21.81,green,84.0
439,355,"House 1, Floor 1, Room 1",2022-03-03,green,21.21,green,87.0
440,355,"House 1, Floor 1, Room 1",2022-03-04,green,21.3,green,83.0
441,355,"House 1, Floor 1, Room 1",2022-03-05,yellow,21.97,green,93.0
442,355,"House 1, Floor 1, Room 1",2022-03-06,green,21.64,green,92.0
443,355,"House 1, Floor 1, Room 1",2022-03-07,green,21.37,green,69.0
444,355,"House 1, Floor 1, Room 1",2022-03-08,green,21.16,green,73.0
445,355,"House 1, Floor 1, Room 1",2022-03-09,green,21.23,green,75.0
446,355,"House 1, Floor 1, Room 1",2022-03-10,green,21.12,green,76.0
447,355,"House 1, Floor 1, Room 1",2022-03-11,green,21.56,green,75.0
448,355,"House 1, Floor 1, Room 1",2022-03-12,green,21.41,green,75.0
449,355,"House 1, Floor 1, Room 1",2022-03-13,green,21.11,green,78.0
450,355,"House 1, Floor 1, Room 1",2022-03-14,yellow,21.48,green,86.0
451,355,"House 1, Floor 1, Room 1",2022-03-15,yellow,21.57,green,89.0
452,355,"House 1, Floor 1, Room 1",2022-03-16,yellow,21.63,green,88.0
453,355,"House 1, Floor 1, Room 1",2022-03-17,yellow,21.21,green,94.0
454,355,"House 1, Floor 1, Room 1",2022-03-18,green,21.12,green,92.0
455,355,"House 1, Floor 1, Room 1",2022-03-19,green,21.3,green,85.0
456,355,"House 1, Floor 1, Room 1",2022-03-20,yellow,21.31,green,91.0
457,355,"House 1, Floor 1, Room 1",2022-03-21,green,21.53,green,93.0
458,355,"House 1, Floor 1, Room 1",2022-03-22,green,20.69,green,97.0
459,355,"House 1, Floor 1, Room 1",2022-03-23,green,20.79,green,97.0
460,355,"House 1, Floor 1, Room 1",2022-03-24,green,21.24,green,95.0
461,355,"House 1, Floor 1, Room 1",2022-03-25,yellow,21.37,green,97.0
462,355,"House 1, Floor 1, Room 1",2022-03-26,green,21.46,green,94.0
463,355,"House 1, Floor 1, Room 1",2022-03-27,green,20.69,green,93.0
464,355,"House 1, Floor 1, Room 1",2022-03-28,green,20.8,green,94.0
465,355,"House 1, Floor 1, Room 1",2022-03-29,green,20.77,green,94.0
466,355,"House 1, Floor 1, Room 1",2022-03-30,green,20.6,green,98.0
467,355,"House 1, Floor 1, Room 1",2022-03-31,green,21.05,green,97.0
468,355,"House 1, Floor 1, Room 1",2022-04-01,green,20.71,green,97.0
630,356,"House 1, Floor 1, Room 2",2020-12-21,green,,blue,
631,356,"House 1, Floor 1, Room 2",2020-12-22,green,,blue,
632,356,"House 1, Floor 1, Room 2",2020-12-23,green,,blue,
633,356,"House 1, Floor 1, Room 2",2020-12-24,blue,,blue,
634,356,"House 1, Floor 1, Room 2",2020-12-25,blue,,blue,
635,356,"House 1, Floor 1, Room 2",2020-12-26,blue,,blue,
636,356,"House 1, Floor 1, Room 2",2020-12-27,blue,,blue,
637,356,"House 1, Floor 1, Room 2",2020-12-28,blue,,blue,
638,356,"House 1, Floor 1, Room 2",2020-12-29,blue,,blue,
639,356,"House 1, Floor 1, Room 2",2020-12-30,blue,,blue,
640,356,"House 1, Floor 1, Room 2",2020-12-31,blue,,blue,
641,356,"House 1, Floor 1, Room 2",2021-01-01,blue,,blue,
642,356,"House 1, Floor 1, Room 2",2021-01-02,blue,,blue,
643,356,"House 1, Floor 1, Room 2",2021-01-03,blue,,blue,
644,356,"House 1, Floor 1, Room 2",2021-01-04,blue,,blue,
469,356,"House 1, Floor 1, Room 2",2021-01-05,yellow,32.73,green,
470,356,"House 1, Floor 1, Room 2",2021-01-06,green,32.39,green,96.0
471,356,"House 1, Floor 1, Room 2",2021-01-07,green,31.87,green,98.0
472,356,"House 1, Floor 1, Room 2",2021-01-08,green,31.19,green,98.0
473,356,"House 1, Floor 1, Room 2",2021-01-09,yellow,30.97,green,93.0
474,356,"House 1, Floor 1, Room 2",2021-01-10,green,30.83,green,98.0
475,356,"House 1, Floor 1, Room 2",2021-01-11,yellow,30.9,green,98.0
476,356,"House 1, Floor 1, Room 2",2021-01-12,green,30.86,green,97.0
477,356,"House 1, Floor 1, Room 2",2021-01-13,yellow,30.53,green,95.0
478,356,"House 1, Floor 1, Room 2",2021-01-14,yellow,30.31,green,97.0
479,356,"House 1, Floor 1, Room 2",2021-01-15,green,30.26,green,99.0
480,356,"House 1, Floor 1, Room 2",2021-01-16,yellow,30.14,green,98.0
481,356,"House 1, Floor 1, Room 2",2021-01-17,yellow,29.9,green,98.0
482,356,"House 1, Floor 1, Room 2",2021-01-18,yellow,29.63,green,99.0
483,356,"House 1, Floor 1, Room 2",2021-01-19,green,29.34,green,99.0
484,356,"House 1, Floor 1, Room 2",2021-01-20,yellow,29.22,green,98.0
485,356,"House 1, Floor 1, Room 2",2021-01-21,green,28.3,green,99.0
486,356,"House 1, Floor 1, Room 2",2021-01-22,green,28.2,green,99.0
487,356,"House 1, Floor 1, Room 2",2021-01-23,yellow,27.77,green,97.0
488,356,"House 1, Floor 1, Room 2",2021-01-24,yellow,26.7,green,99.0
489,356,"House 1, Floor 1, Room 2",2021-01-25,yellow,26.39,green,98.0
490,356,"House 1, Floor 1, Room 2",2021-01-26,yellow,25.91,green,99.0
491,356,"House 1, Floor 1, Room 2",2021-01-27,yellow,26.25,green,99.0
492,356,"House 1, Floor 1, Room 2",2021-01-28,yellow,25.78,green,99.0
493,356,"House 1, Floor 1, Room 2",2021-01-29,yellow,25.19,green,99.0
494,356,"House 1, Floor 1, Room 2",2021-01-30,yellow,23.47,green,99.0
495,356,"House 1, Floor 1, Room 2",2021-01-31,green,24.86,green,98.0
496,356,"House 1, Floor 1, Room 2",2021-02-01,yellow,24.07,green,99.0
497,356,"House 1, Floor 1, Room 2",2021-02-02,green,24.79,green,98.0
498,356,"House 1, Floor 1, Room 2",2021-02-03,green,24.1,green,99.0
499,356,"House 1, Floor 1, Room 2",2021-02-04,green,23.19,green,98.0
500,356,"House 1, Floor 1, Room 2",2021-02-05,yellow,23.03,green,99.0
501,356,"House 1, Floor 1, Room 2",2021-02-06,yellow,22.03,green,96.0
502,356,"House 1, Floor 1, Room 2",2021-02-07,green,24.15,green,99.0
503,356,"House 1, Floor 1, Room 2",2021-02-08,green,24.75,green,97.0
504,356,"House 1, Floor 1, Room 2",2021-02-09,green,23.34,green,97.0
505,356,"House 1, Floor 1, Room 2",2021-02-10,green,22.33,green,98.0
506,356,"House 1, Floor 1, Room 2",2021-02-11,green,23.17,green,96.0
507,356,"House 1, Floor 1, Room 2",2021-02-12,green,22.81,green,97.0
508,356,"House 1, Floor 1, Room 2",2021-02-13,green,22.74,green,98.0
509,356,"House 1, Floor 1, Room 2",2021-02-14,green,22.77,green,96.0
510,356,"House 1, Floor 1, Room 2",2021-02-15,green,22.99,green,97.0
511,356,"House 1, Floor 1, Room 2",2021-02-16,green,22.8,green,95.0
512,356,"House 1, Floor 1, Room 2",2021-02-17,green,22.81,green,97.0
513,356,"House 1, Floor 1, Room 2",2021-02-18,green,22.65,green,96.0
514,356,"House 1, Floor 1, Room 2",2021-02-19,yellow,22.17,green,97.0
515,356,"House 1, Floor 1, Room 2",2021-02-20,green,22.95,green,97.0
516,356,"House 1, Floor 1, Room 2",2021-02-21,green,23.72,green,96.0
517,356,"House 1, Floor 1, Room 2",2021-02-22,green,24.71,green,99.0
518,356,"House 1, Floor 1, Room 2",2021-02-23,green,24.21,green,99.0
519,356,"House 1, Floor 1, Room 2",2021-02-24,yellow,24.17,green,97.0
520,356,"House 1, Floor 1, Room 2",2021-02-25,green,23.27,green,97.0
521,356,"House 1, Floor 1, Room 2",2021-02-26,green,23.35,green,98.0
522,356,"House 1, Floor 1, Room 2",2021-02-27,green,24.01,green,99.0
523,356,"House 1, Floor 1, Room 2",2021-02-28,green,24.8,green,93.0
524,356,"House 1, Floor 1, Room 2",2021-03-01,green,24.07,green,96.0
525,356,"House 1, Floor 1, Room 2",2021-03-02,yellow,23.85,green,98.0
526,356,"House 1, Floor 1, Room 2",2021-03-03,green,24.94,green,99.0
527,356,"House 1, Floor 1, Room 2",2021-03-04,green,24.3,green,99.0
528,356,"House 1, Floor 1, Room 2",2021-03-05,green,24.57,green,98.0
529,356,"House 1, Floor 1, Room 2",2021-03-06,green,24.7,green,98.0
530,356,"House 1, Floor 1, Room 2",2021-03-07,green,24.63,green,96.0
531,356,"House 1, Floor 1, Room 2",2021-03-08,green,24.84,green,99.0
532,356,"House 1, Floor 1, Room 2",2021-03-09,green,24.68,green,99.0
533,356,"House 1, Floor 1, Room 2",2021-03-10,green,24.93,green,99.0
534,356,"House 1, Floor 1, Room 2",2021-03-11,green,24.83,green,98.0
535,356,"House 1, Floor 1, Room 2",2021-03-12,green,24.65,green,98.0
536,356,"House 1, Floor 1, Room 2",2021-03-13,green,24.56,green,97.0
537,356,"House 1, Floor 1, Room 2",2021-03-14,green,24.03,green,97.0
538,356,"House 1, Floor 1, Room 2",2021-03-15,yellow,20.81,green,98.0
539,356,"House 1, Floor 1, Room 2",2021-03-16,blue,18.55,blue,
645,356,"House 1, Floor 1, Room 2",2021-03-17,blue,,blue,
540,356,"House 1, Floor 1, Room 2",2021-03-18,red,16.0,blue,
541,356,"House 1, Floor 1, Room 2",2021-03-19,yellow,17.49,green,99.0
542,356,"House 1, Floor 1, Room 2",2021-03-20,green,17.09,green,97.0
543,356,"House 1, Floor 1, Room 2",2021-03-21,yellow,19.11,green,99.0
544,356,"House 1, Floor 1, Room 2",2021-03-22,green,27.19,green,96.0
545,356,"House 1, Floor 1, Room 2",2021-03-23,yellow,28.81,green,81.0
546,356,"House 1, Floor 1, Room 2",2021-03-24,yellow,29.88,green,89.0
547,356,"House 1, Floor 1, Room 2",2021-03-25,yellow,30.99,green,78.0
548,356,"House 1, Floor 1, Room 2",2021-03-26,green,30.71,green,72.0
549,356,"House 1, Floor 1, Room 2",2021-03-27,green,30.62,green,87.0
550,356,"House 1, Floor 1, Room 2",2021-03-28,yellow,31.31,green,88.0
551,356,"House 1, Floor 1, Room 2",2021-03-29,yellow,30.84,green,74.0
552,356,"House 1, Floor 1, Room 2",2021-03-30,yellow,30.3,green,64.0
553,356,"House 1, Floor 1, Room 2",2021-03-31,yellow,31.17,green,75.0
554,356,"House 1, Floor 1, Room 2",2021-04-01,yellow,30.79,green,80.0
555,356,"House 1, Floor 1, Room 2",2021-04-02,yellow,30.78,green,82.0
556,356,"House 1, Floor 1, Room 2",2021-04-03,green,29.95,green,80.0
557,356,"House 1, Floor 1, Room 2",2021-04-04,green,29.41,green,80.0
558,356,"House 1, Floor 1, Room 2",2021-04-05,green,29.17,green,77.0
559,356,"House 1, Floor 1, Room 2",2021-04-06,green,29.09,green,77.0
560,356,"House 1, Floor 1, Room 2",2021-04-07,green,28.44,green,79.0
561,356,"House 1, Floor 1, Room 2",2021-04-08,green,28.24,green,82.0
562,356,"House 1, Floor 1, Room 2",2021-04-09,green,27.84,green,87.0
563,356,"House 1, Floor 1, Room 2",2021-04-10,green,27.04,green,83.0
564,356,"House 1, Floor 1, Room 2",2021-04-11,green,26.89,green,86.0
565,356,"House 1, Floor 1, Room 2",2021-04-12,yellow,26.93,green,88.0
566,356,"House 1, Floor 1, Room 2",2021-04-13,green,27.03,green,93.0
567,356,"House 1, Floor 1, Room 2",2021-04-14,yellow,26.6,green,89.0
568,356,"House 1, Floor 1, Room 2",2021-04-15,green,25.6,green,83.0
569,356,"House 1, Floor 1, Room 2",2021-04-16,green,25.95,green,77.0
570,356,"House 1, Floor 1, Room 2",2021-04-17,green,25.7,green,76.0
571,356,"House 1, Floor 1, Room 2",2021-04-18,green,25.78,green,77.0
572,356,"House 1, Floor 1, Room 2",2021-04-19,yellow,24.4,green,79.0
573,356,"House 1, Floor 1, Room 2",2021-04-20,yellow,24.41,green,80.0
574,356,"House 1, Floor 1, Room 2",2021-04-21,yellow,24.94,green,80.0
575,356,"House 1, Floor 1, Room 2",2021-04-22,green,25.55,green,71.0
576,356,"House 1, Floor 1, Room 2",2021-04-23,green,24.58,green,76.0
577,356,"House 1, Floor 1, Room 2",2021-04-24,green,24.9,green,85.0
578,356,"House 1, Floor 1, Room 2",2021-04-25,green,23.8,green,75.0
579,356,"House 1, Floor 1, Room 2",2021-04-26,green,25.24,green,78.0
580,356,"House 1, Floor 1, Room 2",2021-04-27,green,26.79,green,92.0
581,356,"House 1, Floor 1, Room 2",2021-04-28,green,24.79,green,88.0
582,356,"House 1, Floor 1, Room 2",2021-04-29,green,24.31,green,73.0
583,356,"House 1, Floor 1, Room 2",2021-04-30,green,24.65,green,66.0
584,356,"House 1, Floor 1, Room 2",2021-05-01,yellow,25.63,green,81.0
585,356,"House 1, Floor 1, Room 2",2021-05-02,green,25.66,green,82.0
586,356,"House 1, Floor 1, Room 2",2021-05-03,green,24.19,green,86.0
587,356,"House 1, Floor 1, Room 2",2021-05-04,green,24.1,green,82.0
588,356,"House 1, Floor 1, Room 2",2021-05-05,green,24.34,green,78.0
589,356,"House 1, Floor 1, Room 2",2021-05-06,green,23.82,green,74.0
590,356,"House 1, Floor 1, Room 2",2021-05-07,green,23.41,green,76.0
646,356,"House 1, Floor 1, Room 2",2021-05-08,green,,green,75.0
647,356,"House 1, Floor 1, Room 2",2021-05-09,green,,green,85.0
591,356,"House 1, Floor 1, Room 2",2021-05-10,green,23.86,green,92.0
592,356,"House 1, Floor 1, Room 2",2021-05-11,green,23.35,green,92.0
593,356,"House 1, Floor 1, Room 2",2021-05-12,green,23.72,green,90.0
594,356,"House 1, Floor 1, Room 2",2021-05-13,green,24.05,green,87.0
595,356,"House 1, Floor 1, Room 2",2021-05-14,green,24.03,green,87.0
596,356,"House 1, Floor 1, Room 2",2021-05-15,green,23.77,green,91.0
597,356,"House 1, Floor 1, Room 2",2021-05-16,green,23.82,green,94.0
598,356,"House 1, Floor 1, Room 2",2021-05-17,green,23.05,green,97.0
599,356,"House 1, Floor 1, Room 2",2021-05-18,green,23.59,green,96.0
600,356,"House 1, Floor 1, Room 2",2021-05-19,blue,24.69,green,96.0
601,356,"House 1, Floor 1, Room 2",2021-05-20,green,25.56,green,97.0
602,356,"House 1, Floor 1, Room 2",2021-05-21,green,24.18,green,95.0
603,356,"House 1, Floor 1, Room 2",2021-05-22,green,25.34,green,96.0
604,356,"House 1, Floor 1, Room 2",2021-05-23,yellow,25.58,green,96.0
605,356,"House 1, Floor 1, Room 2",2021-05-24,green,27.07,green,97.0
606,356,"House 1, Floor 1, Room 2",2021-05-25,green,24.78,green,99.0
607,356,"House 1, Floor 1, Room 2",2021-05-26,green,25.65,green,98.0
608,356,"House 1, Floor 1, Room 2",2021-05-27,blue,22.78,blue,
648,356,"House 1, Floor 1, Room 2",2021-05-28,blue,,blue,
649,356,"House 1, Floor 1, Room 2",2021-05-29,blue,,blue,
650,356,"House 1, Floor 1, Room 2",2021-05-30,blue,,blue,
651,356,"House 1, Floor 1, Room 2",2021-05-31,blue,,blue,
609,356,"House 1, Floor 1, Room 2",2021-06-01,green,21.52,blue,
610,356,"House 1, Floor 1, Room 2",2021-06-02,green,27.45,green,98.0
611,356,"House 1, Floor 1, Room 2",2021-06-03,green,30.33,green,79.0
612,356,"House 1, Floor 1, Room 2",2021-06-04,green,30.32,green,71.0
613,356,"House 1, Floor 1, Room 2",2021-06-05,green,30.51,green,67.0
614,356,"House 1, Floor 1, Room 2",2021-06-06,green,29.97,red,53.0
615,356,"House 1, Floor 1, Room 2",2021-06-07,green,29.73,green,73.0
616,356,"House 1, Floor 1, Room 2",2021-06-08,green,30.09,green,86.0
617,356,"House 1, Floor 1, Room 2",2021-06-09,green,30.69,green,86.0
618,356,"House 1, Floor 1, Room 2",2021-06-10,green,30.87,green,84.0
619,356,"House 1, Floor 1, Room 2",2021-06-11,green,31.16,green,89.0
620,356,"House 1, Floor 1, Room 2",2021-06-12,green,30.96,green,86.0
621,356,"House 1, Floor 1, Room 2",2021-06-13,green,30.2,green,78.0
622,356,"House 1, Floor 1, Room 2",2021-06-14,green,29.55,green,79.0
623,356,"House 1, Floor 1, Room 2",2021-06-15,green,29.58,green,80.0
624,356,"House 1, Floor 1, Room 2",2021-06-16,green,29.02,green,86.0
625,356,"House 1, Floor 1, Room 2",2021-06-17,green,29.39,green,89.0
626,356,"House 1, Floor 1, Room 2",2021-06-18,green,29.62,green,98.0
627,356,"House 1, Floor 1, Room 2",2021-06-19,green,29.11,green,91.0
628,356,"House 1, Floor 1, Room 2",2021-06-20,green,28.37,green,91.0
629,356,"House 1, Floor 1, Room 2",2021-06-21,green,28.37,green,
652,356,"House 1, Floor 1, Room 2",2021-06-21,green,27.35,green,92.0
653,356,"House 1, Floor 1, Room 2",2021-06-22,green,26.94,green,85.0
654,356,"House 1, Floor 1, Room 2",2021-06-23,green,27.22,green,86.0
655,356,"House 1, Floor 1, Room 2",2021-06-24,green,27.37,green,87.0
656,356,"House 1, Floor 1, Room 2",2021-06-25,green,26.96,green,85.0
657,356,"House 1, Floor 1, Room 2",2021-06-26,green,26.49,green,87.0
658,356,"House 1, Floor 1, Room 2",2021-06-27,green,26.48,green,99.0
659,356,"House 1, Floor 1, Room 2",2021-06-28,green,26.17,green,97.0
660,356,"House 1, Floor 1, Room 2",2021-06-29,green,26.61,green,99.0
661,356,"House 1, Floor 1, Room 2",2021-06-30,green,26.36,green,97.0
662,356,"House 1, Floor 1, Room 2",2021-07-01,green,26.03,green,96.0
663,356,"House 1, Floor 1, Room 2",2021-07-02,green,25.49,green,85.0
664,356,"House 1, Floor 1, Room 2",2021-07-03,blue,25.88,green,88.0
665,356,"House 1, Floor 1, Room 2",2021-07-04,blue,26.64,green,96.0
666,356,"House 1, Floor 1, Room 2",2021-07-05,blue,27.34,green,98.0
667,356,"House 1, Floor 1, Room 2",2021-07-06,blue,27.11,green,99.0
668,356,"House 1, Floor 1, Room 2",2021-07-07,green,26.28,green,99.0
669,356,"House 1, Floor 1, Room 2",2021-07-08,green,23.75,green,95.0
670,356,"House 1, Floor 1, Room 2",2021-07-09,green,23.84,green,89.0
671,356,"House 1, Floor 1, Room 2",2021-07-10,green,22.96,green,93.0
672,356,"House 1, Floor 1, Room 2",2021-07-11,green,22.92,green,95.0
673,356,"House 1, Floor 1, Room 2",2021-07-12,green,23.41,green,96.0
674,356,"House 1, Floor 1, Room 2",2021-07-13,green,24.63,green,99.0
675,356,"House 1, Floor 1, Room 2",2021-07-14,green,25.69,green,98.0
676,356,"House 1, Floor 1, Room 2",2021-07-15,green,23.99,green,99.0
677,356,"House 1, Floor 1, Room 2",2021-07-16,green,23.65,green,98.0
678,356,"House 1, Floor 1, Room 2",2021-07-17,green,23.93,green,95.0
679,356,"House 1, Floor 1, Room 2",2021-07-18,green,24.31,green,99.0
680,356,"House 1, Floor 1, Room 2",2021-07-19,green,24.59,green,98.0
681,356,"House 1, Floor 1, Room 2",2021-07-20,yellow,25.27,green,97.0
682,356,"House 1, Floor 1, Room 2",2021-07-21,green,25.02,green,98.0
683,356,"House 1, Floor 1, Room 2",2021-07-22,yellow,26.13,green,99.0
684,356,"House 1, Floor 1, Room 2",2021-07-23,yellow,26.78,green,96.0
685,356,"House 1, Floor 1, Room 2",2021-07-24,yellow,28.01,green,97.0
686,356,"House 1, Floor 1, Room 2",2021-07-25,yellow,26.2,green,96.0
687,356,"House 1, Floor 1, Room 2",2021-07-26,yellow,26.27,green,99.0
688,356,"House 1, Floor 1, Room 2",2021-07-27,yellow,25.96,green,92.0
689,356,"House 1, Floor 1, Room 2",2021-07-28,yellow,27.51,green,84.0
690,356,"House 1, Floor 1, Room 2",2021-07-29,yellow,26.62,green,98.0
691,356,"House 1, Floor 1, Room 2",2021-07-30,green,22.81,green,97.0
692,356,"House 1, Floor 1, Room 2",2021-07-31,green,22.52,green,97.0
693,356,"House 1, Floor 1, Room 2",2021-08-01,green,23.49,green,94.0
694,356,"House 1, Floor 1, Room 2",2021-08-02,yellow,22.91,green,94.0
695,356,"House 1, Floor 1, Room 2",2021-08-03,yellow,23.51,green,92.0
696,356,"House 1, Floor 1, Room 2",2021-08-04,yellow,24.0,green,95.0
697,356,"House 1, Floor 1, Room 2",2021-08-05,green,23.51,green,92.0
698,356,"House 1, Floor 1, Room 2",2021-08-06,yellow,24.43,green,94.0
699,356,"House 1, Floor 1, Room 2",2021-08-07,green,26.0,green,97.0
700,356,"House 1, Floor 1, Room 2",2021-08-08,yellow,26.51,green,93.0
701,356,"House 1, Floor 1, Room 2",2021-08-09,yellow,26.34,green,91.0
702,356,"House 1, Floor 1, Room 2",2021-08-10,yellow,28.14,green,97.0
703,356,"House 1, Floor 1, Room 2",2021-08-11,green,26.8,green,97.0
704,356,"House 1, Floor 1, Room 2",2021-08-12,yellow,25.06,green,98.0
705,356,"House 1, Floor 1, Room 2",2021-08-13,yellow,23.38,green,98.0
706,356,"House 1, Floor 1, Room 2",2021-08-14,yellow,22.96,green,98.0
707,356,"House 1, Floor 1, Room 2",2021-08-15,yellow,22.78,green,98.0
708,356,"House 1, Floor 1, Room 2",2021-08-16,yellow,23.24,green,98.0
709,356,"House 1, Floor 1, Room 2",2021-08-17,yellow,23.82,green,94.0
710,356,"House 1, Floor 1, Room 2",2021-08-18,red,25.04,green,93.0
711,356,"House 1, Floor 1, Room 2",2021-08-19,yellow,25.38,green,98.0
712,356,"House 1, Floor 1, Room 2",2021-08-20,yellow,25.23,green,97.0
713,356,"House 1, Floor 1, Room 2",2021-08-21,yellow,24.64,green,99.0
714,356,"House 1, Floor 1, Room 2",2021-08-22,yellow,23.76,green,98.0
715,356,"House 1, Floor 1, Room 2",2021-08-23,yellow,24.8,green,96.0
716,356,"House 1, Floor 1, Room 2",2021-08-24,red,26.59,green,98.0
717,356,"House 1, Floor 1, Room 2",2021-08-25,green,24.61,green,98.0
718,356,"House 1, Floor 1, Room 2",2021-08-26,green,25.32,green,98.0
719,356,"House 1, Floor 1, Room 2",2021-08-27,yellow,26.67,green,98.0
720,356,"House 1, Floor 1, Room 2",2021-08-28,yellow,27.3,green,96.0
721,356,"House 1, Floor 1, Room 2",2021-08-29,yellow,25.67,green,98.0
722,356,"House 1, Floor 1, Room 2",2021-08-30,yellow,23.92,green,98.0
723,356,"House 1, Floor 1, Room 2",2021-08-31,green,22.19,green,98.0
724,356,"House 1, Floor 1, Room 2",2021-09-01,yellow,22.91,green,93.0
725,356,"House 1, Floor 1, Room 2",2021-09-02,green,22.37,green,98.0
726,356,"House 1, Floor 1, Room 2",2021-09-03,green,21.55,green,99.0
727,356,"House 1, Floor 1, Room 2",2021-09-04,green,22.05,green,99.0
728,356,"House 1, Floor 1, Room 2",2021-09-05,yellow,23.16,green,99.0
729,356,"House 1, Floor 1, Room 2",2021-09-06,yellow,24.01,green,97.0
730,356,"House 1, Floor 1, Room 2",2021-09-07,red,24.27,green,98.0
731,356,"House 1, Floor 1, Room 2",2021-09-08,yellow,22.5,green,94.0
732,356,"House 1, Floor 1, Room 2",2021-09-09,yellow,22.08,green,98.0
733,356,"House 1, Floor 1, Room 2",2021-09-10,yellow,22.97,green,97.0
734,356,"House 1, Floor 1, Room 2",2021-09-11,yellow,24.66,green,97.0
735,356,"House 1, Floor 1, Room 2",2021-09-12,yellow,25.4,green,94.0
736,356,"House 1, Floor 1, Room 2",2021-09-13,yellow,24.6,green,98.0
737,356,"House 1, Floor 1, Room 2",2021-09-14,green,24.43,green,98.0
738,356,"House 1, Floor 1, Room 2",2021-09-15,yellow,22.26,green,98.0
739,356,"House 1, Floor 1, Room 2",2021-09-16,yellow,22.95,green,95.0
740,356,"House 1, Floor 1, Room 2",2021-09-17,yellow,24.76,green,96.0
741,356,"House 1, Floor 1, Room 2",2021-09-18,yellow,24.05,green,99.0
742,356,"House 1, Floor 1, Room 2",2021-09-19,yellow,25.16,green,98.0
743,356,"House 1, Floor 1, Room 2",2021-09-20,red,24.85,green,98.0
744,356,"House 1, Floor 1, Room 2",2021-09-21,green,20.86,green,99.0
745,356,"House 1, Floor 1, Room 2",2021-09-22,green,20.89,green,99.0
746,356,"House 1, Floor 1, Room 2",2021-09-23,green,21.02,green,96.0
747,356,"House 1, Floor 1, Room 2",2021-09-24,yellow,22.27,green,97.0
748,356,"House 1, Floor 1, Room 2",2021-09-25,green,20.95,green,96.0
749,356,"House 1, Floor 1, Room 2",2021-09-26,yellow,23.71,green,98.0
750,356,"House 1, Floor 1, Room 2",2021-09-27,red,24.11,green,99.0
751,356,"House 1, Floor 1, Room 2",2021-09-28,red,22.78,green,99.0
752,356,"House 1, Floor 1, Room 2",2021-09-29,yellow,23.68,green,99.0
753,356,"House 1, Floor 1, Room 2",2021-09-30,red,23.82,green,97.0
754,356,"House 1, Floor 1, Room 2",2021-10-01,yellow,23.22,green,97.0
755,356,"House 1, Floor 1, Room 2",2021-10-02,green,22.01,green,96.0
756,356,"House 1, Floor 1, Room 2",2021-10-03,green,21.63,green,98.0
757,356,"House 1, Floor 1, Room 2",2021-10-04,green,20.62,green,99.0
758,356,"House 1, Floor 1, Room 2",2021-10-05,green,20.44,green,97.0
759,356,"House 1, Floor 1, Room 2",2021-10-06,green,20.32,green,99.0
760,356,"House 1, Floor 1, Room 2",2021-10-07,green,20.59,green,97.0
761,356,"House 1, Floor 1, Room 2",2021-10-08,yellow,21.65,green,98.0
762,356,"House 1, Floor 1, Room 2",2021-10-09,green,23.38,green,97.0
763,356,"House 1, Floor 1, Room 2",2021-10-10,green,23.71,green,96.0
764,356,"House 1, Floor 1, Room 2",2021-10-11,green,20.19,green,97.0
765,356,"House 1, Floor 1, Room 2",2021-10-12,green,19.98,green,97.0
766,356,"House 1, Floor 1, Room 2",2021-10-13,green,20.44,green,99.0
767,356,"House 1, Floor 1, Room 2",2021-10-14,green,19.89,green,96.0
768,356,"House 1, Floor 1, Room 2",2021-10-15,green,19.9,green,99.0
769,356,"House 1, Floor 1, Room 2",2021-10-16,green,20.74,green,94.0
770,356,"House 1, Floor 1, Room 2",2021-10-17,green,21.56,green,92.0
771,356,"House 1, Floor 1, Room 2",2021-10-18,green,21.74,green,93.0
772,356,"House 1, Floor 1, Room 2",2021-10-19,green,21.36,green,99.0
773,356,"House 1, Floor 1, Room 2",2021-10-20,green,21.58,green,99.0
774,356,"House 1, Floor 1, Room 2",2021-10-21,green,21.13,green,98.0
775,356,"House 1, Floor 1, Room 2",2021-10-22,green,20.84,green,96.0
776,356,"House 1, Floor 1, Room 2",2021-10-23,green,21.02,green,97.0
777,356,"House 1, Floor 1, Room 2",2021-10-24,green,20.49,green,94.0
778,356,"House 1, Floor 1, Room 2",2021-10-25,green,20.76,green,98.0
779,356,"House 1, Floor 1, Room 2",2021-10-26,green,20.76,green,95.0
780,356,"House 1, Floor 1, Room 2",2021-10-27,green,20.49,green,97.0
781,356,"House 1, Floor 1, Room 2",2021-10-28,green,20.23,green,96.0
782,356,"House 1, Floor 1, Room 2",2021-10-29,green,20.66,green,97.0
783,356,"House 1, Floor 1, Room 2",2021-10-30,green,20.52,green,96.0
784,356,"House 1, Floor 1, Room 2",2021-10-31,green,20.17,green,96.0
785,356,"House 1, Floor 1, Room 2",2021-11-01,green,20.43,green,96.0
786,356,"House 1, Floor 1, Room 2",2021-11-02,green,20.44,green,94.0
787,356,"House 1, Floor 1, Room 2",2021-11-03,green,20.13,green,89.0
788,356,"House 1, Floor 1, Room 2",2021-11-04,red,19.91,green,88.0
789,356,"House 1, Floor 1, Room 2",2021-11-05,green,19.66,green,88.0
790,356,"House 1, Floor 1, Room 2",2021-11-06,green,20.23,green,92.0
791,356,"House 1, Floor 1, Room 2",2021-11-07,green,20.32,green,96.0
792,356,"House 1, Floor 1, Room 2",2021-11-08,green,20.05,green,95.0
793,356,"House 1, Floor 1, Room 2",2021-11-09,green,19.57,green,98.0
794,356,"House 1, Floor 1, Room 2",2021-11-10,green,19.8,green,98.0
795,356,"House 1, Floor 1, Room 2",2021-11-11,green,19.62,green,85.0
796,356,"House 1, Floor 1, Room 2",2021-11-12,green,19.92,green,87.0
797,356,"House 1, Floor 1, Room 2",2021-11-13,green,19.65,green,80.0
798,356,"House 1, Floor 1, Room 2",2021-11-14,green,19.81,green,89.0
799,356,"House 1, Floor 1, Room 2",2021-11-15,green,18.78,green,69.0
800,356,"House 1, Floor 1, Room 2",2021-11-16,green,18.62,green,72.0
801,356,"House 1, Floor 1, Room 2",2021-11-17,green,18.43,green,74.0
802,356,"House 1, Floor 1, Room 2",2021-11-18,red,16.53,green,85.0
803,356,"House 1, Floor 1, Room 2",2021-11-19,green,16.44,green,72.0
804,356,"House 1, Floor 1, Room 2",2021-11-20,yellow,16.95,green,87.0
805,356,"House 1, Floor 1, Room 2",2021-11-21,green,16.27,green,95.0
828,356,"House 1, Floor 1, Room 2",2021-11-22,blue,,blue,
829,356,"House 1, Floor 1, Room 2",2021-11-23,blue,,blue,
830,356,"House 1, Floor 1, Room 2",2021-11-24,blue,,blue,
831,356,"House 1, Floor 1, Room 2",2021-11-25,blue,,blue,
832,356,"House 1, Floor 1, Room 2",2021-11-26,blue,,blue,
833,356,"House 1, Floor 1, Room 2",2021-11-27,blue,,blue,
834,356,"House 1, Floor 1, Room 2",2021-11-28,blue,,blue,
806,356,"House 1, Floor 1, Room 2",2021-11-29,yellow,17.95,blue,
807,356,"House 1, Floor 1, Room 2",2021-11-30,yellow,19.13,green,98.0
808,356,"House 1, Floor 1, Room 2",2021-12-01,yellow,28.63,green,98.0
809,356,"House 1, Floor 1, Room 2",2021-12-02,yellow,29.93,green,85.0
810,356,"House 1, Floor 1, Room 2",2021-12-03,yellow,29.86,green,91.0
811,356,"House 1, Floor 1, Room 2",2021-12-04,yellow,30.15,green,91.0
812,356,"House 1, Floor 1, Room 2",2021-12-05,yellow,30.0,green,85.0
813,356,"House 1, Floor 1, Room 2",2021-12-06,yellow,30.55,green,91.0
814,356,"House 1, Floor 1, Room 2",2021-12-07,red,30.33,green,93.0
815,356,"House 1, Floor 1, Room 2",2021-12-08,red,30.17,green,95.0
816,356,"House 1, Floor 1, Room 2",2021-12-09,yellow,29.27,green,94.0
817,356,"House 1, Floor 1, Room 2",2021-12-10,yellow,29.32,green,96.0
818,356,"House 1, Floor 1, Room 2",2021-12-11,yellow,29.46,green,95.0
819,356,"House 1, Floor 1, Room 2",2021-12-12,yellow,29.06,green,96.0
820,356,"House 1, Floor 1, Room 2",2021-12-13,yellow,28.45,green,98.0
821,356,"House 1, Floor 1, Room 2",2021-12-14,green,27.62,green,96.0
822,356,"House 1, Floor 1, Room 2",2021-12-15,green,26.99,green,95.0
823,356,"House 1, Floor 1, Room 2",2021-12-16,yellow,27.42,green,96.0
824,356,"House 1, Floor 1, Room 2",2021-12-17,yellow,27.31,green,96.0
825,356,"House 1, Floor 1, Room 2",2021-12-18,yellow,27.16,green,96.0
826,356,"House 1, Floor 1, Room 2",2021-12-19,yellow,27.05,green,97.0
827,356,"House 1, Floor 1, Room 2",2021-12-20,yellow,27.05,green,
835,356,"House 1, Floor 1, Room 2",2021-12-20,yellow,26.53,green,97.0
836,356,"House 1, Floor 1, Room 2",2021-12-21,yellow,26.36,green,97.0
837,356,"House 1, Floor 1, Room 2",2021-12-22,yellow,26.1,green,95.0
838,356,"House 1, Floor 1, Room 2",2021-12-23,green,25.44,green,97.0
839,356,"House 1, Floor 1, Room 2",2021-12-24,green,25.83,green,94.0
840,356,"House 1, Floor 1, Room 2",2021-12-25,green,25.64,green,96.0
841,356,"House 1, Floor 1, Room 2",2021-12-26,green,24.59,green,96.0
842,356,"House 1, Floor 1, Room 2",2021-12-27,green,24.98,green,96.0
843,356,"House 1, Floor 1, Room 2",2021-12-28,green,24.15,green,97.0
844,356,"House 1, Floor 1, Room 2",2021-12-29,green,23.96,green,96.0
845,356,"House 1, Floor 1, Room 2",2021-12-30,green,23.66,green,95.0
846,356,"House 1, Floor 1, Room 2",2021-12-31,green,23.69,green,95.0
847,356,"House 1, Floor 1, Room 2",2022-01-01,green,23.48,green,96.0
848,356,"House 1, Floor 1, Room 2",2022-01-02,green,22.96,green,97.0
849,356,"House 1, Floor 1, Room 2",2022-01-03,yellow,22.59,green,89.0
850,356,"House 1, Floor 1, Room 2",2022-01-04,green,21.88,green,92.0
851,356,"House 1, Floor 1, Room 2",2022-01-05,green,22.88,green,95.0
852,356,"House 1, Floor 1, Room 2",2022-01-06,green,22.81,green,92.0
853,356,"House 1, Floor 1, Room 2",2022-01-07,green,22.82,green,90.0
854,356,"House 1, Floor 1, Room 2",2022-01-08,green,23.25,green,94.0
855,356,"House 1, Floor 1, Room 2",2022-01-09,green,23.67,green,95.0
856,356,"House 1, Floor 1, Room 2",2022-01-10,green,23.41,green,95.0
857,356,"House 1, Floor 1, Room 2",2022-01-11,green,23.35,green,97.0
858,356,"House 1, Floor 1, Room 2",2022-01-12,green,23.84,green,97.0
859,356,"House 1, Floor 1, Room 2",2022-01-13,green,23.94,green,97.0
860,356,"House 1, Floor 1, Room 2",2022-01-14,green,23.53,green,95.0
861,356,"House 1, Floor 1, Room 2",2022-01-15,green,23.26,green,95.0
862,356,"House 1, Floor 1, Room 2",2022-01-16,green,23.89,green,90.0
863,356,"House 1, Floor 1, Room 2",2022-01-17,green,24.13,green,93.0
864,356,"House 1, Floor 1, Room 2",2022-01-18,green,23.9,green,92.0
865,356,"House 1, Floor 1, Room 2",2022-01-19,green,24.57,green,95.0
866,356,"House 1, Floor 1, Room 2",2022-01-20,green,23.93,green,96.0
867,356,"House 1, Floor 1, Room 2",2022-01-21,green,23.89,green,97.0
868,356,"House 1, Floor 1, Room 2",2022-01-22,green,23.85,green,97.0
869,356,"House 1, Floor 1, Room 2",2022-01-23,green,23.64,green,97.0
870,356,"House 1, Floor 1, Room 2",2022-01-24,green,23.89,green,97.0
871,356,"House 1, Floor 1, Room 2",2022-01-25,green,23.89,green,96.0
872,356,"House 1, Floor 1, Room 2",2022-01-26,yellow,23.82,green,97.0
873,356,"House 1, Floor 1, Room 2",2022-01-27,green,23.77,green,98.0
874,356,"House 1, Floor 1, Room 2",2022-01-28,green,23.83,green,97.0
875,356,"House 1, Floor 1, Room 2",2022-01-29,green,23.91,green,95.0
876,356,"House 1, Floor 1, Room 2",2022-01-30,green,24.14,green,96.0
877,356,"House 1, Floor 1, Room 2",2022-01-31,green,23.46,green,93.0
878,356,"House 1, Floor 1, Room 2",2022-02-01,green,23.36,green,81.0
879,356,"House 1, Floor 1, Room 2",2022-02-02,green,22.89,green,79.0
880,356,"House 1, Floor 1, Room 2",2022-02-03,green,22.09,green,82.0
881,356,"House 1, Floor 1, Room 2",2022-02-04,green,21.88,green,82.0
882,356,"House 1, Floor 1, Room 2",2022-02-05,yellow,21.83,green,87.0
883,356,"House 1, Floor 1, Room 2",2022-02-06,green,22.63,green,78.0
884,356,"House 1, Floor 1, Room 2",2022-02-07,green,22.63,green,79.0
885,356,"House 1, Floor 1, Room 2",2022-02-08,green,22.85,green,71.0
886,356,"House 1, Floor 1, Room 2",2022-02-09,green,23.09,green,70.0
887,356,"House 1, Floor 1, Room 2",2022-02-10,green,22.68,green,76.0
888,356,"House 1, Floor 1, Room 2",2022-02-11,green,23.23,green,83.0
889,356,"House 1, Floor 1, Room 2",2022-02-12,green,22.68,green,67.0
890,356,"House 1, Floor 1, Room 2",2022-02-13,green,22.32,yellow,53.0
891,356,"House 1, Floor 1, Room 2",2022-02-14,green,22.37,green,71.0
892,356,"House 1, Floor 1, Room 2",2022-02-15,green,22.55,green,75.0
893,356,"House 1, Floor 1, Room 2",2022-02-16,green,23.19,green,88.0
894,356,"House 1, Floor 1, Room 2",2022-02-17,green,22.48,green,75.0
895,356,"House 1, Floor 1, Room 2",2022-02-18,yellow,21.75,green,68.0
896,356,"House 1, Floor 1, Room 2",2022-02-19,yellow,22.09,green,70.0
897,356,"House 1, Floor 1, Room 2",2022-02-20,green,22.32,green,80.0
898,356,"House 1, Floor 1, Room 2",2022-02-21,green,22.51,green,90.0
899,356,"House 1, Floor 1, Room 2",2022-02-22,green,22.9,green,92.0
900,356,"House 1, Floor 1, Room 2",2022-02-23,green,22.34,green,76.0
901,356,"House 1, Floor 1, Room 2",2022-02-24,green,21.94,green,79.0
902,356,"House 1, Floor 1, Room 2",2022-02-25,green,22.17,green,87.0
903,356,"House 1, Floor 1, Room 2",2022-02-26,green,22.11,green,76.0
904,356,"House 1, Floor 1, Room 2",2022-02-27,green,22.22,green,77.0
905,356,"House 1, Floor 1, Room 2",2022-02-28,green,22.1,green,89.0
906,356,"House 1, Floor 1, Room 2",2022-03-01,green,22.74,green,97.0
907,356,"House 1, Floor 1, Room 2",2022-03-02,green,22.53,green,98.0
908,356,"House 1, Floor 1, Room 2",2022-03-03,green,21.99,green,93.0
909,356,"House 1, Floor 1, Room 2",2022-03-04,green,22.11,green,92.0
910,356,"House 1, Floor 1, Room 2",2022-03-05,yellow,22.59,green,96.0
911,356,"House 1, Floor 1, Room 2",2022-03-06,green,22.2,green,97.0
912,356,"House 1, Floor 1, Room 2",2022-03-07,green,21.97,green,92.0
913,356,"House 1, Floor 1, Room 2",2022-03-08,green,21.68,green,85.0
914,356,"House 1, Floor 1, Room 2",2022-03-09,green,21.65,green,94.0
915,356,"House 1, Floor 1, Room 2",2022-03-10,green,21.44,green,92.0
916,356,"House 1, Floor 1, Room 2",2022-03-11,green,22.02,green,92.0
917,356,"House 1, Floor 1, Room 2",2022-03-12,green,21.84,green,92.0
918,356,"House 1, Floor 1, Room 2",2022-03-13,green,21.85,green,95.0
919,356,"House 1, Floor 1, Room 2",2022-03-14,yellow,22.18,green,97.0
920,356,"House 1, Floor 1, Room 2",2022-03-15,yellow,22.12,green,98.0
921,356,"House 1, Floor 1, Room 2",2022-03-16,green,22.06,green,96.0
922,356,"House 1, Floor 1, Room 2",2022-03-17,yellow,21.82,green,97.0
923,356,"House 1, Floor 1, Room 2",2022-03-18,green,21.65,green,97.0
924,356,"House 1, Floor 1, Room 2",2022-03-19,green,21.9,green,97.0
925,356,"House 1, Floor 1, Room 2",2022-03-20,yellow,21.83,green,96.0
926,356,"House 1, Floor 1, Room 2",2022-03-21,green,21.97,green,98.0
927,356,"House 1, Floor 1, Room 2",2022-03-22,green,21.32,green,99.0
928,356,"House 1, Floor 1, Room 2",2022-03-23,green,21.17,green,96.0
929,356,"House 1, Floor 1, Room 2",2022-03-24,green,21.7,green,97.0
930,356,"House 1, Floor 1, Room 2",2022-03-25,red,21.66,green,98.0
931,356,"House 1, Floor 1, Room 2",2022-03-26,green,21.59,green,97.0
932,356,"House 1, Floor 1, Room 2",2022-03-27,green,21.04,green,96.0
933,356,"House 1, Floor 1, Room 2",2022-03-28,green,20.99,green,98.0
934,356,"House 1, Floor 1, Room 2",2022-03-29,green,21.44,green,96.0
935,356,"House 1, Floor 1, Room 2",2022-03-30,green,21.2,green,98.0
936,356,"House 1, Floor 1, Room 2",2022-03-31,green,21.41,green,96.0
937,356,"House 1, Floor 1, Room 2",2022-04-01,green,21.46,green,97.0
