,Airspace id,Fullname,Date (America/Chicago),Temperature shock - color,Temperature (°C) - data,ReHS - color,ReHS - data
165,391,"House 1, Floor 1, Room 7",2021-02-08,blue,,blue,
166,391,"House 1, Floor 1, Room 7",2021-02-09,blue,,blue,
167,391,"House 1, Floor 1, Room 7",2021-02-10,green,,blue,
162,391,"House 1, Floor 1, Room 7",2021-02-11,green,27.0,blue,
168,391,"House 1, Floor 1, Room 7",2021-02-12,green,,blue,
169,391,"House 1, Floor 1, Room 7",2021-02-13,blue,,blue,
170,391,"House 1, Floor 1, Room 7",2021-02-14,blue,,blue,
171,391,"House 1, Floor 1, Room 7",2021-02-15,blue,,blue,
172,391,"House 1, Floor 1, Room 7",2021-02-16,blue,,blue,
173,391,"House 1, Floor 1, Room 7",2021-02-17,blue,,blue,
174,391,"House 1, Floor 1, Room 7",2021-02-18,blue,,blue,
175,391,"House 1, Floor 1, Room 7",2021-02-19,blue,,blue,
176,391,"House 1, Floor 1, Room 7",2021-02-20,blue,,blue,
177,391,"House 1, Floor 1, Room 7",2021-02-21,blue,,blue,
178,391,"House 1, Floor 1, Room 7",2021-02-22,blue,,blue,
179,391,"House 1, Floor 1, Room 7",2021-02-23,blue,,blue,
180,391,"House 1, Floor 1, Room 7",2021-02-24,blue,,blue,
163,391,"House 1, Floor 1, Room 7",2021-02-25,red,26.39,red,
0,391,"House 1, Floor 1, Room 7",2021-02-26,red,27.11,red,24.0
1,391,"House 1, Floor 1, Room 7",2021-02-27,red,25.37,red,15.0
2,391,"House 1, Floor 1, Room 7",2021-02-28,red,24.4,red,14.0
3,391,"House 1, Floor 1, Room 7",2021-03-01,red,25.22,red,16.0
4,391,"House 1, Floor 1, Room 7",2021-03-02,red,24.95,red,18.0
5,391,"House 1, Floor 1, Room 7",2021-03-03,green,24.56,red,14.0
6,391,"House 1, Floor 1, Room 7",2021-03-04,green,23.41,red,12.0
7,391,"House 1, Floor 1, Room 7",2021-03-05,red,23.39,red,12.0
8,391,"House 1, Floor 1, Room 7",2021-03-06,green,23.39,red,12.0
9,391,"House 1, Floor 1, Room 7",2021-03-07,green,23.06,red,10.0
10,391,"House 1, Floor 1, Room 7",2021-03-08,green,22.87,red,13.0
11,391,"House 1, Floor 1, Room 7",2021-03-09,green,23.03,red,12.0
12,391,"House 1, Floor 1, Room 7",2021-03-10,green,22.59,red,10.0
13,391,"House 1, Floor 1, Room 7",2021-03-11,green,21.65,red,9.0
14,391,"House 1, Floor 1, Room 7",2021-03-12,green,21.51,red,14.0
15,391,"House 1, Floor 1, Room 7",2021-03-13,green,21.08,red,14.0
16,391,"House 1, Floor 1, Room 7",2021-03-14,green,20.95,red,6.0
17,391,"House 1, Floor 1, Room 7",2021-03-15,green,21.17,red,15.0
18,391,"House 1, Floor 1, Room 7",2021-03-16,green,21.29,red,10.0
19,391,"House 1, Floor 1, Room 7",2021-03-17,green,20.62,red,8.0
20,391,"House 1, Floor 1, Room 7",2021-03-18,green,20.76,red,7.0
21,391,"House 1, Floor 1, Room 7",2021-03-19,green,21.42,red,6.0
22,391,"House 1, Floor 1, Room 7",2021-03-20,green,21.03,red,9.0
23,391,"House 1, Floor 1, Room 7",2021-03-21,yellow,21.29,red,7.0
24,391,"House 1, Floor 1, Room 7",2021-03-22,yellow,21.05,red,5.0
25,391,"House 1, Floor 1, Room 7",2021-03-23,green,20.03,red,4.0
26,391,"House 1, Floor 1, Room 7",2021-03-24,red,21.32,red,3.0
27,391,"House 1, Floor 1, Room 7",2021-03-25,green,20.79,red,4.0
28,391,"House 1, Floor 1, Room 7",2021-03-26,yellow,20.95,red,5.0
29,391,"House 1, Floor 1, Room 7",2021-03-27,yellow,22.53,red,3.0
30,391,"House 1, Floor 1, Room 7",2021-03-28,green,21.11,red,7.0
31,391,"House 1, Floor 1, Room 7",2021-03-29,red,20.66,red,8.0
32,391,"House 1, Floor 1, Room 7",2021-03-30,yellow,21.23,red,9.0
33,391,"House 1, Floor 1, Room 7",2021-03-31,yellow,21.06,red,12.0
34,391,"House 1, Floor 1, Room 7",2021-04-01,green,20.87,red,15.0
35,391,"House 1, Floor 1, Room 7",2021-04-02,green,20.4,red,20.0
36,391,"House 1, Floor 1, Room 7",2021-04-03,yellow,20.88,red,18.0
37,391,"House 1, Floor 1, Room 7",2021-04-04,yellow,22.11,red,26.0
38,391,"House 1, Floor 1, Room 7",2021-04-05,yellow,22.26,red,26.0
39,391,"House 1, Floor 1, Room 7",2021-04-06,yellow,23.1,yellow,49.0
40,391,"House 1, Floor 1, Room 7",2021-04-07,yellow,23.53,red,28.0
41,391,"House 1, Floor 1, Room 7",2021-04-08,red,21.14,green,72.0
42,391,"House 1, Floor 1, Room 7",2021-04-09,yellow,23.14,green,89.0
43,391,"House 1, Floor 1, Room 7",2021-04-10,red,20.75,green,84.0
44,391,"House 1, Floor 1, Room 7",2021-04-11,red,22.09,green,82.0
45,391,"House 1, Floor 1, Room 7",2021-04-12,green,21.85,green,74.0
46,391,"House 1, Floor 1, Room 7",2021-04-13,green,20.19,red,36.0
47,391,"House 1, Floor 1, Room 7",2021-04-14,green,20.95,yellow,44.0
48,391,"House 1, Floor 1, Room 7",2021-04-15,green,20.51,red,33.0
49,391,"House 1, Floor 1, Room 7",2021-04-16,green,20.0,yellow,46.0
50,391,"House 1, Floor 1, Room 7",2021-04-17,green,19.34,yellow,46.0
51,391,"House 1, Floor 1, Room 7",2021-04-18,green,20.96,red,37.0
52,391,"House 1, Floor 1, Room 7",2021-04-19,red,20.56,yellow,56.0
53,391,"House 1, Floor 1, Room 7",2021-04-20,green,19.23,red,36.0
54,391,"House 1, Floor 1, Room 7",2021-04-21,yellow,19.34,yellow,48.0
55,391,"House 1, Floor 1, Room 7",2021-04-22,red,19.77,yellow,44.0
56,391,"House 1, Floor 1, Room 7",2021-04-23,yellow,19.0,red,34.0
57,391,"House 1, Floor 1, Room 7",2021-04-24,yellow,18.84,red,32.0
58,391,"House 1, Floor 1, Room 7",2021-04-25,yellow,19.51,yellow,45.0
59,391,"House 1, Floor 1, Room 7",2021-04-26,green,21.78,red,36.0
60,391,"House 1, Floor 1, Room 7",2021-04-27,green,24.69,red,26.0
61,391,"House 1, Floor 1, Room 7",2021-04-28,green,22.71,green,64.0
62,391,"House 1, Floor 1, Room 7",2021-04-29,green,21.88,yellow,50.0
63,391,"House 1, Floor 1, Room 7",2021-04-30,yellow,22.26,yellow,43.0
64,391,"House 1, Floor 1, Room 7",2021-05-01,yellow,22.37,red,29.0
65,391,"House 1, Floor 1, Room 7",2021-05-02,green,21.62,red,33.0
66,391,"House 1, Floor 1, Room 7",2021-05-03,yellow,23.53,red,21.0
67,391,"House 1, Floor 1, Room 7",2021-05-04,green,20.55,yellow,48.0
68,391,"House 1, Floor 1, Room 7",2021-05-05,yellow,19.98,yellow,50.0
69,391,"House 1, Floor 1, Room 7",2021-05-06,red,19.93,red,36.0
70,391,"House 1, Floor 1, Room 7",2021-05-07,yellow,18.22,yellow,52.0
181,391,"House 1, Floor 1, Room 7",2021-05-08,green,,green,63.0
182,391,"House 1, Floor 1, Room 7",2021-05-09,yellow,,yellow,52.0
71,391,"House 1, Floor 1, Room 7",2021-05-10,red,20.21,yellow,44.0
72,391,"House 1, Floor 1, Room 7",2021-05-11,yellow,19.1,yellow,52.0
73,391,"House 1, Floor 1, Room 7",2021-05-12,red,19.38,yellow,55.0
74,391,"House 1, Floor 1, Room 7",2021-05-13,red,19.65,green,64.0
75,391,"House 1, Floor 1, Room 7",2021-05-14,yellow,20.31,yellow,55.0
76,391,"House 1, Floor 1, Room 7",2021-05-15,green,20.36,green,65.0
77,391,"House 1, Floor 1, Room 7",2021-05-16,green,22.4,green,64.0
78,391,"House 1, Floor 1, Room 7",2021-05-17,green,22.54,green,69.0
79,391,"House 1, Floor 1, Room 7",2021-05-18,green,21.85,green,68.0
80,391,"House 1, Floor 1, Room 7",2021-05-19,blue,23.49,yellow,56.0
81,391,"House 1, Floor 1, Room 7",2021-05-20,yellow,24.85,yellow,55.0
82,391,"House 1, Floor 1, Room 7",2021-05-21,yellow,24.94,green,68.0
83,391,"House 1, Floor 1, Room 7",2021-05-22,red,25.81,green,67.0
84,391,"House 1, Floor 1, Room 7",2021-05-23,yellow,26.51,green,67.0
85,391,"House 1, Floor 1, Room 7",2021-05-24,yellow,26.61,green,76.0
86,391,"House 1, Floor 1, Room 7",2021-05-25,green,26.65,green,75.0
87,391,"House 1, Floor 1, Room 7",2021-05-26,yellow,25.36,green,69.0
88,391,"House 1, Floor 1, Room 7",2021-05-27,green,23.64,green,77.0
89,391,"House 1, Floor 1, Room 7",2021-05-28,green,20.76,green,79.0
90,391,"House 1, Floor 1, Room 7",2021-05-29,yellow,19.02,green,87.0
91,391,"House 1, Floor 1, Room 7",2021-05-30,green,20.42,green,82.0
92,391,"House 1, Floor 1, Room 7",2021-05-31,yellow,21.99,green,80.0
93,391,"House 1, Floor 1, Room 7",2021-06-01,green,21.19,green,83.0
94,391,"House 1, Floor 1, Room 7",2021-06-02,green,33.08,green,80.0
95,391,"House 1, Floor 1, Room 7",2021-06-03,yellow,52.82,green,77.0
96,391,"House 1, Floor 1, Room 7",2021-06-04,yellow,25.3,green,85.0
97,391,"House 1, Floor 1, Room 7",2021-06-05,yellow,26.13,green,78.0
98,391,"House 1, Floor 1, Room 7",2021-06-06,green,25.47,green,82.0
99,391,"House 1, Floor 1, Room 7",2021-06-07,green,25.22,green,77.0
100,391,"House 1, Floor 1, Room 7",2021-06-08,green,24.37,green,83.0
101,391,"House 1, Floor 1, Room 7",2021-06-09,yellow,26.13,green,82.0
102,391,"House 1, Floor 1, Room 7",2021-06-10,yellow,27.77,green,86.0
103,391,"House 1, Floor 1, Room 7",2021-06-11,yellow,29.46,green,89.0
104,391,"House 1, Floor 1, Room 7",2021-06-12,yellow,30.67,green,86.0
105,391,"House 1, Floor 1, Room 7",2021-06-13,red,28.52,green,88.0
106,391,"House 1, Floor 1, Room 7",2021-06-14,red,28.01,green,83.0
107,391,"House 1, Floor 1, Room 7",2021-06-15,red,25.85,green,88.0
108,391,"House 1, Floor 1, Room 7",2021-06-16,red,25.84,green,85.0
109,391,"House 1, Floor 1, Room 7",2021-06-17,yellow,27.81,green,87.0
110,391,"House 1, Floor 1, Room 7",2021-06-18,yellow,31.18,green,91.0
111,391,"House 1, Floor 1, Room 7",2021-06-19,green,28.39,green,87.0
112,391,"House 1, Floor 1, Room 7",2021-06-20,green,29.79,green,87.0
113,391,"House 1, Floor 1, Room 7",2021-06-21,yellow,23.79,green,90.0
114,391,"House 1, Floor 1, Room 7",2021-06-22,yellow,22.23,green,83.0
115,391,"House 1, Floor 1, Room 7",2021-06-23,yellow,24.13,green,85.0
116,391,"House 1, Floor 1, Room 7",2021-06-24,green,25.82,green,85.0
117,391,"House 1, Floor 1, Room 7",2021-06-25,green,27.95,green,89.0
118,391,"House 1, Floor 1, Room 7",2021-06-26,yellow,28.91,green,90.0
119,391,"House 1, Floor 1, Room 7",2021-06-27,yellow,28.31,green,89.0
120,391,"House 1, Floor 1, Room 7",2021-06-28,green,27.78,green,95.0
121,391,"House 1, Floor 1, Room 7",2021-06-29,yellow,29.39,green,94.0
122,391,"House 1, Floor 1, Room 7",2021-06-30,yellow,27.22,green,94.0
123,391,"House 1, Floor 1, Room 7",2021-07-01,yellow,25.82,green,95.0
124,391,"House 1, Floor 1, Room 7",2021-07-02,yellow,22.92,green,83.0
125,391,"House 1, Floor 1, Room 7",2021-07-03,yellow,23.96,green,84.0
126,391,"House 1, Floor 1, Room 7",2021-07-04,yellow,25.95,green,93.0
127,391,"House 1, Floor 1, Room 7",2021-07-05,yellow,27.21,green,92.0
128,391,"House 1, Floor 1, Room 7",2021-07-06,yellow,28.23,green,95.0
129,391,"House 1, Floor 1, Room 7",2021-07-07,yellow,28.98,green,95.0
130,391,"House 1, Floor 1, Room 7",2021-07-08,yellow,27.53,green,96.0
131,391,"House 1, Floor 1, Room 7",2021-07-09,green,26.06,green,95.0
132,391,"House 1, Floor 1, Room 7",2021-07-10,green,24.35,green,91.0
133,391,"House 1, Floor 1, Room 7",2021-07-11,yellow,24.98,green,93.0
134,391,"House 1, Floor 1, Room 7",2021-07-12,green,25.47,green,92.0
135,391,"House 1, Floor 1, Room 7",2021-07-13,yellow,25.49,green,96.0
136,391,"House 1, Floor 1, Room 7",2021-07-14,yellow,26.77,green,93.0
137,391,"House 1, Floor 1, Room 7",2021-07-15,yellow,28.1,green,96.0
138,391,"House 1, Floor 1, Room 7",2021-07-16,green,24.49,green,94.0
139,391,"House 1, Floor 1, Room 7",2021-07-17,green,25.12,green,92.0
140,391,"House 1, Floor 1, Room 7",2021-07-18,yellow,25.22,green,94.0
141,391,"House 1, Floor 1, Room 7",2021-07-19,yellow,25.55,green,93.0
142,391,"House 1, Floor 1, Room 7",2021-07-20,yellow,25.57,green,90.0
143,391,"House 1, Floor 1, Room 7",2021-07-21,yellow,26.17,green,89.0
144,391,"House 1, Floor 1, Room 7",2021-07-22,yellow,27.45,green,92.0
145,391,"House 1, Floor 1, Room 7",2021-07-23,yellow,27.8,green,88.0
146,391,"House 1, Floor 1, Room 7",2021-07-24,yellow,28.98,green,83.0
147,391,"House 1, Floor 1, Room 7",2021-07-25,yellow,27.81,green,84.0
148,391,"House 1, Floor 1, Room 7",2021-07-26,yellow,27.54,green,85.0
149,391,"House 1, Floor 1, Room 7",2021-07-27,red,26.78,green,90.0
150,391,"House 1, Floor 1, Room 7",2021-07-28,yellow,27.49,green,89.0
151,391,"House 1, Floor 1, Room 7",2021-07-29,red,28.93,green,90.0
152,391,"House 1, Floor 1, Room 7",2021-07-30,yellow,26.0,green,87.0
153,391,"House 1, Floor 1, Room 7",2021-07-31,green,22.05,green,89.0
154,391,"House 1, Floor 1, Room 7",2021-08-01,red,23.58,green,83.0
155,391,"House 1, Floor 1, Room 7",2021-08-02,yellow,22.8,green,90.0
156,391,"House 1, Floor 1, Room 7",2021-08-03,red,22.83,green,93.0
157,391,"House 1, Floor 1, Room 7",2021-08-04,red,23.24,green,91.0
158,391,"House 1, Floor 1, Room 7",2021-08-05,yellow,23.78,green,92.0
159,391,"House 1, Floor 1, Room 7",2021-08-06,yellow,25.29,green,90.0
160,391,"House 1, Floor 1, Room 7",2021-08-07,yellow,26.65,green,91.0
161,391,"House 1, Floor 1, Room 7",2021-08-08,yellow,26.16,green,87.0
164,391,"House 1, Floor 1, Room 7",2021-08-09,green,26.16,green,
183,391,"House 1, Floor 1, Room 7",2021-08-09,green,27.45,green,86.0
184,391,"House 1, Floor 1, Room 7",2021-08-10,green,27.55,green,88.0
185,391,"House 1, Floor 1, Room 7",2021-08-11,green,29.52,green,91.0
186,391,"House 1, Floor 1, Room 7",2021-08-12,yellow,28.22,green,88.0
187,391,"House 1, Floor 1, Room 7",2021-08-13,yellow,26.08,green,88.0
188,391,"House 1, Floor 1, Room 7",2021-08-14,red,24.37,green,88.0
189,391,"House 1, Floor 1, Room 7",2021-08-15,yellow,23.01,green,82.0
190,391,"House 1, Floor 1, Room 7",2021-08-16,yellow,23.74,green,91.0
191,391,"House 1, Floor 1, Room 7",2021-08-17,yellow,24.34,green,92.0
192,391,"House 1, Floor 1, Room 7",2021-08-18,yellow,24.49,green,92.0
193,391,"House 1, Floor 1, Room 7",2021-08-19,yellow,24.68,green,91.0
194,391,"House 1, Floor 1, Room 7",2021-08-20,yellow,26.02,green,91.0
195,391,"House 1, Floor 1, Room 7",2021-08-21,green,24.6,green,92.0
196,391,"House 1, Floor 1, Room 7",2021-08-22,yellow,25.94,green,96.0
197,391,"House 1, Floor 1, Room 7",2021-08-23,yellow,25.86,green,95.0
198,391,"House 1, Floor 1, Room 7",2021-08-24,yellow,27.53,green,90.0
199,391,"House 1, Floor 1, Room 7",2021-08-25,yellow,29.7,green,99.0
200,391,"House 1, Floor 1, Room 7",2021-08-26,yellow,26.84,blue,
354,391,"House 1, Floor 1, Room 7",2021-08-27,yellow,,blue,
355,391,"House 1, Floor 1, Room 7",2021-08-28,yellow,,blue,
356,391,"House 1, Floor 1, Room 7",2021-08-29,yellow,,blue,
357,391,"House 1, Floor 1, Room 7",2021-08-30,yellow,,blue,
358,391,"House 1, Floor 1, Room 7",2021-08-31,yellow,,blue,
359,391,"House 1, Floor 1, Room 7",2021-09-01,yellow,,blue,
360,391,"House 1, Floor 1, Room 7",2021-09-02,yellow,,blue,
361,391,"House 1, Floor 1, Room 7",2021-09-03,yellow,,blue,
362,391,"House 1, Floor 1, Room 7",2021-09-04,yellow,,blue,
363,391,"House 1, Floor 1, Room 7",2021-09-05,yellow,,blue,
364,391,"House 1, Floor 1, Room 7",2021-09-06,yellow,,blue,
365,391,"House 1, Floor 1, Room 7",2021-09-07,yellow,,blue,
201,391,"House 1, Floor 1, Room 7",2021-09-08,green,28.86,blue,
202,391,"House 1, Floor 1, Room 7",2021-09-09,red,28.53,green,86.0
203,391,"House 1, Floor 1, Room 7",2021-09-10,green,29.34,green,63.0
204,391,"House 1, Floor 1, Room 7",2021-09-11,green,28.47,red,31.0
205,391,"House 1, Floor 1, Room 7",2021-09-12,green,28.8,red,27.0
206,391,"House 1, Floor 1, Room 7",2021-09-13,green,29.07,yellow,48.0
207,391,"House 1, Floor 1, Room 7",2021-09-14,yellow,29.63,red,37.0
208,391,"House 1, Floor 1, Room 7",2021-09-15,red,28.56,red,29.0
209,391,"House 1, Floor 1, Room 7",2021-09-16,green,29.23,red,34.0
210,391,"House 1, Floor 1, Room 7",2021-09-17,green,28.98,red,34.0
211,391,"House 1, Floor 1, Room 7",2021-09-18,yellow,29.37,yellow,43.0
212,391,"House 1, Floor 1, Room 7",2021-09-19,green,28.54,yellow,44.0
213,391,"House 1, Floor 1, Room 7",2021-09-20,green,28.47,yellow,51.0
214,391,"House 1, Floor 1, Room 7",2021-09-21,green,27.46,yellow,55.0
215,391,"House 1, Floor 1, Room 7",2021-09-22,red,27.1,yellow,50.0
216,391,"House 1, Floor 1, Room 7",2021-09-23,red,27.74,yellow,56.0
217,391,"House 1, Floor 1, Room 7",2021-09-24,green,27.3,green,69.0
218,391,"House 1, Floor 1, Room 7",2021-09-25,green,26.66,green,73.0
219,391,"House 1, Floor 1, Room 7",2021-09-26,green,26.25,green,65.0
220,391,"House 1, Floor 1, Room 7",2021-09-27,yellow,27.82,green,78.0
221,391,"House 1, Floor 1, Room 7",2021-09-28,yellow,27.57,green,67.0
222,391,"House 1, Floor 1, Room 7",2021-09-29,yellow,26.89,yellow,55.0
223,391,"House 1, Floor 1, Room 7",2021-09-30,green,26.21,yellow,55.0
224,391,"House 1, Floor 1, Room 7",2021-10-01,green,25.76,yellow,56.0
225,391,"House 1, Floor 1, Room 7",2021-10-02,green,24.93,yellow,56.0
226,391,"House 1, Floor 1, Room 7",2021-10-03,green,24.8,yellow,55.0
227,391,"House 1, Floor 1, Room 7",2021-10-04,yellow,24.42,yellow,53.0
228,391,"House 1, Floor 1, Room 7",2021-10-05,green,23.95,yellow,50.0
229,391,"House 1, Floor 1, Room 7",2021-10-06,green,24.56,yellow,50.0
230,391,"House 1, Floor 1, Room 7",2021-10-07,yellow,23.99,yellow,44.0
231,391,"House 1, Floor 1, Room 7",2021-10-08,green,24.86,yellow,49.0
232,391,"House 1, Floor 1, Room 7",2021-10-09,green,26.43,yellow,46.0
233,391,"House 1, Floor 1, Room 7",2021-10-10,yellow,27.0,yellow,47.0
234,391,"House 1, Floor 1, Room 7",2021-10-11,yellow,25.02,red,37.0
235,391,"House 1, Floor 1, Room 7",2021-10-12,red,23.74,red,36.0
236,391,"House 1, Floor 1, Room 7",2021-10-13,green,24.23,red,35.0
237,391,"House 1, Floor 1, Room 7",2021-10-14,green,24.75,red,28.0
238,391,"House 1, Floor 1, Room 7",2021-10-15,yellow,23.0,red,19.0
239,391,"House 1, Floor 1, Room 7",2021-10-16,yellow,22.52,red,23.0
240,391,"House 1, Floor 1, Room 7",2021-10-17,red,22.77,red,29.0
241,391,"House 1, Floor 1, Room 7",2021-10-18,yellow,22.62,red,21.0
242,391,"House 1, Floor 1, Room 7",2021-10-19,yellow,21.78,red,13.0
243,391,"House 1, Floor 1, Room 7",2021-10-20,green,22.58,red,15.0
244,391,"House 1, Floor 1, Room 7",2021-10-21,green,20.96,red,20.0
245,391,"House 1, Floor 1, Room 7",2021-10-22,red,19.51,red,10.0
246,391,"House 1, Floor 1, Room 7",2021-10-23,green,19.85,red,8.0
247,391,"House 1, Floor 1, Room 7",2021-10-24,yellow,23.16,red,3.0
248,391,"House 1, Floor 1, Room 7",2021-10-25,yellow,19.62,red,6.0
249,391,"House 1, Floor 1, Room 7",2021-10-26,yellow,19.71,red,9.0
250,391,"House 1, Floor 1, Room 7",2021-10-27,yellow,19.42,red,7.0
251,391,"House 1, Floor 1, Room 7",2021-10-28,green,19.51,red,15.0
252,391,"House 1, Floor 1, Room 7",2021-10-29,green,19.54,red,2.0
253,391,"House 1, Floor 1, Room 7",2021-10-30,yellow,19.28,red,5.0
254,391,"House 1, Floor 1, Room 7",2021-10-31,red,18.25,red,5.0
255,391,"House 1, Floor 1, Room 7",2021-11-01,red,18.88,red,5.0
256,391,"House 1, Floor 1, Room 7",2021-11-02,red,20.03,red,8.0
257,391,"House 1, Floor 1, Room 7",2021-11-03,red,19.81,red,6.0
258,391,"House 1, Floor 1, Room 7",2021-11-04,red,19.66,red,12.0
259,391,"House 1, Floor 1, Room 7",2021-11-05,red,19.62,red,10.0
260,391,"House 1, Floor 1, Room 7",2021-11-06,red,19.26,red,11.0
261,391,"House 1, Floor 1, Room 7",2021-11-07,yellow,19.73,red,9.0
262,391,"House 1, Floor 1, Room 7",2021-11-08,red,20.19,red,9.0
263,391,"House 1, Floor 1, Room 7",2021-11-09,green,21.47,red,6.0
264,391,"House 1, Floor 1, Room 7",2021-11-10,green,21.16,red,25.0
265,391,"House 1, Floor 1, Room 7",2021-11-11,green,21.43,red,21.0
266,391,"House 1, Floor 1, Room 7",2021-11-12,red,21.4,red,22.0
267,391,"House 1, Floor 1, Room 7",2021-11-13,red,21.76,red,19.0
268,391,"House 1, Floor 1, Room 7",2021-11-14,red,21.63,red,20.0
269,391,"House 1, Floor 1, Room 7",2021-11-15,green,21.79,red,22.0
270,391,"House 1, Floor 1, Room 7",2021-11-16,green,21.23,red,22.0
271,391,"House 1, Floor 1, Room 7",2021-11-17,red,20.86,red,14.0
272,391,"House 1, Floor 1, Room 7",2021-11-18,green,19.65,red,18.0
273,391,"House 1, Floor 1, Room 7",2021-11-19,green,19.67,red,15.0
274,391,"House 1, Floor 1, Room 7",2021-11-20,red,19.34,red,15.0
275,391,"House 1, Floor 1, Room 7",2021-11-21,red,18.61,red,13.0
276,391,"House 1, Floor 1, Room 7",2021-11-22,green,19.97,red,24.0
277,391,"House 1, Floor 1, Room 7",2021-11-23,green,19.64,red,19.0
278,391,"House 1, Floor 1, Room 7",2021-11-24,green,19.88,red,22.0
279,391,"House 1, Floor 1, Room 7",2021-11-25,green,19.46,red,16.0
280,391,"House 1, Floor 1, Room 7",2021-11-26,green,20.21,red,16.0
281,391,"House 1, Floor 1, Room 7",2021-11-27,red,19.48,red,20.0
282,391,"House 1, Floor 1, Room 7",2021-11-28,green,19.73,red,17.0
283,391,"House 1, Floor 1, Room 7",2021-11-29,red,19.38,red,22.0
284,391,"House 1, Floor 1, Room 7",2021-11-30,green,18.38,red,18.0
285,391,"House 1, Floor 1, Room 7",2021-12-01,yellow,18.33,red,23.0
286,391,"House 1, Floor 1, Room 7",2021-12-02,red,19.64,red,26.0
287,391,"House 1, Floor 1, Room 7",2021-12-03,red,20.03,red,24.0
288,391,"House 1, Floor 1, Room 7",2021-12-04,green,19.44,red,25.0
289,391,"House 1, Floor 1, Room 7",2021-12-05,yellow,20.43,red,27.0
290,391,"House 1, Floor 1, Room 7",2021-12-06,green,19.96,red,22.0
291,391,"House 1, Floor 1, Room 7",2021-12-07,green,19.71,red,34.0
292,391,"House 1, Floor 1, Room 7",2021-12-08,green,19.83,red,30.0
293,391,"House 1, Floor 1, Room 7",2021-12-09,yellow,19.21,red,32.0
294,391,"House 1, Floor 1, Room 7",2021-12-10,green,20.88,red,33.0
295,391,"House 1, Floor 1, Room 7",2021-12-11,green,19.68,red,32.0
296,391,"House 1, Floor 1, Room 7",2021-12-12,green,19.52,yellow,51.0
297,391,"House 1, Floor 1, Room 7",2021-12-13,red,19.18,yellow,51.0
298,391,"House 1, Floor 1, Room 7",2021-12-14,green,20.4,yellow,48.0
299,391,"House 1, Floor 1, Room 7",2021-12-15,green,21.57,yellow,52.0
300,391,"House 1, Floor 1, Room 7",2021-12-16,red,19.49,yellow,55.0
301,391,"House 1, Floor 1, Room 7",2021-12-17,green,20.31,yellow,54.0
302,391,"House 1, Floor 1, Room 7",2021-12-18,green,21.2,green,73.0
303,391,"House 1, Floor 1, Room 7",2021-12-19,green,19.4,green,68.0
304,391,"House 1, Floor 1, Room 7",2021-12-20,green,19.35,green,66.0
305,391,"House 1, Floor 1, Room 7",2021-12-21,red,18.3,green,74.0
306,391,"House 1, Floor 1, Room 7",2021-12-22,green,19.07,green,74.0
307,391,"House 1, Floor 1, Room 7",2021-12-23,yellow,19.25,green,75.0
308,391,"House 1, Floor 1, Room 7",2021-12-24,green,20.43,green,76.0
309,391,"House 1, Floor 1, Room 7",2021-12-25,red,20.96,green,73.0
310,391,"House 1, Floor 1, Room 7",2021-12-26,yellow,19.61,green,66.0
311,391,"House 1, Floor 1, Room 7",2021-12-27,red,20.45,green,71.0
312,391,"House 1, Floor 1, Room 7",2021-12-28,red,17.13,green,79.0
313,391,"House 1, Floor 1, Room 7",2021-12-29,red,16.82,green,77.0
314,391,"House 1, Floor 1, Room 7",2021-12-30,yellow,17.69,green,67.0
315,391,"House 1, Floor 1, Room 7",2021-12-31,green,20.25,green,74.0
316,391,"House 1, Floor 1, Room 7",2022-01-01,red,16.96,green,70.0
317,391,"House 1, Floor 1, Room 7",2022-01-02,green,19.38,green,71.0
318,391,"House 1, Floor 1, Room 7",2022-01-03,green,19.37,green,72.0
319,391,"House 1, Floor 1, Room 7",2022-01-04,green,19.4,yellow,54.0
320,391,"House 1, Floor 1, Room 7",2022-01-05,green,19.63,yellow,56.0
321,391,"House 1, Floor 1, Room 7",2022-01-06,red,18.79,yellow,52.0
322,391,"House 1, Floor 1, Room 7",2022-01-07,green,17.62,green,66.0
323,391,"House 1, Floor 1, Room 7",2022-01-08,red,17.63,green,78.0
324,391,"House 1, Floor 1, Room 7",2022-01-09,yellow,18.48,green,81.0
325,391,"House 1, Floor 1, Room 7",2022-01-10,green,19.74,green,79.0
326,391,"House 1, Floor 1, Room 7",2022-01-11,red,17.54,green,82.0
327,391,"House 1, Floor 1, Room 7",2022-01-12,red,16.95,green,85.0
328,391,"House 1, Floor 1, Room 7",2022-01-13,red,17.04,green,84.0
329,391,"House 1, Floor 1, Room 7",2022-01-14,red,16.82,green,85.0
330,391,"House 1, Floor 1, Room 7",2022-01-15,green,17.31,green,82.0
331,391,"House 1, Floor 1, Room 7",2022-01-16,yellow,19.24,green,84.0
332,391,"House 1, Floor 1, Room 7",2022-01-17,green,17.97,green,86.0
333,391,"House 1, Floor 1, Room 7",2022-01-18,green,17.81,green,87.0
334,391,"House 1, Floor 1, Room 7",2022-01-19,green,17.01,green,91.0
335,391,"House 1, Floor 1, Room 7",2022-01-20,green,18.29,green,90.0
336,391,"House 1, Floor 1, Room 7",2022-01-21,yellow,18.56,green,90.0
337,391,"House 1, Floor 1, Room 7",2022-01-22,red,17.69,green,90.0
338,391,"House 1, Floor 1, Room 7",2022-01-23,green,17.02,green,86.0
339,391,"House 1, Floor 1, Room 7",2022-01-24,red,17.48,green,91.0
340,391,"House 1, Floor 1, Room 7",2022-01-25,green,18.79,green,89.0
341,391,"House 1, Floor 1, Room 7",2022-01-26,green,18.07,green,91.0
342,391,"House 1, Floor 1, Room 7",2022-01-27,red,16.12,green,93.0
343,391,"House 1, Floor 1, Room 7",2022-01-28,green,18.21,green,91.0
344,391,"House 1, Floor 1, Room 7",2022-01-29,green,17.16,green,91.0
345,391,"House 1, Floor 1, Room 7",2022-01-30,green,17.65,green,91.0
346,391,"House 1, Floor 1, Room 7",2022-01-31,red,16.33,green,94.0
347,391,"House 1, Floor 1, Room 7",2022-02-01,yellow,17.0,green,92.0
348,391,"House 1, Floor 1, Room 7",2022-02-02,green,17.39,green,90.0
349,391,"House 1, Floor 1, Room 7",2022-02-03,green,17.74,green,87.0
350,391,"House 1, Floor 1, Room 7",2022-02-04,green,17.55,green,92.0
351,391,"House 1, Floor 1, Room 7",2022-02-05,green,17.36,green,88.0
352,391,"House 1, Floor 1, Room 7",2022-02-06,red,16.11,green,93.0
353,391,"House 1, Floor 1, Room 7",2022-02-07,green,16.11,green,
366,391,"House 1, Floor 1, Room 7",2022-02-07,green,16.79,green,90.0
367,391,"House 1, Floor 1, Room 7",2022-02-08,red,16.14,green,93.0
368,391,"House 1, Floor 1, Room 7",2022-02-09,red,16.24,green,91.0
369,391,"House 1, Floor 1, Room 7",2022-02-10,yellow,16.63,green,90.0
370,391,"House 1, Floor 1, Room 7",2022-02-11,yellow,16.4,green,92.0
371,391,"House 1, Floor 1, Room 7",2022-02-12,green,17.49,green,91.0
372,391,"House 1, Floor 1, Room 7",2022-02-13,green,17.27,green,91.0
373,391,"House 1, Floor 1, Room 7",2022-02-14,green,16.92,green,91.0
374,391,"House 1, Floor 1, Room 7",2022-02-15,yellow,16.9,green,92.0
375,391,"House 1, Floor 1, Room 7",2022-02-16,green,17.96,green,89.0
376,391,"House 1, Floor 1, Room 7",2022-02-17,red,16.49,green,86.0
377,391,"House 1, Floor 1, Room 7",2022-02-18,green,15.7,green,84.0
378,391,"House 1, Floor 1, Room 7",2022-02-19,green,16.56,green,90.0
379,391,"House 1, Floor 1, Room 7",2022-02-20,green,16.89,green,93.0
380,391,"House 1, Floor 1, Room 7",2022-02-21,green,17.82,green,91.0
381,391,"House 1, Floor 1, Room 7",2022-02-22,green,17.9,green,90.0
382,391,"House 1, Floor 1, Room 7",2022-02-23,red,17.5,green,88.0
383,391,"House 1, Floor 1, Room 7",2022-02-24,green,16.62,green,91.0
384,391,"House 1, Floor 1, Room 7",2022-02-25,red,17.15,green,85.0
385,391,"House 1, Floor 1, Room 7",2022-02-26,red,17.4,green,91.0
386,391,"House 1, Floor 1, Room 7",2022-02-27,green,17.05,green,87.0
387,391,"House 1, Floor 1, Room 7",2022-02-28,green,17.13,green,91.0
388,391,"House 1, Floor 1, Room 7",2022-03-01,yellow,17.58,green,89.0
389,391,"House 1, Floor 1, Room 7",2022-03-02,yellow,18.75,green,92.0
390,391,"House 1, Floor 1, Room 7",2022-03-03,red,16.61,green,92.0
391,391,"House 1, Floor 1, Room 7",2022-03-04,green,17.48,green,89.0
392,391,"House 1, Floor 1, Room 7",2022-03-05,green,18.56,green,89.0
393,391,"House 1, Floor 1, Room 7",2022-03-06,green,16.93,green,92.0
394,391,"House 1, Floor 1, Room 7",2022-03-07,red,16.99,green,87.0
395,391,"House 1, Floor 1, Room 7",2022-03-08,red,18.32,green,94.0
396,391,"House 1, Floor 1, Room 7",2022-03-09,red,18.22,green,85.0
397,391,"House 1, Floor 1, Room 7",2022-03-10,red,18.88,green,98.0
398,391,"House 1, Floor 1, Room 7",2022-03-11,red,13.5,green,97.0
399,391,"House 1, Floor 1, Room 7",2022-03-12,red,14.05,green,97.0
400,391,"House 1, Floor 1, Room 7",2022-03-13,yellow,13.84,green,96.0
401,391,"House 1, Floor 1, Room 7",2022-03-14,blue,9.62,blue,
489,391,"House 1, Floor 1, Room 7",2022-03-15,blue,,blue,
490,391,"House 1, Floor 1, Room 7",2022-03-16,blue,,blue,
491,391,"House 1, Floor 1, Room 7",2022-03-17,blue,,blue,
492,391,"House 1, Floor 1, Room 7",2022-03-18,blue,,blue,
493,391,"House 1, Floor 1, Room 7",2022-03-19,blue,,blue,
494,391,"House 1, Floor 1, Room 7",2022-03-20,blue,,blue,
495,391,"House 1, Floor 1, Room 7",2022-03-21,blue,,blue,
402,391,"House 1, Floor 1, Room 7",2022-03-22,red,35.04,blue,
403,391,"House 1, Floor 1, Room 7",2022-03-23,red,35.2,green,76.0
404,391,"House 1, Floor 1, Room 7",2022-03-24,red,35.06,green,85.0
405,391,"House 1, Floor 1, Room 7",2022-03-25,red,32.39,green,79.0
406,391,"House 1, Floor 1, Room 7",2022-03-26,red,33.06,green,72.0
407,391,"House 1, Floor 1, Room 7",2022-03-27,red,32.04,green,67.0
408,391,"House 1, Floor 1, Room 7",2022-03-28,red,31.41,green,73.0
409,391,"House 1, Floor 1, Room 7",2022-03-29,red,31.07,green,65.0
410,391,"House 1, Floor 1, Room 7",2022-03-30,red,27.82,yellow,57.0
411,391,"House 1, Floor 1, Room 7",2022-03-31,red,30.57,green,68.0
412,391,"House 1, Floor 1, Room 7",2022-04-01,red,28.75,green,62.0
413,391,"House 1, Floor 1, Room 7",2022-04-02,red,28.46,yellow,60.0
414,391,"House 1, Floor 1, Room 7",2022-04-03,red,27.81,yellow,60.0
415,391,"House 1, Floor 1, Room 7",2022-04-04,red,27.25,green,64.0
416,391,"House 1, Floor 1, Room 7",2022-04-05,yellow,27.11,green,68.0
417,391,"House 1, Floor 1, Room 7",2022-04-06,red,27.31,green,68.0
418,391,"House 1, Floor 1, Room 7",2022-04-07,red,28.07,green,74.0
419,391,"House 1, Floor 1, Room 7",2022-04-08,red,29.03,green,76.0
420,391,"House 1, Floor 1, Room 7",2022-04-09,red,27.38,green,74.0
421,391,"House 1, Floor 1, Room 7",2022-04-10,green,26.89,green,71.0
422,391,"House 1, Floor 1, Room 7",2022-04-11,green,26.11,green,67.0
423,391,"House 1, Floor 1, Room 7",2022-04-12,green,25.72,green,68.0
424,391,"House 1, Floor 1, Room 7",2022-04-13,green,24.83,green,72.0
425,391,"House 1, Floor 1, Room 7",2022-04-14,green,24.91,green,75.0
426,391,"House 1, Floor 1, Room 7",2022-04-15,green,24.77,green,73.0
427,391,"House 1, Floor 1, Room 7",2022-04-16,green,24.34,green,69.0
428,391,"House 1, Floor 1, Room 7",2022-04-17,green,23.9,green,65.0
429,391,"House 1, Floor 1, Room 7",2022-04-18,green,23.92,yellow,57.0
430,391,"House 1, Floor 1, Room 7",2022-04-19,yellow,23.35,yellow,54.0
431,391,"House 1, Floor 1, Room 7",2022-04-20,green,23.84,yellow,59.0
432,391,"House 1, Floor 1, Room 7",2022-04-21,yellow,24.24,red,37.0
433,391,"House 1, Floor 1, Room 7",2022-04-22,yellow,24.98,red,39.0
434,391,"House 1, Floor 1, Room 7",2022-04-23,green,25.54,red,36.0
435,391,"House 1, Floor 1, Room 7",2022-04-24,yellow,25.09,red,38.0
436,391,"House 1, Floor 1, Room 7",2022-04-25,yellow,23.54,red,38.0
437,391,"House 1, Floor 1, Room 7",2022-04-26,yellow,23.51,red,38.0
438,391,"House 1, Floor 1, Room 7",2022-04-27,red,23.7,red,34.0
439,391,"House 1, Floor 1, Room 7",2022-04-28,yellow,23.7,red,32.0
440,391,"House 1, Floor 1, Room 7",2022-04-29,yellow,23.26,red,30.0
441,391,"House 1, Floor 1, Room 7",2022-04-30,yellow,24.17,red,37.0
442,391,"House 1, Floor 1, Room 7",2022-05-01,red,23.33,red,38.0
443,391,"House 1, Floor 1, Room 7",2022-05-02,green,22.9,red,36.0
444,391,"House 1, Floor 1, Room 7",2022-05-03,yellow,23.0,red,30.0
445,391,"House 1, Floor 1, Room 7",2022-05-04,yellow,21.49,red,30.0
446,391,"House 1, Floor 1, Room 7",2022-05-05,yellow,21.55,red,28.0
447,391,"House 1, Floor 1, Room 7",2022-05-06,yellow,21.55,red,24.0
448,391,"House 1, Floor 1, Room 7",2022-05-07,yellow,21.88,red,29.0
449,391,"House 1, Floor 1, Room 7",2022-05-08,green,21.86,red,37.0
450,391,"House 1, Floor 1, Room 7",2022-05-09,green,25.07,red,23.0
451,391,"House 1, Floor 1, Room 7",2022-05-10,yellow,26.58,red,30.0
452,391,"House 1, Floor 1, Room 7",2022-05-11,yellow,28.03,red,34.0
453,391,"House 1, Floor 1, Room 7",2022-05-12,red,28.08,red,34.0
454,391,"House 1, Floor 1, Room 7",2022-05-13,red,26.58,red,40.0
455,391,"House 1, Floor 1, Room 7",2022-05-14,red,26.61,red,39.0
456,391,"House 1, Floor 1, Room 7",2022-05-15,yellow,25.17,red,35.0
457,391,"House 1, Floor 1, Room 7",2022-05-16,yellow,24.3,red,36.0
458,391,"House 1, Floor 1, Room 7",2022-05-17,yellow,24.94,red,36.0
459,391,"House 1, Floor 1, Room 7",2022-05-18,yellow,24.05,red,29.0
460,391,"House 1, Floor 1, Room 7",2022-05-19,yellow,23.97,red,30.0
461,391,"House 1, Floor 1, Room 7",2022-05-20,green,25.86,red,34.0
462,391,"House 1, Floor 1, Room 7",2022-05-21,green,21.89,red,30.0
463,391,"House 1, Floor 1, Room 7",2022-05-22,red,21.03,yellow,29.0
464,391,"House 1, Floor 1, Room 7",2022-05-23,green,22.04,yellow,56.0
465,391,"House 1, Floor 1, Room 7",2022-05-24,green,22.16,yellow,46.0
466,391,"House 1, Floor 1, Room 7",2022-05-25,green,23.48,red,37.0
467,391,"House 1, Floor 1, Room 7",2022-05-26,green,22.01,yellow,56.0
468,391,"House 1, Floor 1, Room 7",2022-05-27,green,21.22,red,39.0
469,391,"House 1, Floor 1, Room 7",2022-05-28,green,22.15,yellow,56.0
470,391,"House 1, Floor 1, Room 7",2022-05-29,yellow,24.08,green,66.0
471,391,"House 1, Floor 1, Room 7",2022-05-30,yellow,25.58,green,67.0
472,391,"House 1, Floor 1, Room 7",2022-05-31,yellow,26.42,green,75.0
473,391,"House 1, Floor 1, Room 7",2022-06-01,yellow,24.94,green,68.0
474,391,"House 1, Floor 1, Room 7",2022-06-02,yellow,23.51,yellow,42.0
475,391,"House 1, Floor 1, Room 7",2022-06-03,red,23.9,red,39.0
476,391,"House 1, Floor 1, Room 7",2022-06-04,red,25.28,red,26.0
477,391,"House 1, Floor 1, Room 7",2022-06-05,yellow,25.84,red,27.0
478,391,"House 1, Floor 1, Room 7",2022-06-06,green,23.4,red,32.0
479,391,"House 1, Floor 1, Room 7",2022-06-07,yellow,25.36,red,23.0
480,391,"House 1, Floor 1, Room 7",2022-06-08,yellow,24.82,red,22.0
481,391,"House 1, Floor 1, Room 7",2022-06-09,yellow,24.76,red,22.0
482,391,"House 1, Floor 1, Room 7",2022-06-10,green,23.77,red,21.0
483,391,"House 1, Floor 1, Room 7",2022-06-11,yellow,25.94,red,16.0
484,391,"House 1, Floor 1, Room 7",2022-06-12,yellow,29.31,red,18.0
485,391,"House 1, Floor 1, Room 7",2022-06-13,green,31.57,red,12.0
486,391,"House 1, Floor 1, Room 7",2022-06-14,yellow,31.86,red,17.0
487,391,"House 1, Floor 1, Room 7",2022-06-15,yellow,30.65,red,22.0
488,391,"House 1, Floor 1, Room 7",2022-06-16,yellow,31.22,red,25.0
617,392,"House 1, Floor 1, Room 8",2021-02-08,blue,,blue,
618,392,"House 1, Floor 1, Room 8",2021-02-09,blue,,blue,
619,392,"House 1, Floor 1, Room 8",2021-02-10,green,,blue,
496,392,"House 1, Floor 1, Room 8",2021-02-11,green,20.63,blue,
620,392,"House 1, Floor 1, Room 8",2021-02-12,green,,blue,
621,392,"House 1, Floor 1, Room 8",2021-02-13,blue,,blue,
622,392,"House 1, Floor 1, Room 8",2021-02-14,blue,,blue,
623,392,"House 1, Floor 1, Room 8",2021-02-15,blue,,blue,
624,392,"House 1, Floor 1, Room 8",2021-02-16,blue,,blue,
625,392,"House 1, Floor 1, Room 8",2021-02-17,blue,,blue,
626,392,"House 1, Floor 1, Room 8",2021-02-18,blue,,blue,
627,392,"House 1, Floor 1, Room 8",2021-02-19,blue,,blue,
628,392,"House 1, Floor 1, Room 8",2021-02-20,blue,,blue,
629,392,"House 1, Floor 1, Room 8",2021-02-21,blue,,blue,
630,392,"House 1, Floor 1, Room 8",2021-02-22,blue,,blue,
631,392,"House 1, Floor 1, Room 8",2021-02-23,blue,,blue,
632,392,"House 1, Floor 1, Room 8",2021-02-24,blue,,blue,
497,392,"House 1, Floor 1, Room 8",2021-02-25,green,26.79,red,
498,392,"House 1, Floor 1, Room 8",2021-02-26,green,26.41,red,30.0
499,392,"House 1, Floor 1, Room 8",2021-02-27,green,26.56,red,26.0
500,392,"House 1, Floor 1, Room 8",2021-02-28,green,26.73,red,27.0
501,392,"House 1, Floor 1, Room 8",2021-03-01,green,25.67,red,32.0
502,392,"House 1, Floor 1, Room 8",2021-03-02,green,25.72,red,25.0
503,392,"House 1, Floor 1, Room 8",2021-03-03,green,25.67,red,24.0
504,392,"House 1, Floor 1, Room 8",2021-03-04,green,25.12,red,26.0
505,392,"House 1, Floor 1, Room 8",2021-03-05,green,24.61,red,20.0
506,392,"House 1, Floor 1, Room 8",2021-03-06,green,24.73,red,27.0
507,392,"House 1, Floor 1, Room 8",2021-03-07,green,24.76,red,25.0
508,392,"House 1, Floor 1, Room 8",2021-03-08,green,24.92,red,26.0
509,392,"House 1, Floor 1, Room 8",2021-03-09,green,24.97,red,30.0
510,392,"House 1, Floor 1, Room 8",2021-03-10,green,25.21,red,25.0
511,392,"House 1, Floor 1, Room 8",2021-03-11,green,25.19,red,25.0
512,392,"House 1, Floor 1, Room 8",2021-03-12,green,25.04,red,17.0
513,392,"House 1, Floor 1, Room 8",2021-03-13,green,25.03,red,15.0
514,392,"House 1, Floor 1, Room 8",2021-03-14,green,24.86,red,6.0
515,392,"House 1, Floor 1, Room 8",2021-03-15,green,24.77,red,12.0
516,392,"House 1, Floor 1, Room 8",2021-03-16,green,24.54,red,4.0
517,392,"House 1, Floor 1, Room 8",2021-03-17,green,24.41,red,6.0
518,392,"House 1, Floor 1, Room 8",2021-03-18,green,23.64,red,10.0
519,392,"House 1, Floor 1, Room 8",2021-03-19,green,23.38,red,8.0
520,392,"House 1, Floor 1, Room 8",2021-03-20,green,23.46,red,7.0
521,392,"House 1, Floor 1, Room 8",2021-03-21,green,23.54,red,8.0
522,392,"House 1, Floor 1, Room 8",2021-03-22,green,23.47,red,10.0
523,392,"House 1, Floor 1, Room 8",2021-03-23,green,22.16,red,16.0
524,392,"House 1, Floor 1, Room 8",2021-03-24,yellow,22.69,red,16.0
525,392,"House 1, Floor 1, Room 8",2021-03-25,yellow,21.81,red,17.0
526,392,"House 1, Floor 1, Room 8",2021-03-26,yellow,21.76,red,22.0
527,392,"House 1, Floor 1, Room 8",2021-03-27,red,22.92,red,15.0
528,392,"House 1, Floor 1, Room 8",2021-03-28,green,21.27,red,28.0
529,392,"House 1, Floor 1, Room 8",2021-03-29,red,21.07,red,20.0
530,392,"House 1, Floor 1, Room 8",2021-03-30,yellow,21.54,red,21.0
531,392,"House 1, Floor 1, Room 8",2021-03-31,yellow,21.23,red,21.0
532,392,"House 1, Floor 1, Room 8",2021-04-01,green,20.1,red,29.0
533,392,"House 1, Floor 1, Room 8",2021-04-02,yellow,20.5,red,25.0
534,392,"House 1, Floor 1, Room 8",2021-04-03,red,21.04,red,29.0
535,392,"House 1, Floor 1, Room 8",2021-04-04,yellow,22.78,red,29.0
536,392,"House 1, Floor 1, Room 8",2021-04-05,yellow,22.64,red,25.0
537,392,"House 1, Floor 1, Room 8",2021-04-06,yellow,23.83,yellow,45.0
538,392,"House 1, Floor 1, Room 8",2021-04-07,yellow,24.44,red,23.0
539,392,"House 1, Floor 1, Room 8",2021-04-08,yellow,20.42,red,36.0
540,392,"House 1, Floor 1, Room 8",2021-04-09,red,22.79,red,19.0
541,392,"House 1, Floor 1, Room 8",2021-04-10,red,21.37,red,27.0
542,392,"House 1, Floor 1, Room 8",2021-04-11,red,21.89,red,24.0
543,392,"House 1, Floor 1, Room 8",2021-04-12,green,21.94,red,34.0
544,392,"House 1, Floor 1, Room 8",2021-04-13,red,19.69,red,35.0
545,392,"House 1, Floor 1, Room 8",2021-04-14,red,21.26,red,30.0
546,392,"House 1, Floor 1, Room 8",2021-04-15,yellow,21.17,yellow,44.0
547,392,"House 1, Floor 1, Room 8",2021-04-16,green,20.5,yellow,45.0
548,392,"House 1, Floor 1, Room 8",2021-04-17,red,19.87,yellow,51.0
549,392,"House 1, Floor 1, Room 8",2021-04-18,red,21.09,yellow,52.0
550,392,"House 1, Floor 1, Room 8",2021-04-19,yellow,20.52,yellow,45.0
551,392,"House 1, Floor 1, Room 8",2021-04-20,green,20.45,yellow,49.0
552,392,"House 1, Floor 1, Room 8",2021-04-21,green,20.4,yellow,48.0
553,392,"House 1, Floor 1, Room 8",2021-04-22,yellow,20.29,yellow,47.0
554,392,"House 1, Floor 1, Room 8",2021-04-23,yellow,20.44,yellow,43.0
555,392,"House 1, Floor 1, Room 8",2021-04-24,yellow,19.77,red,34.0
556,392,"House 1, Floor 1, Room 8",2021-04-25,yellow,20.79,red,35.0
557,392,"House 1, Floor 1, Room 8",2021-04-26,green,22.82,yellow,50.0
558,392,"House 1, Floor 1, Room 8",2021-04-27,green,24.31,red,32.0
559,392,"House 1, Floor 1, Room 8",2021-04-28,green,22.55,yellow,50.0
560,392,"House 1, Floor 1, Room 8",2021-04-29,yellow,21.42,yellow,48.0
561,392,"House 1, Floor 1, Room 8",2021-04-30,yellow,21.77,yellow,46.0
562,392,"House 1, Floor 1, Room 8",2021-05-01,yellow,22.87,red,34.0
563,392,"House 1, Floor 1, Room 8",2021-05-02,green,21.7,red,26.0
564,392,"House 1, Floor 1, Room 8",2021-05-03,yellow,23.5,red,29.0
565,392,"House 1, Floor 1, Room 8",2021-05-04,yellow,20.46,yellow,51.0
566,392,"House 1, Floor 1, Room 8",2021-05-05,red,20.28,yellow,56.0
567,392,"House 1, Floor 1, Room 8",2021-05-06,red,20.08,yellow,53.0
568,392,"House 1, Floor 1, Room 8",2021-05-07,yellow,20.44,yellow,55.0
633,392,"House 1, Floor 1, Room 8",2021-05-08,yellow,,green,68.0
634,392,"House 1, Floor 1, Room 8",2021-05-09,yellow,,green,72.0
569,392,"House 1, Floor 1, Room 8",2021-05-10,red,20.07,yellow,56.0
570,392,"House 1, Floor 1, Room 8",2021-05-11,yellow,19.65,yellow,56.0
571,392,"House 1, Floor 1, Room 8",2021-05-12,red,20.06,green,71.0
572,392,"House 1, Floor 1, Room 8",2021-05-13,red,20.48,green,73.0
573,392,"House 1, Floor 1, Room 8",2021-05-14,red,20.86,green,76.0
574,392,"House 1, Floor 1, Room 8",2021-05-15,green,20.16,green,77.0
575,392,"House 1, Floor 1, Room 8",2021-05-16,green,22.48,green,71.0
576,392,"House 1, Floor 1, Room 8",2021-05-17,green,22.46,green,77.0
577,392,"House 1, Floor 1, Room 8",2021-05-18,green,22.16,green,74.0
578,392,"House 1, Floor 1, Room 8",2021-05-19,blue,23.84,green,69.0
579,392,"House 1, Floor 1, Room 8",2021-05-20,yellow,25.11,green,70.0
580,392,"House 1, Floor 1, Room 8",2021-05-21,yellow,25.15,green,76.0
581,392,"House 1, Floor 1, Room 8",2021-05-22,red,25.74,green,78.0
582,392,"House 1, Floor 1, Room 8",2021-05-23,yellow,26.38,green,76.0
583,392,"House 1, Floor 1, Room 8",2021-05-24,yellow,26.56,green,75.0
584,392,"House 1, Floor 1, Room 8",2021-05-25,green,26.83,green,77.0
585,392,"House 1, Floor 1, Room 8",2021-05-26,red,25.24,green,76.0
586,392,"House 1, Floor 1, Room 8",2021-05-27,green,23.69,green,82.0
587,392,"House 1, Floor 1, Room 8",2021-05-28,yellow,20.47,green,84.0
588,392,"House 1, Floor 1, Room 8",2021-05-29,yellow,18.61,green,89.0
589,392,"House 1, Floor 1, Room 8",2021-05-30,green,20.07,green,89.0
590,392,"House 1, Floor 1, Room 8",2021-05-31,yellow,21.7,green,86.0
591,392,"House 1, Floor 1, Room 8",2021-06-01,green,20.88,green,88.0
592,392,"House 1, Floor 1, Room 8",2021-06-02,green,21.15,green,88.0
593,392,"House 1, Floor 1, Room 8",2021-06-03,yellow,22.99,green,82.0
594,392,"House 1, Floor 1, Room 8",2021-06-04,yellow,25.2,green,86.0
595,392,"House 1, Floor 1, Room 8",2021-06-05,yellow,26.23,green,83.0
596,392,"House 1, Floor 1, Room 8",2021-06-06,green,26.04,green,82.0
597,392,"House 1, Floor 1, Room 8",2021-06-07,green,25.88,green,84.0
598,392,"House 1, Floor 1, Room 8",2021-06-08,green,24.81,green,84.0
599,392,"House 1, Floor 1, Room 8",2021-06-09,yellow,26.02,green,88.0
600,392,"House 1, Floor 1, Room 8",2021-06-10,yellow,27.69,green,86.0
601,392,"House 1, Floor 1, Room 8",2021-06-11,yellow,29.3,green,89.0
602,392,"House 1, Floor 1, Room 8",2021-06-12,yellow,30.48,green,86.0
603,392,"House 1, Floor 1, Room 8",2021-06-13,red,28.37,green,88.0
604,392,"House 1, Floor 1, Room 8",2021-06-14,red,27.66,green,88.0
605,392,"House 1, Floor 1, Room 8",2021-06-15,red,25.53,green,88.0
606,392,"House 1, Floor 1, Room 8",2021-06-16,red,25.73,green,87.0
607,392,"House 1, Floor 1, Room 8",2021-06-17,yellow,27.74,green,88.0
608,392,"House 1, Floor 1, Room 8",2021-06-18,yellow,31.23,green,92.0
609,392,"House 1, Floor 1, Room 8",2021-06-19,green,28.36,green,92.0
610,392,"House 1, Floor 1, Room 8",2021-06-20,green,29.89,green,95.0
611,392,"House 1, Floor 1, Room 8",2021-06-21,yellow,23.46,green,94.0
612,392,"House 1, Floor 1, Room 8",2021-06-22,yellow,21.28,green,89.0
613,392,"House 1, Floor 1, Room 8",2021-06-23,yellow,24.06,green,91.0
614,392,"House 1, Floor 1, Room 8",2021-06-24,green,25.87,green,91.0
615,392,"House 1, Floor 1, Room 8",2021-06-25,blue,26.9,blue,
635,392,"House 1, Floor 1, Room 8",2021-06-26,blue,,blue,
636,392,"House 1, Floor 1, Room 8",2021-06-27,blue,,blue,
637,392,"House 1, Floor 1, Room 8",2021-06-28,blue,,blue,
638,392,"House 1, Floor 1, Room 8",2021-06-29,blue,,blue,
639,392,"House 1, Floor 1, Room 8",2021-06-30,blue,,blue,
640,392,"House 1, Floor 1, Room 8",2021-07-01,blue,,blue,
641,392,"House 1, Floor 1, Room 8",2021-07-02,blue,,blue,
642,392,"House 1, Floor 1, Room 8",2021-07-03,blue,,blue,
643,392,"House 1, Floor 1, Room 8",2021-07-04,blue,,blue,
644,392,"House 1, Floor 1, Room 8",2021-07-05,blue,,blue,
645,392,"House 1, Floor 1, Room 8",2021-07-06,blue,,blue,
646,392,"House 1, Floor 1, Room 8",2021-07-07,blue,,blue,
647,392,"House 1, Floor 1, Room 8",2021-07-08,blue,,blue,
648,392,"House 1, Floor 1, Room 8",2021-07-09,blue,,blue,
649,392,"House 1, Floor 1, Room 8",2021-07-10,blue,,blue,
650,392,"House 1, Floor 1, Room 8",2021-07-11,blue,,blue,
651,392,"House 1, Floor 1, Room 8",2021-07-12,blue,,blue,
616,392,"House 1, Floor 1, Room 8",2021-07-13,blue,19.14,blue,
652,392,"House 1, Floor 1, Room 8",2021-07-14,blue,,blue,
653,392,"House 1, Floor 1, Room 8",2021-07-15,blue,,blue,
654,392,"House 1, Floor 1, Room 8",2021-07-16,blue,,blue,
655,392,"House 1, Floor 1, Room 8",2021-07-17,blue,,blue,
656,392,"House 1, Floor 1, Room 8",2021-07-18,blue,,blue,
657,392,"House 1, Floor 1, Room 8",2021-07-19,blue,,blue,
658,392,"House 1, Floor 1, Room 8",2021-07-20,blue,,blue,
659,392,"House 1, Floor 1, Room 8",2021-07-21,blue,,blue,
660,392,"House 1, Floor 1, Room 8",2021-07-22,blue,,blue,
661,392,"House 1, Floor 1, Room 8",2021-07-23,blue,,blue,
662,392,"House 1, Floor 1, Room 8",2021-07-24,blue,,blue,
663,392,"House 1, Floor 1, Room 8",2021-07-25,blue,,blue,
664,392,"House 1, Floor 1, Room 8",2021-07-26,blue,,blue,
665,392,"House 1, Floor 1, Room 8",2021-07-27,blue,,blue,
666,392,"House 1, Floor 1, Room 8",2021-07-28,blue,,blue,
667,392,"House 1, Floor 1, Room 8",2021-07-29,blue,,blue,
668,392,"House 1, Floor 1, Room 8",2021-07-30,blue,,blue,
669,392,"House 1, Floor 1, Room 8",2021-07-31,blue,,blue,
670,392,"House 1, Floor 1, Room 8",2021-08-01,blue,,blue,
671,392,"House 1, Floor 1, Room 8",2021-08-02,blue,,blue,
672,392,"House 1, Floor 1, Room 8",2021-08-03,blue,,blue,
673,392,"House 1, Floor 1, Room 8",2021-08-04,blue,,blue,
674,392,"House 1, Floor 1, Room 8",2021-08-05,blue,,blue,
675,392,"House 1, Floor 1, Room 8",2021-08-06,blue,,blue,
676,392,"House 1, Floor 1, Room 8",2021-08-07,blue,,blue,
677,392,"House 1, Floor 1, Room 8",2021-08-08,blue,,blue,
678,392,"House 1, Floor 1, Room 8",2021-08-09,blue,,blue,
831,392,"House 1, Floor 1, Room 8",2021-08-09,blue,,blue,
832,392,"House 1, Floor 1, Room 8",2021-08-10,blue,,blue,
833,392,"House 1, Floor 1, Room 8",2021-08-11,blue,,blue,
834,392,"House 1, Floor 1, Room 8",2021-08-12,blue,,blue,
835,392,"House 1, Floor 1, Room 8",2021-08-13,blue,,blue,
836,392,"House 1, Floor 1, Room 8",2021-08-14,blue,,blue,
837,392,"House 1, Floor 1, Room 8",2021-08-15,blue,,blue,
838,392,"House 1, Floor 1, Room 8",2021-08-16,blue,,blue,
839,392,"House 1, Floor 1, Room 8",2021-08-17,blue,,blue,
840,392,"House 1, Floor 1, Room 8",2021-08-18,blue,,blue,
841,392,"House 1, Floor 1, Room 8",2021-08-19,blue,,blue,
842,392,"House 1, Floor 1, Room 8",2021-08-20,blue,,blue,
843,392,"House 1, Floor 1, Room 8",2021-08-21,blue,,blue,
844,392,"House 1, Floor 1, Room 8",2021-08-22,blue,,blue,
845,392,"House 1, Floor 1, Room 8",2021-08-23,blue,,blue,
846,392,"House 1, Floor 1, Room 8",2021-08-24,blue,,blue,
847,392,"House 1, Floor 1, Room 8",2021-08-25,blue,,blue,
848,392,"House 1, Floor 1, Room 8",2021-08-26,blue,,blue,
849,392,"House 1, Floor 1, Room 8",2021-08-27,blue,,blue,
850,392,"House 1, Floor 1, Room 8",2021-08-28,blue,,blue,
851,392,"House 1, Floor 1, Room 8",2021-08-29,blue,,blue,
852,392,"House 1, Floor 1, Room 8",2021-08-30,blue,,blue,
853,392,"House 1, Floor 1, Room 8",2021-08-31,blue,,blue,
854,392,"House 1, Floor 1, Room 8",2021-09-01,blue,,blue,
855,392,"House 1, Floor 1, Room 8",2021-09-02,blue,,blue,
856,392,"House 1, Floor 1, Room 8",2021-09-03,blue,,blue,
857,392,"House 1, Floor 1, Room 8",2021-09-04,blue,,blue,
858,392,"House 1, Floor 1, Room 8",2021-09-05,blue,,blue,
859,392,"House 1, Floor 1, Room 8",2021-09-06,blue,,blue,
860,392,"House 1, Floor 1, Room 8",2021-09-07,blue,,blue,
861,392,"House 1, Floor 1, Room 8",2021-09-08,blue,,blue,
679,392,"House 1, Floor 1, Room 8",2021-09-09,green,27.71,blue,
680,392,"House 1, Floor 1, Room 8",2021-09-10,green,27.15,green,73.0
681,392,"House 1, Floor 1, Room 8",2021-09-11,green,27.48,red,36.0
682,392,"House 1, Floor 1, Room 8",2021-09-12,green,27.68,yellow,47.0
683,392,"House 1, Floor 1, Room 8",2021-09-13,green,28.21,green,66.0
684,392,"House 1, Floor 1, Room 8",2021-09-14,green,29.06,green,66.0
685,392,"House 1, Floor 1, Room 8",2021-09-15,green,27.82,yellow,52.0
686,392,"House 1, Floor 1, Room 8",2021-09-16,green,27.74,yellow,53.0
687,392,"House 1, Floor 1, Room 8",2021-09-17,green,28.37,yellow,51.0
688,392,"House 1, Floor 1, Room 8",2021-09-18,green,28.78,red,37.0
689,392,"House 1, Floor 1, Room 8",2021-09-19,green,28.15,red,30.0
690,392,"House 1, Floor 1, Room 8",2021-09-20,green,28.36,yellow,51.0
691,392,"House 1, Floor 1, Room 8",2021-09-21,green,26.85,yellow,48.0
692,392,"House 1, Floor 1, Room 8",2021-09-22,green,25.64,green,70.0
693,392,"House 1, Floor 1, Room 8",2021-09-23,green,25.66,green,76.0
694,392,"House 1, Floor 1, Room 8",2021-09-24,green,26.03,green,70.0
695,392,"House 1, Floor 1, Room 8",2021-09-25,green,25.86,yellow,57.0
696,392,"House 1, Floor 1, Room 8",2021-09-26,green,25.91,yellow,57.0
697,392,"House 1, Floor 1, Room 8",2021-09-27,yellow,27.33,green,76.0
698,392,"House 1, Floor 1, Room 8",2021-09-28,yellow,27.3,green,80.0
699,392,"House 1, Floor 1, Room 8",2021-09-29,yellow,26.9,green,82.0
700,392,"House 1, Floor 1, Room 8",2021-09-30,green,26.51,green,77.0
701,392,"House 1, Floor 1, Room 8",2021-10-01,green,25.92,green,79.0
702,392,"House 1, Floor 1, Room 8",2021-10-02,green,24.82,green,75.0
703,392,"House 1, Floor 1, Room 8",2021-10-03,green,24.39,green,69.0
704,392,"House 1, Floor 1, Room 8",2021-10-04,yellow,24.19,green,73.0
705,392,"House 1, Floor 1, Room 8",2021-10-05,green,24.14,green,69.0
706,392,"House 1, Floor 1, Room 8",2021-10-06,green,23.94,green,65.0
707,392,"House 1, Floor 1, Room 8",2021-10-07,green,23.98,yellow,55.0
708,392,"House 1, Floor 1, Room 8",2021-10-08,green,25.1,yellow,54.0
709,392,"House 1, Floor 1, Room 8",2021-10-09,green,26.06,yellow,56.0
710,392,"House 1, Floor 1, Room 8",2021-10-10,green,26.62,yellow,56.0
711,392,"House 1, Floor 1, Room 8",2021-10-11,green,25.02,yellow,52.0
712,392,"House 1, Floor 1, Room 8",2021-10-12,green,23.91,yellow,49.0
713,392,"House 1, Floor 1, Room 8",2021-10-13,green,24.77,yellow,46.0
714,392,"House 1, Floor 1, Room 8",2021-10-14,green,24.63,red,33.0
715,392,"House 1, Floor 1, Room 8",2021-10-15,yellow,23.53,red,29.0
716,392,"House 1, Floor 1, Room 8",2021-10-16,green,22.67,red,25.0
717,392,"House 1, Floor 1, Room 8",2021-10-17,yellow,22.94,red,28.0
718,392,"House 1, Floor 1, Room 8",2021-10-18,yellow,23.08,red,25.0
719,392,"House 1, Floor 1, Room 8",2021-10-19,yellow,22.6,red,22.0
720,392,"House 1, Floor 1, Room 8",2021-10-20,green,23.29,red,29.0
721,392,"House 1, Floor 1, Room 8",2021-10-21,yellow,21.33,red,35.0
722,392,"House 1, Floor 1, Room 8",2021-10-22,yellow,20.98,red,25.0
723,392,"House 1, Floor 1, Room 8",2021-10-23,yellow,20.54,red,27.0
724,392,"House 1, Floor 1, Room 8",2021-10-24,yellow,22.69,red,19.0
725,392,"House 1, Floor 1, Room 8",2021-10-25,yellow,19.77,red,20.0
726,392,"House 1, Floor 1, Room 8",2021-10-26,yellow,20.96,red,23.0
727,392,"House 1, Floor 1, Room 8",2021-10-27,yellow,20.69,red,15.0
728,392,"House 1, Floor 1, Room 8",2021-10-28,green,19.7,red,23.0
729,392,"House 1, Floor 1, Room 8",2021-10-29,yellow,19.57,red,12.0
730,392,"House 1, Floor 1, Room 8",2021-10-30,yellow,19.32,red,7.0
731,392,"House 1, Floor 1, Room 8",2021-10-31,red,20.23,red,5.0
732,392,"House 1, Floor 1, Room 8",2021-11-01,green,20.39,red,8.0
733,392,"House 1, Floor 1, Room 8",2021-11-02,green,20.32,red,5.0
734,392,"House 1, Floor 1, Room 8",2021-11-03,green,20.31,red,5.0
735,392,"House 1, Floor 1, Room 8",2021-11-04,green,20.2,red,6.0
736,392,"House 1, Floor 1, Room 8",2021-11-05,red,20.28,red,6.0
737,392,"House 1, Floor 1, Room 8",2021-11-06,red,20.4,red,8.0
738,392,"House 1, Floor 1, Room 8",2021-11-07,yellow,20.37,red,8.0
739,392,"House 1, Floor 1, Room 8",2021-11-08,red,20.56,red,12.0
740,392,"House 1, Floor 1, Room 8",2021-11-09,green,19.5,red,12.0
741,392,"House 1, Floor 1, Room 8",2021-11-10,green,19.99,red,12.0
742,392,"House 1, Floor 1, Room 8",2021-11-11,red,19.72,red,21.0
743,392,"House 1, Floor 1, Room 8",2021-11-12,yellow,19.28,red,23.0
744,392,"House 1, Floor 1, Room 8",2021-11-13,green,20.12,red,14.0
745,392,"House 1, Floor 1, Room 8",2021-11-14,green,19.44,red,27.0
746,392,"House 1, Floor 1, Room 8",2021-11-15,yellow,20.07,red,30.0
747,392,"House 1, Floor 1, Room 8",2021-11-16,green,20.48,yellow,45.0
748,392,"House 1, Floor 1, Room 8",2021-11-17,green,21.22,red,16.0
749,392,"House 1, Floor 1, Room 8",2021-11-18,green,20.57,red,21.0
750,392,"House 1, Floor 1, Room 8",2021-11-19,green,19.94,red,15.0
751,392,"House 1, Floor 1, Room 8",2021-11-20,green,20.58,red,19.0
752,392,"House 1, Floor 1, Room 8",2021-11-21,green,20.34,red,18.0
753,392,"House 1, Floor 1, Room 8",2021-11-22,green,19.7,red,19.0
754,392,"House 1, Floor 1, Room 8",2021-11-23,yellow,19.16,red,16.0
755,392,"House 1, Floor 1, Room 8",2021-11-24,green,19.38,red,17.0
756,392,"House 1, Floor 1, Room 8",2021-11-25,green,20.14,red,12.0
757,392,"House 1, Floor 1, Room 8",2021-11-26,green,20.13,red,11.0
758,392,"House 1, Floor 1, Room 8",2021-11-27,green,20.12,red,14.0
759,392,"House 1, Floor 1, Room 8",2021-11-28,green,20.19,red,13.0
760,392,"House 1, Floor 1, Room 8",2021-11-29,green,20.04,red,15.0
761,392,"House 1, Floor 1, Room 8",2021-11-30,green,18.91,red,16.0
762,392,"House 1, Floor 1, Room 8",2021-12-01,yellow,18.02,red,20.0
763,392,"House 1, Floor 1, Room 8",2021-12-02,yellow,19.61,red,25.0
764,392,"House 1, Floor 1, Room 8",2021-12-03,yellow,21.16,red,24.0
765,392,"House 1, Floor 1, Room 8",2021-12-04,green,20.39,red,25.0
766,392,"House 1, Floor 1, Room 8",2021-12-05,green,21.0,red,22.0
767,392,"House 1, Floor 1, Room 8",2021-12-06,yellow,20.39,red,29.0
768,392,"House 1, Floor 1, Room 8",2021-12-07,yellow,19.14,red,29.0
769,392,"House 1, Floor 1, Room 8",2021-12-08,green,19.26,red,30.0
770,392,"House 1, Floor 1, Room 8",2021-12-09,yellow,19.78,red,30.0
771,392,"House 1, Floor 1, Room 8",2021-12-10,green,21.33,red,30.0
772,392,"House 1, Floor 1, Room 8",2021-12-11,green,20.19,red,32.0
773,392,"House 1, Floor 1, Room 8",2021-12-12,green,20.01,yellow,49.0
774,392,"House 1, Floor 1, Room 8",2021-12-13,red,20.34,yellow,54.0
775,392,"House 1, Floor 1, Room 8",2021-12-14,green,20.95,yellow,49.0
776,392,"House 1, Floor 1, Room 8",2021-12-15,green,22.11,yellow,47.0
777,392,"House 1, Floor 1, Room 8",2021-12-16,green,20.32,yellow,52.0
778,392,"House 1, Floor 1, Room 8",2021-12-17,yellow,20.31,yellow,54.0
779,392,"House 1, Floor 1, Room 8",2021-12-18,green,20.14,yellow,55.0
780,392,"House 1, Floor 1, Room 8",2021-12-19,green,20.15,yellow,53.0
781,392,"House 1, Floor 1, Room 8",2021-12-20,green,19.53,yellow,55.0
782,392,"House 1, Floor 1, Room 8",2021-12-21,yellow,19.82,green,71.0
783,392,"House 1, Floor 1, Room 8",2021-12-22,green,20.09,yellow,57.0
784,392,"House 1, Floor 1, Room 8",2021-12-23,yellow,19.73,green,69.0
785,392,"House 1, Floor 1, Room 8",2021-12-24,green,20.57,yellow,56.0
786,392,"House 1, Floor 1, Room 8",2021-12-25,red,20.35,green,70.0
787,392,"House 1, Floor 1, Room 8",2021-12-26,red,18.6,green,71.0
788,392,"House 1, Floor 1, Room 8",2021-12-27,red,20.5,green,69.0
789,392,"House 1, Floor 1, Room 8",2021-12-28,red,19.3,green,72.0
790,392,"House 1, Floor 1, Room 8",2021-12-29,red,19.46,green,67.0
791,392,"House 1, Floor 1, Room 8",2021-12-30,yellow,19.53,green,74.0
792,392,"House 1, Floor 1, Room 8",2021-12-31,green,20.79,green,70.0
793,392,"House 1, Floor 1, Room 8",2022-01-01,yellow,19.54,green,65.0
794,392,"House 1, Floor 1, Room 8",2022-01-02,green,19.76,green,72.0
795,392,"House 1, Floor 1, Room 8",2022-01-03,green,19.65,green,75.0
796,392,"House 1, Floor 1, Room 8",2022-01-04,green,19.71,green,75.0
797,392,"House 1, Floor 1, Room 8",2022-01-05,green,19.86,green,77.0
798,392,"House 1, Floor 1, Room 8",2022-01-06,red,18.45,green,75.0
799,392,"House 1, Floor 1, Room 8",2022-01-07,yellow,18.06,green,79.0
800,392,"House 1, Floor 1, Room 8",2022-01-08,red,19.02,green,80.0
801,392,"House 1, Floor 1, Room 8",2022-01-09,green,19.93,green,75.0
802,392,"House 1, Floor 1, Room 8",2022-01-10,green,19.07,green,83.0
803,392,"House 1, Floor 1, Room 8",2022-01-11,yellow,18.83,green,83.0
804,392,"House 1, Floor 1, Room 8",2022-01-12,red,19.39,green,80.0
805,392,"House 1, Floor 1, Room 8",2022-01-13,red,19.56,green,77.0
806,392,"House 1, Floor 1, Room 8",2022-01-14,green,19.69,green,83.0
807,392,"House 1, Floor 1, Room 8",2022-01-15,green,19.84,green,73.0
808,392,"House 1, Floor 1, Room 8",2022-01-16,yellow,19.87,green,82.0
809,392,"House 1, Floor 1, Room 8",2022-01-17,green,19.56,green,82.0
810,392,"House 1, Floor 1, Room 8",2022-01-18,green,19.28,green,83.0
811,392,"House 1, Floor 1, Room 8",2022-01-19,yellow,19.2,green,83.0
812,392,"House 1, Floor 1, Room 8",2022-01-20,red,18.45,green,84.0
813,392,"House 1, Floor 1, Room 8",2022-01-21,red,17.74,green,84.0
814,392,"House 1, Floor 1, Room 8",2022-01-22,green,18.1,green,85.0
815,392,"House 1, Floor 1, Room 8",2022-01-23,green,19.18,green,82.0
816,392,"House 1, Floor 1, Room 8",2022-01-24,red,18.58,green,90.0
817,392,"House 1, Floor 1, Room 8",2022-01-25,red,18.7,green,90.0
818,392,"House 1, Floor 1, Room 8",2022-01-26,yellow,17.58,green,85.0
819,392,"House 1, Floor 1, Room 8",2022-01-27,red,18.3,green,89.0
820,392,"House 1, Floor 1, Room 8",2022-01-28,yellow,18.87,green,92.0
821,392,"House 1, Floor 1, Room 8",2022-01-29,yellow,17.94,green,92.0
822,392,"House 1, Floor 1, Room 8",2022-01-30,yellow,18.65,green,73.0
823,392,"House 1, Floor 1, Room 8",2022-01-31,red,18.71,green,91.0
824,392,"House 1, Floor 1, Room 8",2022-02-01,yellow,18.47,green,91.0
825,392,"House 1, Floor 1, Room 8",2022-02-02,yellow,18.81,green,92.0
826,392,"House 1, Floor 1, Room 8",2022-02-03,yellow,17.93,green,93.0
827,392,"House 1, Floor 1, Room 8",2022-02-04,red,17.52,green,92.0
828,392,"House 1, Floor 1, Room 8",2022-02-05,red,16.73,green,90.0
829,392,"House 1, Floor 1, Room 8",2022-02-06,red,17.26,green,90.0
830,392,"House 1, Floor 1, Room 8",2022-02-07,yellow,17.26,green,
862,392,"House 1, Floor 1, Room 8",2022-02-07,yellow,18.59,green,94.0
863,392,"House 1, Floor 1, Room 8",2022-02-08,red,17.77,green,91.0
864,392,"House 1, Floor 1, Room 8",2022-02-09,red,17.9,green,90.0
865,392,"House 1, Floor 1, Room 8",2022-02-10,red,17.61,green,89.0
866,392,"House 1, Floor 1, Room 8",2022-02-11,red,16.7,green,85.0
867,392,"House 1, Floor 1, Room 8",2022-02-12,red,17.85,green,92.0
868,392,"House 1, Floor 1, Room 8",2022-02-13,red,17.17,green,91.0
869,392,"House 1, Floor 1, Room 8",2022-02-14,red,17.52,green,90.0
870,392,"House 1, Floor 1, Room 8",2022-02-15,yellow,18.08,green,92.0
871,392,"House 1, Floor 1, Room 8",2022-02-16,yellow,18.94,green,91.0
872,392,"House 1, Floor 1, Room 8",2022-02-17,red,17.89,green,92.0
873,392,"House 1, Floor 1, Room 8",2022-02-18,green,17.38,green,90.0
874,392,"House 1, Floor 1, Room 8",2022-02-19,green,18.14,green,92.0
875,392,"House 1, Floor 1, Room 8",2022-02-20,yellow,17.95,green,90.0
876,392,"House 1, Floor 1, Room 8",2022-02-21,green,18.97,green,87.0
877,392,"House 1, Floor 1, Room 8",2022-02-22,yellow,18.2,green,85.0
878,392,"House 1, Floor 1, Room 8",2022-02-23,green,16.67,green,88.0
879,392,"House 1, Floor 1, Room 8",2022-02-24,green,16.8,green,84.0
880,392,"House 1, Floor 1, Room 8",2022-02-25,yellow,15.76,green,82.0
881,392,"House 1, Floor 1, Room 8",2022-02-26,yellow,15.99,green,88.0
882,392,"House 1, Floor 1, Room 8",2022-02-27,green,16.57,green,91.0
883,392,"House 1, Floor 1, Room 8",2022-02-28,green,17.07,green,88.0
884,392,"House 1, Floor 1, Room 8",2022-03-01,yellow,18.11,green,91.0
885,392,"House 1, Floor 1, Room 8",2022-03-02,yellow,19.15,green,88.0
886,392,"House 1, Floor 1, Room 8",2022-03-03,green,17.17,green,86.0
887,392,"House 1, Floor 1, Room 8",2022-03-04,green,16.92,green,86.0
888,392,"House 1, Floor 1, Room 8",2022-03-05,green,19.18,green,92.0
889,392,"House 1, Floor 1, Room 8",2022-03-06,green,17.48,green,87.0
890,392,"House 1, Floor 1, Room 8",2022-03-07,yellow,16.4,green,86.0
891,392,"House 1, Floor 1, Room 8",2022-03-08,red,16.0,green,86.0
892,392,"House 1, Floor 1, Room 8",2022-03-09,red,15.27,green,88.0
893,392,"House 1, Floor 1, Room 8",2022-03-10,red,15.33,green,98.0
894,392,"House 1, Floor 1, Room 8",2022-03-11,yellow,9.55,green,96.0
895,392,"House 1, Floor 1, Room 8",2022-03-12,yellow,8.98,green,96.0
896,392,"House 1, Floor 1, Room 8",2022-03-13,green,10.58,green,96.0
897,392,"House 1, Floor 1, Room 8",2022-03-14,blue,9.06,blue,
985,392,"House 1, Floor 1, Room 8",2022-03-15,blue,,blue,
986,392,"House 1, Floor 1, Room 8",2022-03-16,blue,,blue,
987,392,"House 1, Floor 1, Room 8",2022-03-17,blue,,blue,
988,392,"House 1, Floor 1, Room 8",2022-03-18,blue,,blue,
989,392,"House 1, Floor 1, Room 8",2022-03-19,blue,,blue,
990,392,"House 1, Floor 1, Room 8",2022-03-20,blue,,blue,
991,392,"House 1, Floor 1, Room 8",2022-03-21,blue,,blue,
898,392,"House 1, Floor 1, Room 8",2022-03-22,green,17.29,blue,
899,392,"House 1, Floor 1, Room 8",2022-03-23,green,17.41,green,97.0
900,392,"House 1, Floor 1, Room 8",2022-03-24,green,15.54,green,97.0
901,392,"House 1, Floor 1, Room 8",2022-03-25,green,15.7,green,96.0
902,392,"House 1, Floor 1, Room 8",2022-03-26,green,15.31,green,96.0
903,392,"House 1, Floor 1, Room 8",2022-03-27,green,15.51,green,97.0
904,392,"House 1, Floor 1, Room 8",2022-03-28,green,16.03,green,97.0
905,392,"House 1, Floor 1, Room 8",2022-03-29,yellow,17.73,green,96.0
906,392,"House 1, Floor 1, Room 8",2022-03-30,yellow,26.16,green,97.0
907,392,"House 1, Floor 1, Room 8",2022-03-31,red,26.15,green,99.0
908,392,"House 1, Floor 1, Room 8",2022-04-01,red,26.09,green,95.0
909,392,"House 1, Floor 1, Room 8",2022-04-02,red,26.13,green,94.0
910,392,"House 1, Floor 1, Room 8",2022-04-03,green,26.5,green,83.0
911,392,"House 1, Floor 1, Room 8",2022-04-04,green,26.28,green,85.0
912,392,"House 1, Floor 1, Room 8",2022-04-05,green,26.44,green,80.0
913,392,"House 1, Floor 1, Room 8",2022-04-06,yellow,26.01,green,86.0
914,392,"House 1, Floor 1, Room 8",2022-04-07,yellow,25.65,green,87.0
915,392,"House 1, Floor 1, Room 8",2022-04-08,yellow,24.77,green,94.0
916,392,"House 1, Floor 1, Room 8",2022-04-09,green,25.69,green,92.0
917,392,"House 1, Floor 1, Room 8",2022-04-10,green,26.54,green,82.0
918,392,"House 1, Floor 1, Room 8",2022-04-11,green,25.96,green,76.0
919,392,"House 1, Floor 1, Room 8",2022-04-12,green,26.51,green,68.0
920,392,"House 1, Floor 1, Room 8",2022-04-13,yellow,26.0,green,73.0
921,392,"House 1, Floor 1, Room 8",2022-04-14,green,24.74,green,85.0
922,392,"House 1, Floor 1, Room 8",2022-04-15,yellow,24.77,green,82.0
923,392,"House 1, Floor 1, Room 8",2022-04-16,green,24.41,green,84.0
924,392,"House 1, Floor 1, Room 8",2022-04-17,green,24.12,green,79.0
925,392,"House 1, Floor 1, Room 8",2022-04-18,yellow,23.68,green,83.0
926,392,"House 1, Floor 1, Room 8",2022-04-19,green,23.78,green,83.0
927,392,"House 1, Floor 1, Room 8",2022-04-20,green,23.73,green,74.0
928,392,"House 1, Floor 1, Room 8",2022-04-21,green,24.91,green,73.0
929,392,"House 1, Floor 1, Room 8",2022-04-22,yellow,25.7,green,74.0
930,392,"House 1, Floor 1, Room 8",2022-04-23,yellow,25.71,green,78.0
931,392,"House 1, Floor 1, Room 8",2022-04-24,yellow,24.54,green,80.0
932,392,"House 1, Floor 1, Room 8",2022-04-25,green,23.83,green,68.0
933,392,"House 1, Floor 1, Room 8",2022-04-26,green,22.77,yellow,43.0
934,392,"House 1, Floor 1, Room 8",2022-04-27,green,23.39,yellow,58.0
935,392,"House 1, Floor 1, Room 8",2022-04-28,green,23.83,yellow,42.0
936,392,"House 1, Floor 1, Room 8",2022-04-29,yellow,24.02,yellow,43.0
937,392,"House 1, Floor 1, Room 8",2022-04-30,yellow,23.92,green,69.0
938,392,"House 1, Floor 1, Room 8",2022-05-01,yellow,24.06,yellow,59.0
939,392,"House 1, Floor 1, Room 8",2022-05-02,yellow,23.22,yellow,49.0
940,392,"House 1, Floor 1, Room 8",2022-05-03,green,23.23,yellow,57.0
941,392,"House 1, Floor 1, Room 8",2022-05-04,yellow,23.15,red,38.0
942,392,"House 1, Floor 1, Room 8",2022-05-05,yellow,22.37,red,35.0
943,392,"House 1, Floor 1, Room 8",2022-05-06,green,22.81,red,30.0
944,392,"House 1, Floor 1, Room 8",2022-05-07,yellow,23.16,red,31.0
945,392,"House 1, Floor 1, Room 8",2022-05-08,yellow,23.41,red,34.0
946,392,"House 1, Floor 1, Room 8",2022-05-09,green,25.4,red,29.0
947,392,"House 1, Floor 1, Room 8",2022-05-10,yellow,27.22,red,28.0
948,392,"House 1, Floor 1, Room 8",2022-05-11,yellow,28.44,red,39.0
949,392,"House 1, Floor 1, Room 8",2022-05-12,red,28.05,red,39.0
950,392,"House 1, Floor 1, Room 8",2022-05-13,yellow,26.66,red,34.0
951,392,"House 1, Floor 1, Room 8",2022-05-14,red,26.61,red,32.0
952,392,"House 1, Floor 1, Room 8",2022-05-15,yellow,25.25,red,28.0
953,392,"House 1, Floor 1, Room 8",2022-05-16,red,23.53,red,33.0
954,392,"House 1, Floor 1, Room 8",2022-05-17,yellow,24.59,red,30.0
955,392,"House 1, Floor 1, Room 8",2022-05-18,yellow,24.13,red,22.0
956,392,"House 1, Floor 1, Room 8",2022-05-19,red,24.34,red,31.0
957,392,"House 1, Floor 1, Room 8",2022-05-20,green,26.79,red,35.0
958,392,"House 1, Floor 1, Room 8",2022-05-21,green,22.75,red,34.0
959,392,"House 1, Floor 1, Room 8",2022-05-22,yellow,20.82,yellow,55.0
960,392,"House 1, Floor 1, Room 8",2022-05-23,yellow,20.58,red,33.0
961,392,"House 1, Floor 1, Room 8",2022-05-24,green,22.06,red,28.0
962,392,"House 1, Floor 1, Room 8",2022-05-25,yellow,25.7,red,39.0
963,392,"House 1, Floor 1, Room 8",2022-05-26,green,23.75,red,34.0
964,392,"House 1, Floor 1, Room 8",2022-05-27,green,21.39,yellow,54.0
965,392,"House 1, Floor 1, Room 8",2022-05-28,green,23.05,yellow,49.0
966,392,"House 1, Floor 1, Room 8",2022-05-29,yellow,26.06,yellow,56.0
967,392,"House 1, Floor 1, Room 8",2022-05-30,yellow,27.21,yellow,57.0
968,392,"House 1, Floor 1, Room 8",2022-05-31,yellow,27.66,yellow,56.0
969,392,"House 1, Floor 1, Room 8",2022-06-01,yellow,25.74,yellow,44.0
970,392,"House 1, Floor 1, Room 8",2022-06-02,yellow,23.56,red,38.0
971,392,"House 1, Floor 1, Room 8",2022-06-03,red,23.56,red,40.0
972,392,"House 1, Floor 1, Room 8",2022-06-04,red,24.88,red,28.0
973,392,"House 1, Floor 1, Room 8",2022-06-05,yellow,25.76,red,30.0
974,392,"House 1, Floor 1, Room 8",2022-06-06,green,23.86,red,32.0
975,392,"House 1, Floor 1, Room 8",2022-06-07,yellow,25.38,red,28.0
976,392,"House 1, Floor 1, Room 8",2022-06-08,yellow,24.7,red,24.0
977,392,"House 1, Floor 1, Room 8",2022-06-09,yellow,24.53,red,30.0
978,392,"House 1, Floor 1, Room 8",2022-06-10,green,23.67,red,18.0
979,392,"House 1, Floor 1, Room 8",2022-06-11,yellow,26.05,red,25.0
980,392,"House 1, Floor 1, Room 8",2022-06-12,yellow,29.71,red,31.0
981,392,"House 1, Floor 1, Room 8",2022-06-13,green,31.65,red,38.0
982,392,"House 1, Floor 1, Room 8",2022-06-14,yellow,31.76,red,34.0
983,392,"House 1, Floor 1, Room 8",2022-06-15,yellow,30.74,yellow,51.0
984,392,"House 1, Floor 1, Room 8",2022-06-16,yellow,31.14,yellow,47.0
