,Airspace id,Fullname,Date (America/Chicago),Temperature shock - color,Temperature (°C) - data,ReHS - color,ReHS - data
756,342,"Barn 1, Room 2 (south)",2020-12-08,green,,blue,
757,342,"Barn 1, Room 2 (south)",2020-12-09,green,,blue,
591,342,"Barn 1, Room 2 (south)",2020-12-10,green,30.0,green,
592,342,"Barn 1, Room 2 (south)",2020-12-11,green,29.83,green,96.0
593,342,"Barn 1, Room 2 (south)",2020-12-12,green,29.56,green,96.0
594,342,"Barn 1, Room 2 (south)",2020-12-13,green,28.88,green,98.0
595,342,"Barn 1, Room 2 (south)",2020-12-14,green,28.76,green,96.0
596,342,"Barn 1, Room 2 (south)",2020-12-15,green,28.48,green,97.0
597,342,"Barn 1, Room 2 (south)",2020-12-16,green,28.41,green,97.0
598,342,"Barn 1, Room 2 (south)",2020-12-17,green,28.21,green,97.0
599,342,"Barn 1, Room 2 (south)",2020-12-18,green,27.97,green,98.0
600,342,"Barn 1, Room 2 (south)",2020-12-19,green,27.63,green,97.0
601,342,"Barn 1, Room 2 (south)",2020-12-20,green,27.31,green,97.0
602,342,"Barn 1, Room 2 (south)",2020-12-21,green,27.14,green,97.0
603,342,"Barn 1, Room 2 (south)",2020-12-22,green,26.95,green,96.0
604,342,"Barn 1, Room 2 (south)",2020-12-23,green,26.63,green,90.0
605,342,"Barn 1, Room 2 (south)",2020-12-24,green,26.33,green,81.0
606,342,"Barn 1, Room 2 (south)",2020-12-25,green,26.41,green,82.0
607,342,"Barn 1, Room 2 (south)",2020-12-26,green,26.45,green,80.0
608,342,"Barn 1, Room 2 (south)",2020-12-27,green,26.3,green,84.0
609,342,"Barn 1, Room 2 (south)",2020-12-28,green,26.04,green,84.0
610,342,"Barn 1, Room 2 (south)",2020-12-29,green,25.77,yellow,74.0
611,342,"Barn 1, Room 2 (south)",2020-12-30,green,25.74,green,56.0
612,342,"Barn 1, Room 2 (south)",2020-12-31,green,25.73,green,84.0
613,342,"Barn 1, Room 2 (south)",2021-01-01,green,25.74,green,75.0
614,342,"Barn 1, Room 2 (south)",2021-01-02,green,25.75,yellow,67.0
615,342,"Barn 1, Room 2 (south)",2021-01-03,green,25.39,yellow,56.0
616,342,"Barn 1, Room 2 (south)",2021-01-04,green,25.99,green,55.0
617,342,"Barn 1, Room 2 (south)",2021-01-05,green,25.62,yellow,70.0
618,342,"Barn 1, Room 2 (south)",2021-01-06,green,25.96,green,57.0
619,342,"Barn 1, Room 2 (south)",2021-01-07,green,25.6,green,64.0
620,342,"Barn 1, Room 2 (south)",2021-01-08,green,25.78,green,77.0
621,342,"Barn 1, Room 2 (south)",2021-01-09,green,25.28,green,84.0
622,342,"Barn 1, Room 2 (south)",2021-01-10,green,25.07,green,84.0
623,342,"Barn 1, Room 2 (south)",2021-01-11,green,25.22,green,88.0
624,342,"Barn 1, Room 2 (south)",2021-01-12,green,25.28,green,83.0
625,342,"Barn 1, Room 2 (south)",2021-01-13,green,25.47,green,80.0
626,342,"Barn 1, Room 2 (south)",2021-01-14,green,25.54,green,74.0
627,342,"Barn 1, Room 2 (south)",2021-01-15,green,24.84,yellow,74.0
628,342,"Barn 1, Room 2 (south)",2021-01-16,green,24.67,green,56.0
629,342,"Barn 1, Room 2 (south)",2021-01-17,green,24.75,green,64.0
630,342,"Barn 1, Room 2 (south)",2021-01-18,green,24.59,green,72.0
631,342,"Barn 1, Room 2 (south)",2021-01-19,green,24.53,green,81.0
632,342,"Barn 1, Room 2 (south)",2021-01-20,green,23.76,green,85.0
633,342,"Barn 1, Room 2 (south)",2021-01-21,green,24.16,green,82.0
634,342,"Barn 1, Room 2 (south)",2021-01-22,green,24.2,green,82.0
635,342,"Barn 1, Room 2 (south)",2021-01-23,green,23.92,green,80.0
636,342,"Barn 1, Room 2 (south)",2021-01-24,green,24.01,green,80.0
637,342,"Barn 1, Room 2 (south)",2021-01-25,green,24.06,green,79.0
638,342,"Barn 1, Room 2 (south)",2021-01-26,green,24.37,green,84.0
639,342,"Barn 1, Room 2 (south)",2021-01-27,green,24.06,green,89.0
640,342,"Barn 1, Room 2 (south)",2021-01-28,green,23.67,green,87.0
641,342,"Barn 1, Room 2 (south)",2021-01-29,green,23.52,green,90.0
642,342,"Barn 1, Room 2 (south)",2021-01-30,green,23.74,yellow,75.0
643,342,"Barn 1, Room 2 (south)",2021-01-31,green,23.92,yellow,45.0
644,342,"Barn 1, Room 2 (south)",2021-02-01,green,24.07,yellow,45.0
645,342,"Barn 1, Room 2 (south)",2021-02-02,green,23.52,yellow,50.0
646,342,"Barn 1, Room 2 (south)",2021-02-03,green,23.67,yellow,48.0
647,342,"Barn 1, Room 2 (south)",2021-02-04,green,23.61,yellow,50.0
648,342,"Barn 1, Room 2 (south)",2021-02-05,green,23.39,yellow,52.0
649,342,"Barn 1, Room 2 (south)",2021-02-06,green,23.37,yellow,51.0
650,342,"Barn 1, Room 2 (south)",2021-02-07,green,23.43,yellow,49.0
651,342,"Barn 1, Room 2 (south)",2021-02-08,green,23.12,yellow,51.0
652,342,"Barn 1, Room 2 (south)",2021-02-09,green,22.8,yellow,48.0
653,342,"Barn 1, Room 2 (south)",2021-02-10,green,22.68,green,55.0
654,342,"Barn 1, Room 2 (south)",2021-02-11,green,22.57,green,67.0
655,342,"Barn 1, Room 2 (south)",2021-02-12,green,22.57,green,66.0
656,342,"Barn 1, Room 2 (south)",2021-02-13,green,22.47,green,69.0
657,342,"Barn 1, Room 2 (south)",2021-02-14,green,22.09,green,73.0
658,342,"Barn 1, Room 2 (south)",2021-02-15,green,21.96,green,80.0
659,342,"Barn 1, Room 2 (south)",2021-02-16,green,21.93,green,76.0
660,342,"Barn 1, Room 2 (south)",2021-02-17,green,22.04,green,77.0
661,342,"Barn 1, Room 2 (south)",2021-02-18,green,21.93,green,80.0
662,342,"Barn 1, Room 2 (south)",2021-02-19,green,21.8,green,85.0
663,342,"Barn 1, Room 2 (south)",2021-02-20,green,21.91,green,78.0
664,342,"Barn 1, Room 2 (south)",2021-02-21,green,22.25,green,75.0
665,342,"Barn 1, Room 2 (south)",2021-02-22,green,21.78,green,71.0
666,342,"Barn 1, Room 2 (south)",2021-02-23,green,21.42,green,80.0
667,342,"Barn 1, Room 2 (south)",2021-02-24,green,21.9,green,84.0
668,342,"Barn 1, Room 2 (south)",2021-02-25,green,21.73,green,84.0
669,342,"Barn 1, Room 2 (south)",2021-02-26,green,21.3,green,86.0
670,342,"Barn 1, Room 2 (south)",2021-02-27,green,21.77,green,82.0
671,342,"Barn 1, Room 2 (south)",2021-02-28,green,21.14,green,82.0
672,342,"Barn 1, Room 2 (south)",2021-03-01,green,21.03,green,87.0
673,342,"Barn 1, Room 2 (south)",2021-03-02,green,20.31,green,85.0
674,342,"Barn 1, Room 2 (south)",2021-03-03,green,21.27,green,73.0
675,342,"Barn 1, Room 2 (south)",2021-03-04,yellow,20.6,green,80.0
676,342,"Barn 1, Room 2 (south)",2021-03-05,green,20.2,green,86.0
677,342,"Barn 1, Room 2 (south)",2021-03-06,green,20.67,green,83.0
678,342,"Barn 1, Room 2 (south)",2021-03-07,yellow,20.58,green,87.0
679,342,"Barn 1, Room 2 (south)",2021-03-08,green,20.84,green,90.0
680,342,"Barn 1, Room 2 (south)",2021-03-09,green,21.14,green,92.0
681,342,"Barn 1, Room 2 (south)",2021-03-10,green,21.2,green,89.0
682,342,"Barn 1, Room 2 (south)",2021-03-11,green,19.68,green,76.0
683,342,"Barn 1, Room 2 (south)",2021-03-12,green,19.71,green,79.0
684,342,"Barn 1, Room 2 (south)",2021-03-13,green,19.94,green,87.0
685,342,"Barn 1, Room 2 (south)",2021-03-14,green,19.76,green,90.0
686,342,"Barn 1, Room 2 (south)",2021-03-15,green,19.3,green,92.0
687,342,"Barn 1, Room 2 (south)",2021-03-16,green,18.83,green,93.0
688,342,"Barn 1, Room 2 (south)",2021-03-17,green,18.89,green,89.0
689,342,"Barn 1, Room 2 (south)",2021-03-18,yellow,19.28,green,93.0
690,342,"Barn 1, Room 2 (south)",2021-03-19,yellow,19.27,green,93.0
691,342,"Barn 1, Room 2 (south)",2021-03-20,green,19.3,green,94.0
692,342,"Barn 1, Room 2 (south)",2021-03-21,green,19.83,green,96.0
693,342,"Barn 1, Room 2 (south)",2021-03-22,green,18.92,green,96.0
694,342,"Barn 1, Room 2 (south)",2021-03-23,green,19.26,green,93.0
695,342,"Barn 1, Room 2 (south)",2021-03-24,green,18.67,green,91.0
696,342,"Barn 1, Room 2 (south)",2021-03-25,green,18.84,yellow,54.0
697,342,"Barn 1, Room 2 (south)",2021-03-26,green,19.17,red,32.0
698,342,"Barn 1, Room 2 (south)",2021-03-27,green,19.12,red,33.0
699,342,"Barn 1, Room 2 (south)",2021-03-28,green,18.4,red,35.0
700,342,"Barn 1, Room 2 (south)",2021-03-29,yellow,20.39,red,36.0
701,342,"Barn 1, Room 2 (south)",2021-03-30,green,18.6,yellow,45.0
702,342,"Barn 1, Room 2 (south)",2021-03-31,green,17.75,green,76.0
703,342,"Barn 1, Room 2 (south)",2021-04-01,yellow,18.37,green,86.0
704,342,"Barn 1, Room 2 (south)",2021-04-02,green,19.36,green,93.0
705,342,"Barn 1, Room 2 (south)",2021-04-03,red,21.23,green,93.0
706,342,"Barn 1, Room 2 (south)",2021-04-04,red,22.27,green,94.0
707,342,"Barn 1, Room 2 (south)",2021-04-05,red,23.41,green,96.0
708,342,"Barn 1, Room 2 (south)",2021-04-06,yellow,21.56,green,98.0
709,342,"Barn 1, Room 2 (south)",2021-04-07,green,20.98,green,97.0
710,342,"Barn 1, Room 2 (south)",2021-04-08,green,46.99,green,98.0
711,342,"Barn 1, Room 2 (south)",2021-04-09,green,28.69,green,96.0
712,342,"Barn 1, Room 2 (south)",2021-04-10,yellow,19.3,green,98.0
713,342,"Barn 1, Room 2 (south)",2021-04-11,green,19.79,green,96.0
714,342,"Barn 1, Room 2 (south)",2021-04-12,yellow,19.63,green,94.0
715,342,"Barn 1, Room 2 (south)",2021-04-13,yellow,18.8,green,96.0
716,342,"Barn 1, Room 2 (south)",2021-04-14,yellow,18.47,green,94.0
717,342,"Barn 1, Room 2 (south)",2021-04-15,green,18.59,green,71.0
718,342,"Barn 1, Room 2 (south)",2021-04-16,green,18.74,green,87.0
719,342,"Barn 1, Room 2 (south)",2021-04-17,green,19.67,green,88.0
720,342,"Barn 1, Room 2 (south)",2021-04-18,red,19.51,green,95.0
721,342,"Barn 1, Room 2 (south)",2021-04-19,green,18.02,green,96.0
722,342,"Barn 1, Room 2 (south)",2021-04-20,green,17.72,green,95.0
723,342,"Barn 1, Room 2 (south)",2021-04-21,green,18.03,green,95.0
724,342,"Barn 1, Room 2 (south)",2021-04-22,green,18.54,green,93.0
725,342,"Barn 1, Room 2 (south)",2021-04-23,green,19.14,green,93.0
726,342,"Barn 1, Room 2 (south)",2021-04-24,yellow,19.02,green,96.0
727,342,"Barn 1, Room 2 (south)",2021-04-25,green,19.78,green,97.0
728,342,"Barn 1, Room 2 (south)",2021-04-26,red,23.62,green,96.0
729,342,"Barn 1, Room 2 (south)",2021-04-27,green,20.77,green,91.0
730,342,"Barn 1, Room 2 (south)",2021-04-28,yellow,19.81,green,97.0
731,342,"Barn 1, Room 2 (south)",2021-04-29,yellow,20.67,green,94.0
732,342,"Barn 1, Room 2 (south)",2021-04-30,yellow,21.08,green,93.0
733,342,"Barn 1, Room 2 (south)",2021-05-01,red,25.07,green,96.0
734,342,"Barn 1, Room 2 (south)",2021-05-02,red,23.17,green,97.0
735,342,"Barn 1, Room 2 (south)",2021-05-03,green,20.2,green,97.0
736,342,"Barn 1, Room 2 (south)",2021-05-04,green,18.82,green,94.0
737,342,"Barn 1, Room 2 (south)",2021-05-05,green,18.86,green,96.0
738,342,"Barn 1, Room 2 (south)",2021-05-06,green,18.95,green,93.0
739,342,"Barn 1, Room 2 (south)",2021-05-07,green,18.16,green,92.0
758,342,"Barn 1, Room 2 (south)",2021-05-08,green,,green,94.0
759,342,"Barn 1, Room 2 (south)",2021-05-09,green,,green,91.0
740,342,"Barn 1, Room 2 (south)",2021-05-10,green,19.05,green,94.0
741,342,"Barn 1, Room 2 (south)",2021-05-11,green,18.6,green,90.0
742,342,"Barn 1, Room 2 (south)",2021-05-12,green,18.57,green,86.0
743,342,"Barn 1, Room 2 (south)",2021-05-13,green,18.94,green,89.0
744,342,"Barn 1, Room 2 (south)",2021-05-14,green,17.73,green,91.0
745,342,"Barn 1, Room 2 (south)",2021-05-15,yellow,19.86,green,90.0
746,342,"Barn 1, Room 2 (south)",2021-05-16,green,18.22,green,95.0
747,342,"Barn 1, Room 2 (south)",2021-05-17,green,17.75,green,98.0
748,342,"Barn 1, Room 2 (south)",2021-05-18,green,17.51,green,97.0
749,342,"Barn 1, Room 2 (south)",2021-05-19,blue,17.8,blue,
760,342,"Barn 1, Room 2 (south)",2021-05-20,blue,,blue,
761,342,"Barn 1, Room 2 (south)",2021-05-21,blue,,blue,
762,342,"Barn 1, Room 2 (south)",2021-05-22,blue,,blue,
763,342,"Barn 1, Room 2 (south)",2021-05-23,blue,,blue,
764,342,"Barn 1, Room 2 (south)",2021-05-24,blue,,blue,
765,342,"Barn 1, Room 2 (south)",2021-05-25,blue,,blue,
766,342,"Barn 1, Room 2 (south)",2021-05-26,blue,,blue,
767,342,"Barn 1, Room 2 (south)",2021-05-27,blue,,blue,
768,342,"Barn 1, Room 2 (south)",2021-05-28,blue,,blue,
769,342,"Barn 1, Room 2 (south)",2021-05-29,blue,,blue,
770,342,"Barn 1, Room 2 (south)",2021-05-30,blue,,blue,
771,342,"Barn 1, Room 2 (south)",2021-05-31,blue,,blue,
772,342,"Barn 1, Room 2 (south)",2021-06-01,blue,,blue,
773,342,"Barn 1, Room 2 (south)",2021-06-02,blue,,blue,
750,342,"Barn 1, Room 2 (south)",2021-06-03,green,28.94,blue,
751,342,"Barn 1, Room 2 (south)",2021-06-04,yellow,29.52,green,77.0
752,342,"Barn 1, Room 2 (south)",2021-06-05,yellow,30.16,green,74.0
753,342,"Barn 1, Room 2 (south)",2021-06-06,yellow,28.04,yellow,45.0
754,342,"Barn 1, Room 2 (south)",2021-06-07,yellow,30.95,green,65.0
755,342,"Barn 1, Room 2 (south)",2021-06-08,yellow,30.95,green,
774,342,"Barn 1, Room 2 (south)",2021-06-08,yellow,31.47,green,70.0
775,342,"Barn 1, Room 2 (south)",2021-06-09,yellow,31.68,yellow,47.0
776,342,"Barn 1, Room 2 (south)",2021-06-10,yellow,31.95,yellow,55.0
777,342,"Barn 1, Room 2 (south)",2021-06-11,green,29.34,yellow,55.0
778,342,"Barn 1, Room 2 (south)",2021-06-12,yellow,30.18,green,68.0
779,342,"Barn 1, Room 2 (south)",2021-06-13,yellow,31.23,green,77.0
780,342,"Barn 1, Room 2 (south)",2021-06-14,yellow,30.4,green,78.0
781,342,"Barn 1, Room 2 (south)",2021-06-15,yellow,31.04,green,75.0
782,342,"Barn 1, Room 2 (south)",2021-06-16,green,30.35,green,70.0
783,342,"Barn 1, Room 2 (south)",2021-06-17,green,31.42,green,76.0
784,342,"Barn 1, Room 2 (south)",2021-06-18,yellow,30.35,green,70.0
785,342,"Barn 1, Room 2 (south)",2021-06-19,green,30.32,green,74.0
786,342,"Barn 1, Room 2 (south)",2021-06-20,green,29.23,green,77.0
787,342,"Barn 1, Room 2 (south)",2021-06-21,green,28.42,green,82.0
788,342,"Barn 1, Room 2 (south)",2021-06-22,green,28.56,green,77.0
789,342,"Barn 1, Room 2 (south)",2021-06-23,green,29.63,green,66.0
790,342,"Barn 1, Room 2 (south)",2021-06-24,green,29.38,yellow,43.0
791,342,"Barn 1, Room 2 (south)",2021-06-25,green,29.0,red,35.0
792,342,"Barn 1, Room 2 (south)",2021-06-26,green,27.66,red,31.0
793,342,"Barn 1, Room 2 (south)",2021-06-27,green,28.95,red,35.0
794,342,"Barn 1, Room 2 (south)",2021-06-28,green,28.93,yellow,44.0
795,342,"Barn 1, Room 2 (south)",2021-06-29,green,29.35,red,37.0
796,342,"Barn 1, Room 2 (south)",2021-06-30,green,29.42,red,34.0
797,342,"Barn 1, Room 2 (south)",2021-07-01,green,29.11,yellow,48.0
798,342,"Barn 1, Room 2 (south)",2021-07-02,green,29.25,red,36.0
799,342,"Barn 1, Room 2 (south)",2021-07-03,green,28.96,red,35.0
800,342,"Barn 1, Room 2 (south)",2021-07-04,green,29.18,red,36.0
801,342,"Barn 1, Room 2 (south)",2021-07-05,green,29.68,yellow,46.0
802,342,"Barn 1, Room 2 (south)",2021-07-06,green,29.43,yellow,45.0
803,342,"Barn 1, Room 2 (south)",2021-07-07,green,27.35,yellow,49.0
804,342,"Barn 1, Room 2 (south)",2021-07-08,green,26.5,yellow,47.0
805,342,"Barn 1, Room 2 (south)",2021-07-09,green,27.4,yellow,51.0
806,342,"Barn 1, Room 2 (south)",2021-07-10,green,26.6,yellow,47.0
807,342,"Barn 1, Room 2 (south)",2021-07-11,green,26.93,green,64.0
808,342,"Barn 1, Room 2 (south)",2021-07-12,yellow,26.95,yellow,54.0
809,342,"Barn 1, Room 2 (south)",2021-07-13,green,26.72,yellow,53.0
810,342,"Barn 1, Room 2 (south)",2021-07-14,green,27.22,yellow,52.0
811,342,"Barn 1, Room 2 (south)",2021-07-15,yellow,27.33,yellow,55.0
812,342,"Barn 1, Room 2 (south)",2021-07-16,yellow,27.28,yellow,53.0
813,342,"Barn 1, Room 2 (south)",2021-07-17,green,27.19,green,66.0
814,342,"Barn 1, Room 2 (south)",2021-07-18,yellow,27.57,yellow,54.0
815,342,"Barn 1, Room 2 (south)",2021-07-19,yellow,27.64,green,70.0
816,342,"Barn 1, Room 2 (south)",2021-07-20,yellow,27.85,green,67.0
817,342,"Barn 1, Room 2 (south)",2021-07-21,yellow,27.61,green,70.0
818,342,"Barn 1, Room 2 (south)",2021-07-22,yellow,27.31,green,72.0
819,342,"Barn 1, Room 2 (south)",2021-07-23,green,28.32,green,74.0
820,342,"Barn 1, Room 2 (south)",2021-07-24,red,28.73,green,72.0
821,342,"Barn 1, Room 2 (south)",2021-07-25,yellow,27.39,green,73.0
822,342,"Barn 1, Room 2 (south)",2021-07-26,yellow,27.45,green,71.0
823,342,"Barn 1, Room 2 (south)",2021-07-27,yellow,28.59,green,77.0
824,342,"Barn 1, Room 2 (south)",2021-07-28,yellow,29.72,green,80.0
825,342,"Barn 1, Room 2 (south)",2021-07-29,green,28.79,green,78.0
826,342,"Barn 1, Room 2 (south)",2021-07-30,green,26.15,green,68.0
827,342,"Barn 1, Room 2 (south)",2021-07-31,yellow,26.53,green,64.0
828,342,"Barn 1, Room 2 (south)",2021-08-01,green,26.04,green,70.0
829,342,"Barn 1, Room 2 (south)",2021-08-02,yellow,25.95,green,74.0
830,342,"Barn 1, Room 2 (south)",2021-08-03,yellow,25.77,green,69.0
831,342,"Barn 1, Room 2 (south)",2021-08-04,green,25.88,green,69.0
832,342,"Barn 1, Room 2 (south)",2021-08-05,green,26.08,yellow,54.0
833,342,"Barn 1, Room 2 (south)",2021-08-06,green,26.7,yellow,46.0
834,342,"Barn 1, Room 2 (south)",2021-08-07,green,26.72,yellow,48.0
835,342,"Barn 1, Room 2 (south)",2021-08-08,green,25.97,red,31.0
836,342,"Barn 1, Room 2 (south)",2021-08-09,green,27.89,yellow,49.0
837,342,"Barn 1, Room 2 (south)",2021-08-10,green,27.47,green,66.0
838,342,"Barn 1, Room 2 (south)",2021-08-11,yellow,27.7,green,67.0
839,342,"Barn 1, Room 2 (south)",2021-08-12,yellow,26.26,yellow,54.0
840,342,"Barn 1, Room 2 (south)",2021-08-13,yellow,25.78,green,64.0
841,342,"Barn 1, Room 2 (south)",2021-08-14,yellow,25.48,green,72.0
842,342,"Barn 1, Room 2 (south)",2021-08-15,green,25.47,green,74.0
843,342,"Barn 1, Room 2 (south)",2021-08-16,yellow,25.57,green,79.0
844,342,"Barn 1, Room 2 (south)",2021-08-17,yellow,26.22,green,83.0
845,342,"Barn 1, Room 2 (south)",2021-08-18,yellow,26.26,green,82.0
846,342,"Barn 1, Room 2 (south)",2021-08-19,yellow,26.76,green,90.0
847,342,"Barn 1, Room 2 (south)",2021-08-20,yellow,27.06,green,86.0
848,342,"Barn 1, Room 2 (south)",2021-08-21,green,24.87,green,89.0
849,342,"Barn 1, Room 2 (south)",2021-08-22,green,24.93,green,74.0
850,342,"Barn 1, Room 2 (south)",2021-08-23,yellow,28.24,green,79.0
851,342,"Barn 1, Room 2 (south)",2021-08-24,green,27.61,green,96.0
852,342,"Barn 1, Room 2 (south)",2021-08-25,yellow,27.01,green,95.0
853,342,"Barn 1, Room 2 (south)",2021-08-26,green,25.37,green,95.0
854,342,"Barn 1, Room 2 (south)",2021-08-27,yellow,27.55,green,97.0
855,342,"Barn 1, Room 2 (south)",2021-08-28,yellow,27.76,green,97.0
856,342,"Barn 1, Room 2 (south)",2021-08-29,yellow,25.08,green,94.0
857,342,"Barn 1, Room 2 (south)",2021-08-30,green,24.76,green,88.0
858,342,"Barn 1, Room 2 (south)",2021-08-31,green,24.24,green,87.0
859,342,"Barn 1, Room 2 (south)",2021-09-01,green,24.03,green,91.0
860,342,"Barn 1, Room 2 (south)",2021-09-02,green,23.41,green,91.0
861,342,"Barn 1, Room 2 (south)",2021-09-03,green,24.14,green,91.0
862,342,"Barn 1, Room 2 (south)",2021-09-04,green,24.09,green,90.0
863,342,"Barn 1, Room 2 (south)",2021-09-05,yellow,24.58,green,94.0
864,342,"Barn 1, Room 2 (south)",2021-09-06,yellow,25.4,green,91.0
865,342,"Barn 1, Room 2 (south)",2021-09-07,yellow,24.85,green,93.0
866,342,"Barn 1, Room 2 (south)",2021-09-08,yellow,23.63,green,93.0
867,342,"Barn 1, Room 2 (south)",2021-09-09,green,23.28,green,92.0
868,342,"Barn 1, Room 2 (south)",2021-09-10,yellow,24.25,green,94.0
869,342,"Barn 1, Room 2 (south)",2021-09-11,red,26.22,green,92.0
870,342,"Barn 1, Room 2 (south)",2021-09-12,green,23.65,green,96.0
871,342,"Barn 1, Room 2 (south)",2021-09-13,yellow,24.44,green,96.0
872,342,"Barn 1, Room 2 (south)",2021-09-14,green,22.87,green,92.0
873,342,"Barn 1, Room 2 (south)",2021-09-15,yellow,23.22,green,90.0
874,342,"Barn 1, Room 2 (south)",2021-09-16,red,25.6,green,88.0
875,342,"Barn 1, Room 2 (south)",2021-09-17,yellow,22.58,green,92.0
876,342,"Barn 1, Room 2 (south)",2021-09-18,red,24.21,green,88.0
877,342,"Barn 1, Room 2 (south)",2021-09-19,red,25.99,green,96.0
878,342,"Barn 1, Room 2 (south)",2021-09-20,green,22.16,green,93.0
879,342,"Barn 1, Room 2 (south)",2021-09-21,yellow,21.35,green,84.0
880,342,"Barn 1, Room 2 (south)",2021-09-22,yellow,20.72,green,81.0
881,342,"Barn 1, Room 2 (south)",2021-09-23,yellow,21.21,green,75.0
882,342,"Barn 1, Room 2 (south)",2021-09-24,yellow,21.03,green,83.0
883,342,"Barn 1, Room 2 (south)",2021-09-25,yellow,21.23,green,71.0
884,342,"Barn 1, Room 2 (south)",2021-09-26,red,23.85,green,89.0
885,342,"Barn 1, Room 2 (south)",2021-09-27,red,24.63,green,88.0
886,342,"Barn 1, Room 2 (south)",2021-09-28,red,24.68,green,88.0
887,342,"Barn 1, Room 2 (south)",2021-09-29,yellow,23.78,green,86.0
888,342,"Barn 1, Room 2 (south)",2021-09-30,yellow,23.45,green,90.0
889,342,"Barn 1, Room 2 (south)",2021-10-01,yellow,21.77,green,69.0
890,342,"Barn 1, Room 2 (south)",2021-10-02,green,21.13,yellow,49.0
891,342,"Barn 1, Room 2 (south)",2021-10-03,yellow,21.83,green,82.0
892,342,"Barn 1, Room 2 (south)",2021-10-04,yellow,21.77,green,70.0
893,342,"Barn 1, Room 2 (south)",2021-10-05,green,20.75,yellow,56.0
894,342,"Barn 1, Room 2 (south)",2021-10-06,green,21.06,yellow,51.0
895,342,"Barn 1, Room 2 (south)",2021-10-07,green,21.23,green,79.0
896,342,"Barn 1, Room 2 (south)",2021-10-08,red,22.88,green,80.0
897,342,"Barn 1, Room 2 (south)",2021-10-09,green,22.09,green,86.0
898,342,"Barn 1, Room 2 (south)",2021-10-10,green,20.51,green,66.0
899,342,"Barn 1, Room 2 (south)",2021-10-11,yellow,20.3,green,75.0
900,342,"Barn 1, Room 2 (south)",2021-10-12,green,20.54,yellow,50.0
901,342,"Barn 1, Room 2 (south)",2021-10-13,green,20.63,green,79.0
902,342,"Barn 1, Room 2 (south)",2021-10-14,green,19.19,green,80.0
903,342,"Barn 1, Room 2 (south)",2021-10-15,yellow,19.04,green,80.0
904,342,"Barn 1, Room 2 (south)",2021-10-16,yellow,18.67,green,82.0
905,342,"Barn 1, Room 2 (south)",2021-10-17,yellow,19.54,green,82.0
906,342,"Barn 1, Room 2 (south)",2021-10-18,yellow,20.29,green,81.0
907,342,"Barn 1, Room 2 (south)",2021-10-19,yellow,20.25,green,84.0
908,342,"Barn 1, Room 2 (south)",2021-10-20,green,19.42,green,88.0
909,342,"Barn 1, Room 2 (south)",2021-10-21,green,17.89,green,84.0
910,342,"Barn 1, Room 2 (south)",2021-10-22,green,17.48,green,82.0
911,342,"Barn 1, Room 2 (south)",2021-10-23,green,18.55,green,68.0
912,342,"Barn 1, Room 2 (south)",2021-10-24,green,18.1,green,74.0
913,342,"Barn 1, Room 2 (south)",2021-10-25,green,18.33,green,72.0
914,342,"Barn 1, Room 2 (south)",2021-10-26,green,19.24,yellow,53.0
915,342,"Barn 1, Room 2 (south)",2021-10-27,green,18.98,red,36.0
916,342,"Barn 1, Room 2 (south)",2021-10-28,green,19.22,red,26.0
917,342,"Barn 1, Room 2 (south)",2021-10-29,green,18.64,red,25.0
918,342,"Barn 1, Room 2 (south)",2021-10-30,green,19.66,red,17.0
919,342,"Barn 1, Room 2 (south)",2021-10-31,green,19.04,red,14.0
920,342,"Barn 1, Room 2 (south)",2021-11-01,yellow,19.27,red,20.0
921,342,"Barn 1, Room 2 (south)",2021-11-02,green,18.61,red,28.0
922,342,"Barn 1, Room 2 (south)",2021-11-03,green,18.69,yellow,54.0
923,342,"Barn 1, Room 2 (south)",2021-11-04,green,18.85,yellow,48.0
924,342,"Barn 1, Room 2 (south)",2021-11-05,green,18.92,yellow,48.0
925,342,"Barn 1, Room 2 (south)",2021-11-06,green,19.7,red,33.0
926,342,"Barn 1, Room 2 (south)",2021-11-07,green,19.6,red,33.0
927,342,"Barn 1, Room 2 (south)",2021-11-08,green,19.43,red,34.0
928,342,"Barn 1, Room 2 (south)",2021-11-09,green,19.36,red,35.0
929,342,"Barn 1, Room 2 (south)",2021-11-10,green,18.81,red,35.0
930,342,"Barn 1, Room 2 (south)",2021-11-11,green,17.92,red,31.0
931,342,"Barn 1, Room 2 (south)",2021-11-12,green,17.34,red,35.0
932,342,"Barn 1, Room 2 (south)",2021-11-13,green,17.31,red,34.0
933,342,"Barn 1, Room 2 (south)",2021-11-14,green,16.99,red,31.0
934,342,"Barn 1, Room 2 (south)",2021-11-15,green,17.86,red,29.0
935,342,"Barn 1, Room 2 (south)",2021-11-16,green,17.49,red,25.0
936,342,"Barn 1, Room 2 (south)",2021-11-17,green,17.0,red,26.0
937,342,"Barn 1, Room 2 (south)",2021-11-18,green,15.94,red,23.0
938,342,"Barn 1, Room 2 (south)",2021-11-19,green,16.71,red,29.0
939,342,"Barn 1, Room 2 (south)",2021-11-20,green,15.52,red,28.0
940,342,"Barn 1, Room 2 (south)",2021-11-21,green,10.94,green,97.0
941,342,"Barn 1, Room 2 (south)",2021-11-22,green,10.18,green,96.0
942,342,"Barn 1, Room 2 (south)",2021-11-23,blue,11.69,blue,
943,342,"Barn 1, Room 2 (south)",2021-11-24,blue,,blue,
944,342,"Barn 1, Room 2 (south)",2021-11-25,blue,,blue,
945,342,"Barn 1, Room 2 (south)",2021-11-26,blue,,blue,
946,342,"Barn 1, Room 2 (south)",2021-11-27,blue,,blue,
947,342,"Barn 1, Room 2 (south)",2021-11-28,blue,,blue,
948,342,"Barn 1, Room 2 (south)",2021-11-29,blue,,blue,
949,342,"Barn 1, Room 2 (south)",2021-11-30,blue,,blue,
950,342,"Barn 1, Room 2 (south)",2021-12-01,blue,,blue,
951,342,"Barn 1, Room 2 (south)",2021-12-02,blue,,blue,
952,342,"Barn 1, Room 2 (south)",2021-12-03,blue,,blue,
953,342,"Barn 1, Room 2 (south)",2021-12-04,blue,,blue,
954,342,"Barn 1, Room 2 (south)",2021-12-05,blue,,blue,
955,342,"Barn 1, Room 2 (south)",2021-12-06,blue,,blue,
956,342,"Barn 1, Room 2 (south)",2021-12-07,blue,,blue,
1125,342,"Barn 1, Room 2 (south)",2021-12-07,blue,,blue,
1126,342,"Barn 1, Room 2 (south)",2021-12-08,blue,,blue,
1127,342,"Barn 1, Room 2 (south)",2021-12-09,blue,,blue,
1128,342,"Barn 1, Room 2 (south)",2021-12-10,blue,,blue,
1129,342,"Barn 1, Room 2 (south)",2021-12-11,blue,,blue,
1130,342,"Barn 1, Room 2 (south)",2021-12-12,blue,,blue,
1131,342,"Barn 1, Room 2 (south)",2021-12-13,blue,,blue,
1132,342,"Barn 1, Room 2 (south)",2021-12-14,blue,,blue,
1133,342,"Barn 1, Room 2 (south)",2021-12-15,blue,,blue,
1134,342,"Barn 1, Room 2 (south)",2021-12-16,blue,,blue,
1135,342,"Barn 1, Room 2 (south)",2021-12-17,blue,,blue,
1136,342,"Barn 1, Room 2 (south)",2021-12-18,blue,,blue,
1137,342,"Barn 1, Room 2 (south)",2021-12-19,blue,,blue,
1138,342,"Barn 1, Room 2 (south)",2021-12-20,blue,,blue,
1139,342,"Barn 1, Room 2 (south)",2021-12-21,blue,,blue,
957,342,"Barn 1, Room 2 (south)",2021-12-22,green,28.7,blue,
958,342,"Barn 1, Room 2 (south)",2021-12-23,green,28.14,green,96.0
959,342,"Barn 1, Room 2 (south)",2021-12-24,green,27.85,green,88.0
960,342,"Barn 1, Room 2 (south)",2021-12-25,green,27.93,green,82.0
961,342,"Barn 1, Room 2 (south)",2021-12-26,green,28.13,green,87.0
962,342,"Barn 1, Room 2 (south)",2021-12-27,green,27.63,green,93.0
963,342,"Barn 1, Room 2 (south)",2021-12-28,green,27.5,green,94.0
964,342,"Barn 1, Room 2 (south)",2021-12-29,green,27.86,green,96.0
965,342,"Barn 1, Room 2 (south)",2021-12-30,green,27.95,green,94.0
966,342,"Barn 1, Room 2 (south)",2021-12-31,green,27.86,green,91.0
967,342,"Barn 1, Room 2 (south)",2022-01-01,green,27.85,green,94.0
968,342,"Barn 1, Room 2 (south)",2022-01-02,green,27.79,green,99.0
969,342,"Barn 1, Room 2 (south)",2022-01-03,green,27.72,green,94.0
970,342,"Barn 1, Room 2 (south)",2022-01-04,green,27.56,green,96.0
971,342,"Barn 1, Room 2 (south)",2022-01-05,green,27.3,green,97.0
972,342,"Barn 1, Room 2 (south)",2022-01-06,green,27.15,green,99.0
973,342,"Barn 1, Room 2 (south)",2022-01-07,green,27.15,green,99.0
974,342,"Barn 1, Room 2 (south)",2022-01-08,yellow,27.21,green,98.0
975,342,"Barn 1, Room 2 (south)",2022-01-09,green,26.86,green,97.0
976,342,"Barn 1, Room 2 (south)",2022-01-10,green,26.84,green,96.0
977,342,"Barn 1, Room 2 (south)",2022-01-11,green,26.77,green,98.0
978,342,"Barn 1, Room 2 (south)",2022-01-12,green,26.62,green,96.0
979,342,"Barn 1, Room 2 (south)",2022-01-13,green,26.58,green,97.0
980,342,"Barn 1, Room 2 (south)",2022-01-14,yellow,26.58,green,94.0
981,342,"Barn 1, Room 2 (south)",2022-01-15,green,26.54,green,94.0
982,342,"Barn 1, Room 2 (south)",2022-01-16,green,26.32,green,94.0
983,342,"Barn 1, Room 2 (south)",2022-01-17,green,26.18,green,90.0
984,342,"Barn 1, Room 2 (south)",2022-01-18,green,25.84,green,90.0
985,342,"Barn 1, Room 2 (south)",2022-01-19,green,25.89,green,87.0
986,342,"Barn 1, Room 2 (south)",2022-01-20,green,25.95,green,90.0
987,342,"Barn 1, Room 2 (south)",2022-01-21,yellow,26.03,green,94.0
988,342,"Barn 1, Room 2 (south)",2022-01-22,yellow,24.92,green,93.0
989,342,"Barn 1, Room 2 (south)",2022-01-23,yellow,24.92,green,93.0
990,342,"Barn 1, Room 2 (south)",2022-01-24,yellow,24.28,green,90.0
991,342,"Barn 1, Room 2 (south)",2022-01-25,green,25.4,green,91.0
992,342,"Barn 1, Room 2 (south)",2022-01-26,yellow,25.06,green,93.0
993,342,"Barn 1, Room 2 (south)",2022-01-27,green,23.79,green,96.0
994,342,"Barn 1, Room 2 (south)",2022-01-28,red,24.1,green,96.0
995,342,"Barn 1, Room 2 (south)",2022-01-29,green,23.2,green,90.0
996,342,"Barn 1, Room 2 (south)",2022-01-30,green,22.65,green,91.0
997,342,"Barn 1, Room 2 (south)",2022-01-31,green,22.78,green,93.0
998,342,"Barn 1, Room 2 (south)",2022-02-01,yellow,21.96,green,94.0
999,342,"Barn 1, Room 2 (south)",2022-02-02,green,22.44,green,93.0
1000,342,"Barn 1, Room 2 (south)",2022-02-03,green,22.36,green,96.0
1001,342,"Barn 1, Room 2 (south)",2022-02-04,green,22.06,green,90.0
1002,342,"Barn 1, Room 2 (south)",2022-02-05,green,22.35,green,93.0
1003,342,"Barn 1, Room 2 (south)",2022-02-06,green,21.6,green,96.0
1004,342,"Barn 1, Room 2 (south)",2022-02-07,green,21.71,green,96.0
1005,342,"Barn 1, Room 2 (south)",2022-02-08,green,22.45,green,94.0
1006,342,"Barn 1, Room 2 (south)",2022-02-09,green,22.38,green,93.0
1007,342,"Barn 1, Room 2 (south)",2022-02-10,green,22.03,green,93.0
1008,342,"Barn 1, Room 2 (south)",2022-02-11,yellow,22.13,green,93.0
1009,342,"Barn 1, Room 2 (south)",2022-02-12,green,21.16,green,91.0
1010,342,"Barn 1, Room 2 (south)",2022-02-13,green,20.46,green,91.0
1011,342,"Barn 1, Room 2 (south)",2022-02-14,green,20.75,green,94.0
1012,342,"Barn 1, Room 2 (south)",2022-02-15,green,21.89,green,90.0
1013,342,"Barn 1, Room 2 (south)",2022-02-16,green,22.29,green,90.0
1014,342,"Barn 1, Room 2 (south)",2022-02-17,yellow,20.83,green,91.0
1015,342,"Barn 1, Room 2 (south)",2022-02-18,yellow,21.53,green,93.0
1016,342,"Barn 1, Room 2 (south)",2022-02-19,yellow,21.17,green,93.0
1017,342,"Barn 1, Room 2 (south)",2022-02-20,green,22.53,green,94.0
1018,342,"Barn 1, Room 2 (south)",2022-02-21,green,22.03,green,90.0
1019,342,"Barn 1, Room 2 (south)",2022-02-22,green,22.52,green,87.0
1020,342,"Barn 1, Room 2 (south)",2022-02-23,green,22.39,green,87.0
1021,342,"Barn 1, Room 2 (south)",2022-02-24,green,22.51,green,87.0
1022,342,"Barn 1, Room 2 (south)",2022-02-25,green,22.57,green,86.0
1023,342,"Barn 1, Room 2 (south)",2022-02-26,green,22.67,green,84.0
1024,342,"Barn 1, Room 2 (south)",2022-02-27,green,22.87,green,79.0
1025,342,"Barn 1, Room 2 (south)",2022-02-28,green,23.5,yellow,46.0
1026,342,"Barn 1, Room 2 (south)",2022-03-01,green,23.68,yellow,55.0
1027,342,"Barn 1, Room 2 (south)",2022-03-02,green,23.1,yellow,52.0
1028,342,"Barn 1, Room 2 (south)",2022-03-03,green,22.11,red,39.0
1029,342,"Barn 1, Room 2 (south)",2022-03-04,green,22.09,yellow,49.0
1030,342,"Barn 1, Room 2 (south)",2022-03-05,green,22.16,green,78.0
1031,342,"Barn 1, Room 2 (south)",2022-03-06,green,21.76,green,86.0
1032,342,"Barn 1, Room 2 (south)",2022-03-07,green,21.5,green,87.0
1033,342,"Barn 1, Room 2 (south)",2022-03-08,green,22.02,green,87.0
1034,342,"Barn 1, Room 2 (south)",2022-03-09,green,21.8,green,90.0
1035,342,"Barn 1, Room 2 (south)",2022-03-10,green,21.49,green,81.0
1036,342,"Barn 1, Room 2 (south)",2022-03-11,green,21.3,green,87.0
1037,342,"Barn 1, Room 2 (south)",2022-03-12,yellow,21.02,green,86.0
1038,342,"Barn 1, Room 2 (south)",2022-03-13,green,21.87,green,90.0
1039,342,"Barn 1, Room 2 (south)",2022-03-14,green,21.49,green,84.0
1040,342,"Barn 1, Room 2 (south)",2022-03-15,green,21.25,green,82.0
1041,342,"Barn 1, Room 2 (south)",2022-03-16,yellow,21.69,green,90.0
1042,342,"Barn 1, Room 2 (south)",2022-03-17,green,20.45,green,87.0
1043,342,"Barn 1, Room 2 (south)",2022-03-18,green,20.91,green,86.0
1044,342,"Barn 1, Room 2 (south)",2022-03-19,green,21.05,green,87.0
1045,342,"Barn 1, Room 2 (south)",2022-03-20,yellow,21.25,green,90.0
1046,342,"Barn 1, Room 2 (south)",2022-03-21,yellow,21.44,green,96.0
1047,342,"Barn 1, Room 2 (south)",2022-03-22,green,20.02,green,92.0
1048,342,"Barn 1, Room 2 (south)",2022-03-23,green,19.97,green,94.0
1049,342,"Barn 1, Room 2 (south)",2022-03-24,green,20.31,green,94.0
1050,342,"Barn 1, Room 2 (south)",2022-03-25,green,20.15,green,96.0
1051,342,"Barn 1, Room 2 (south)",2022-03-26,green,19.4,green,91.0
1052,342,"Barn 1, Room 2 (south)",2022-03-27,green,19.89,green,91.0
1053,342,"Barn 1, Room 2 (south)",2022-03-28,green,19.74,green,93.0
1054,342,"Barn 1, Room 2 (south)",2022-03-29,yellow,20.05,green,91.0
1055,342,"Barn 1, Room 2 (south)",2022-03-30,green,19.05,green,92.0
1056,342,"Barn 1, Room 2 (south)",2022-03-31,green,18.94,green,93.0
1057,342,"Barn 1, Room 2 (south)",2022-04-01,yellow,19.47,green,94.0
1058,342,"Barn 1, Room 2 (south)",2022-04-02,yellow,19.59,green,94.0
1059,342,"Barn 1, Room 2 (south)",2022-04-03,yellow,19.23,green,92.0
1060,342,"Barn 1, Room 2 (south)",2022-04-04,yellow,19.34,green,93.0
1061,342,"Barn 1, Room 2 (south)",2022-04-05,green,19.11,green,94.0
1062,342,"Barn 1, Room 2 (south)",2022-04-06,green,18.56,green,92.0
1063,342,"Barn 1, Room 2 (south)",2022-04-07,green,18.3,green,93.0
1064,342,"Barn 1, Room 2 (south)",2022-04-08,green,18.37,green,94.0
1065,342,"Barn 1, Room 2 (south)",2022-04-09,yellow,18.95,green,92.0
1066,342,"Barn 1, Room 2 (south)",2022-04-10,red,19.85,green,94.0
1067,342,"Barn 1, Room 2 (south)",2022-04-11,yellow,19.05,green,93.0
1068,342,"Barn 1, Room 2 (south)",2022-04-12,red,21.35,green,94.0
1069,342,"Barn 1, Room 2 (south)",2022-04-13,yellow,17.95,green,86.0
1070,342,"Barn 1, Room 2 (south)",2022-04-14,green,17.83,green,84.0
1071,342,"Barn 1, Room 2 (south)",2022-04-15,yellow,17.75,green,71.0
1072,342,"Barn 1, Room 2 (south)",2022-04-16,yellow,17.66,green,68.0
1073,342,"Barn 1, Room 2 (south)",2022-04-17,green,17.5,green,71.0
1074,342,"Barn 1, Room 2 (south)",2022-04-18,green,17.97,green,77.0
1075,342,"Barn 1, Room 2 (south)",2022-04-19,green,17.81,green,85.0
1076,342,"Barn 1, Room 2 (south)",2022-04-20,yellow,18.72,green,92.0
1077,342,"Barn 1, Room 2 (south)",2022-04-21,green,19.67,green,97.0
1078,342,"Barn 1, Room 2 (south)",2022-04-22,yellow,21.7,green,96.0
1079,342,"Barn 1, Room 2 (south)",2022-04-23,green,21.5,green,97.0
1080,342,"Barn 1, Room 2 (south)",2022-04-24,yellow,19.06,green,97.0
1081,342,"Barn 1, Room 2 (south)",2022-04-25,yellow,17.91,green,95.0
1082,342,"Barn 1, Room 2 (south)",2022-04-26,yellow,18.65,green,96.0
1083,342,"Barn 1, Room 2 (south)",2022-04-27,yellow,19.49,green,97.0
1084,342,"Barn 1, Room 2 (south)",2022-04-28,green,20.53,green,94.0
1085,342,"Barn 1, Room 2 (south)",2022-04-29,green,21.06,green,96.0
1086,342,"Barn 1, Room 2 (south)",2022-04-30,green,19.71,green,98.0
1087,342,"Barn 1, Room 2 (south)",2022-05-01,green,18.63,green,94.0
1088,342,"Barn 1, Room 2 (south)",2022-05-02,green,18.29,green,96.0
1089,342,"Barn 1, Room 2 (south)",2022-05-03,yellow,18.59,green,96.0
1090,342,"Barn 1, Room 2 (south)",2022-05-04,green,19.24,green,95.0
1091,342,"Barn 1, Room 2 (south)",2022-05-05,yellow,19.86,green,96.0
1092,342,"Barn 1, Room 2 (south)",2022-05-06,yellow,20.58,green,96.0
1093,342,"Barn 1, Room 2 (south)",2022-05-07,yellow,21.04,green,97.0
1094,342,"Barn 1, Room 2 (south)",2022-05-08,green,20.91,green,99.0
1095,342,"Barn 1, Room 2 (south)",2022-05-09,red,25.85,green,97.0
1096,342,"Barn 1, Room 2 (south)",2022-05-10,red,23.24,green,96.0
1097,342,"Barn 1, Room 2 (south)",2022-05-11,red,27.55,green,97.0
1098,342,"Barn 1, Room 2 (south)",2022-05-12,red,28.01,green,98.0
1099,342,"Barn 1, Room 2 (south)",2022-05-13,red,22.38,green,98.0
1100,342,"Barn 1, Room 2 (south)",2022-05-14,red,23.72,green,97.0
1101,342,"Barn 1, Room 2 (south)",2022-05-15,red,21.77,green,96.0
1102,342,"Barn 1, Room 2 (south)",2022-05-16,red,23.2,green,98.0
1103,342,"Barn 1, Room 2 (south)",2022-05-17,green,20.93,green,97.0
1104,342,"Barn 1, Room 2 (south)",2022-05-18,red,23.35,green,97.0
1105,342,"Barn 1, Room 2 (south)",2022-05-19,red,25.35,green,97.0
1106,342,"Barn 1, Room 2 (south)",2022-05-20,yellow,21.13,green,98.0
1107,342,"Barn 1, Room 2 (south)",2022-05-21,yellow,19.44,green,96.0
1108,342,"Barn 1, Room 2 (south)",2022-05-22,green,19.82,green,93.0
1109,342,"Barn 1, Room 2 (south)",2022-05-23,green,20.4,green,91.0
1110,342,"Barn 1, Room 2 (south)",2022-05-24,green,20.46,green,96.0
1111,342,"Barn 1, Room 2 (south)",2022-05-25,green,20.22,green,96.0
1112,342,"Barn 1, Room 2 (south)",2022-05-26,green,19.59,green,95.0
1113,342,"Barn 1, Room 2 (south)",2022-05-27,yellow,21.3,green,95.0
1114,342,"Barn 1, Room 2 (south)",2022-05-28,red,24.56,green,97.0
1115,342,"Barn 1, Room 2 (south)",2022-05-29,green,25.45,green,96.0
1116,342,"Barn 1, Room 2 (south)",2022-05-30,red,26.4,green,96.0
1117,342,"Barn 1, Room 2 (south)",2022-05-31,yellow,21.99,green,96.0
1118,342,"Barn 1, Room 2 (south)",2022-06-01,yellow,20.55,green,93.0
1119,342,"Barn 1, Room 2 (south)",2022-06-02,yellow,21.96,green,95.0
1120,342,"Barn 1, Room 2 (south)",2022-06-03,red,22.32,green,96.0
1121,342,"Barn 1, Room 2 (south)",2022-06-04,green,20.88,green,95.0
1122,342,"Barn 1, Room 2 (south)",2022-06-05,green,21.96,green,96.0
1123,342,"Barn 1, Room 2 (south)",2022-06-06,green,21.32,green,97.0
1124,342,"Barn 1, Room 2 (south)",2022-06-07,green,21.32,green,
1140,342,"Barn 1, Room 2 (south)",2022-06-07,green,22.31,green,97.0
1141,342,"Barn 1, Room 2 (south)",2022-06-08,yellow,22.38,green,97.0
1142,342,"Barn 1, Room 2 (south)",2022-06-09,green,21.9,green,98.0
1143,342,"Barn 1, Room 2 (south)",2022-06-10,blue,20.99,blue,98.0
1144,342,"Barn 1, Room 2 (south)",2022-06-11,blue,19.07,blue,
1163,342,"Barn 1, Room 2 (south)",2022-06-12,blue,,blue,
1164,342,"Barn 1, Room 2 (south)",2022-06-13,blue,,blue,
1165,342,"Barn 1, Room 2 (south)",2022-06-14,blue,,blue,
1166,342,"Barn 1, Room 2 (south)",2022-06-15,blue,,blue,
1167,342,"Barn 1, Room 2 (south)",2022-06-16,blue,,blue,
1168,342,"Barn 1, Room 2 (south)",2022-06-17,blue,,blue,
1169,342,"Barn 1, Room 2 (south)",2022-06-18,blue,,blue,
1170,342,"Barn 1, Room 2 (south)",2022-06-19,blue,,blue,
1171,342,"Barn 1, Room 2 (south)",2022-06-20,blue,,blue,
1172,342,"Barn 1, Room 2 (south)",2022-06-21,blue,,blue,
1173,342,"Barn 1, Room 2 (south)",2022-06-22,blue,,blue,
1174,342,"Barn 1, Room 2 (south)",2022-06-23,blue,,blue,
1175,342,"Barn 1, Room 2 (south)",2022-06-24,blue,,blue,
1176,342,"Barn 1, Room 2 (south)",2022-06-25,blue,,blue,
1177,342,"Barn 1, Room 2 (south)",2022-06-26,blue,,blue,
1178,342,"Barn 1, Room 2 (south)",2022-06-27,blue,,blue,
1179,342,"Barn 1, Room 2 (south)",2022-06-28,blue,,blue,
1180,342,"Barn 1, Room 2 (south)",2022-06-29,blue,,blue,
1181,342,"Barn 1, Room 2 (south)",2022-06-30,blue,,blue,
1145,342,"Barn 1, Room 2 (south)",2022-07-01,yellow,28.98,blue,
1146,342,"Barn 1, Room 2 (south)",2022-07-02,green,28.27,green,93.0
1147,342,"Barn 1, Room 2 (south)",2022-07-03,green,28.65,green,93.0
1148,342,"Barn 1, Room 2 (south)",2022-07-04,green,29.5,green,95.0
1149,342,"Barn 1, Room 2 (south)",2022-07-05,yellow,29.91,green,95.0
1150,342,"Barn 1, Room 2 (south)",2022-07-06,green,27.57,green,89.0
1151,342,"Barn 1, Room 2 (south)",2022-07-07,green,28.16,green,93.0
1152,342,"Barn 1, Room 2 (south)",2022-07-08,green,28.34,green,91.0
1153,342,"Barn 1, Room 2 (south)",2022-07-09,yellow,28.27,green,91.0
1154,342,"Barn 1, Room 2 (south)",2022-07-10,green,28.35,green,89.0
1155,342,"Barn 1, Room 2 (south)",2022-07-11,yellow,28.04,green,95.0
1156,342,"Barn 1, Room 2 (south)",2022-07-12,yellow,27.84,green,93.0
1157,342,"Barn 1, Room 2 (south)",2022-07-13,green,28.28,green,93.0
1158,342,"Barn 1, Room 2 (south)",2022-07-14,green,28.75,green,94.0
1159,342,"Barn 1, Room 2 (south)",2022-07-15,yellow,29.57,green,94.0
1160,342,"Barn 1, Room 2 (south)",2022-07-16,green,27.97,green,92.0
1161,342,"Barn 1, Room 2 (south)",2022-07-17,yellow,28.67,green,93.0
1162,342,"Barn 1, Room 2 (south)",2022-07-18,yellow,28.67,green,92.0
174,343,"Barn 1, Room 1 (north)",2020-12-08,green,,blue,
175,343,"Barn 1, Room 1 (north)",2020-12-09,green,,blue,
0,343,"Barn 1, Room 1 (north)",2020-12-10,green,28.9,green,
1,343,"Barn 1, Room 1 (north)",2020-12-11,green,28.64,green,93.0
2,343,"Barn 1, Room 1 (north)",2020-12-12,green,28.84,green,94.0
3,343,"Barn 1, Room 1 (north)",2020-12-13,green,28.81,green,98.0
4,343,"Barn 1, Room 1 (north)",2020-12-14,green,28.73,green,98.0
5,343,"Barn 1, Room 1 (north)",2020-12-15,green,28.45,green,96.0
6,343,"Barn 1, Room 1 (north)",2020-12-16,green,28.14,green,96.0
7,343,"Barn 1, Room 1 (north)",2020-12-17,green,28.0,green,94.0
8,343,"Barn 1, Room 1 (north)",2020-12-18,green,27.87,green,94.0
9,343,"Barn 1, Room 1 (north)",2020-12-19,green,27.62,green,94.0
10,343,"Barn 1, Room 1 (north)",2020-12-20,green,27.37,green,97.0
11,343,"Barn 1, Room 1 (north)",2020-12-21,green,27.34,green,94.0
12,343,"Barn 1, Room 1 (north)",2020-12-22,green,26.8,green,96.0
13,343,"Barn 1, Room 1 (north)",2020-12-23,green,26.87,green,95.0
14,343,"Barn 1, Room 1 (north)",2020-12-24,green,26.6,green,95.0
15,343,"Barn 1, Room 1 (north)",2020-12-25,green,26.23,green,92.0
16,343,"Barn 1, Room 1 (north)",2020-12-26,green,26.12,green,95.0
17,343,"Barn 1, Room 1 (north)",2020-12-27,green,26.05,green,89.0
18,343,"Barn 1, Room 1 (north)",2020-12-28,green,25.86,green,93.0
19,343,"Barn 1, Room 1 (north)",2020-12-29,green,25.81,green,89.0
20,343,"Barn 1, Room 1 (north)",2020-12-30,green,25.75,green,85.0
21,343,"Barn 1, Room 1 (north)",2020-12-31,green,25.41,green,86.0
22,343,"Barn 1, Room 1 (north)",2021-01-01,green,25.45,green,76.0
23,343,"Barn 1, Room 1 (north)",2021-01-02,green,25.07,green,68.0
24,343,"Barn 1, Room 1 (north)",2021-01-03,green,24.64,green,84.0
25,343,"Barn 1, Room 1 (north)",2021-01-04,green,24.68,green,82.0
26,343,"Barn 1, Room 1 (north)",2021-01-05,green,24.44,green,91.0
27,343,"Barn 1, Room 1 (north)",2021-01-06,green,24.05,green,89.0
28,343,"Barn 1, Room 1 (north)",2021-01-07,green,23.88,green,92.0
29,343,"Barn 1, Room 1 (north)",2021-01-08,green,24.46,green,75.0
30,343,"Barn 1, Room 1 (north)",2021-01-09,green,24.36,green,72.0
31,343,"Barn 1, Room 1 (north)",2021-01-10,green,24.45,green,77.0
32,343,"Barn 1, Room 1 (north)",2021-01-11,green,24.23,green,74.0
33,343,"Barn 1, Room 1 (north)",2021-01-12,green,24.17,green,80.0
34,343,"Barn 1, Room 1 (north)",2021-01-13,green,24.23,green,80.0
35,343,"Barn 1, Room 1 (north)",2021-01-14,green,24.53,green,84.0
36,343,"Barn 1, Room 1 (north)",2021-01-15,green,23.45,yellow,84.0
37,343,"Barn 1, Room 1 (north)",2021-01-16,green,24.46,green,56.0
38,343,"Barn 1, Room 1 (north)",2021-01-17,green,24.16,green,64.0
39,343,"Barn 1, Room 1 (north)",2021-01-18,green,23.6,green,74.0
40,343,"Barn 1, Room 1 (north)",2021-01-19,green,23.74,green,80.0
41,343,"Barn 1, Room 1 (north)",2021-01-20,green,22.77,green,87.0
42,343,"Barn 1, Room 1 (north)",2021-01-21,green,23.0,green,84.0
43,343,"Barn 1, Room 1 (north)",2021-01-22,green,22.85,green,78.0
44,343,"Barn 1, Room 1 (north)",2021-01-23,green,22.78,green,79.0
45,343,"Barn 1, Room 1 (north)",2021-01-24,green,23.3,green,78.0
46,343,"Barn 1, Room 1 (north)",2021-01-25,green,23.38,green,71.0
47,343,"Barn 1, Room 1 (north)",2021-01-26,green,23.38,green,72.0
48,343,"Barn 1, Room 1 (north)",2021-01-27,green,22.94,green,64.0
49,343,"Barn 1, Room 1 (north)",2021-01-28,green,22.24,green,71.0
50,343,"Barn 1, Room 1 (north)",2021-01-29,green,22.29,green,82.0
51,343,"Barn 1, Room 1 (north)",2021-01-30,green,22.67,yellow,78.0
52,343,"Barn 1, Room 1 (north)",2021-01-31,green,23.33,yellow,68.0
53,343,"Barn 1, Room 1 (north)",2021-02-01,green,23.51,yellow,64.0
54,343,"Barn 1, Room 1 (north)",2021-02-02,green,23.28,yellow,66.0
55,343,"Barn 1, Room 1 (north)",2021-02-03,green,23.01,green,75.0
56,343,"Barn 1, Room 1 (north)",2021-02-04,green,23.38,green,68.0
57,343,"Barn 1, Room 1 (north)",2021-02-05,green,23.05,yellow,75.0
58,343,"Barn 1, Room 1 (north)",2021-02-06,green,23.13,yellow,68.0
59,343,"Barn 1, Room 1 (north)",2021-02-07,green,22.9,green,75.0
60,343,"Barn 1, Room 1 (north)",2021-02-08,green,22.87,green,69.0
61,343,"Barn 1, Room 1 (north)",2021-02-09,green,22.67,green,73.0
62,343,"Barn 1, Room 1 (north)",2021-02-10,green,22.54,green,77.0
63,343,"Barn 1, Room 1 (north)",2021-02-11,green,22.6,green,80.0
64,343,"Barn 1, Room 1 (north)",2021-02-12,green,22.61,green,80.0
65,343,"Barn 1, Room 1 (north)",2021-02-13,green,22.57,green,83.0
66,343,"Barn 1, Room 1 (north)",2021-02-14,green,22.49,green,80.0
67,343,"Barn 1, Room 1 (north)",2021-02-15,green,21.95,green,81.0
68,343,"Barn 1, Room 1 (north)",2021-02-16,green,21.76,green,82.0
69,343,"Barn 1, Room 1 (north)",2021-02-17,green,21.9,green,80.0
70,343,"Barn 1, Room 1 (north)",2021-02-18,green,22.14,green,80.0
71,343,"Barn 1, Room 1 (north)",2021-02-19,green,21.91,green,83.0
72,343,"Barn 1, Room 1 (north)",2021-02-20,green,21.4,green,89.0
73,343,"Barn 1, Room 1 (north)",2021-02-21,green,21.95,green,89.0
74,343,"Barn 1, Room 1 (north)",2021-02-22,green,21.88,green,94.0
75,343,"Barn 1, Room 1 (north)",2021-02-23,yellow,21.63,green,92.0
76,343,"Barn 1, Room 1 (north)",2021-02-24,green,21.5,green,95.0
77,343,"Barn 1, Room 1 (north)",2021-02-25,green,21.7,green,93.0
78,343,"Barn 1, Room 1 (north)",2021-02-26,yellow,21.2,green,94.0
79,343,"Barn 1, Room 1 (north)",2021-02-27,green,21.18,green,95.0
80,343,"Barn 1, Room 1 (north)",2021-02-28,yellow,20.74,green,95.0
81,343,"Barn 1, Room 1 (north)",2021-03-01,green,20.9,green,96.0
82,343,"Barn 1, Room 1 (north)",2021-03-02,green,20.99,green,95.0
83,343,"Barn 1, Room 1 (north)",2021-03-03,green,21.49,green,96.0
84,343,"Barn 1, Room 1 (north)",2021-03-04,yellow,20.64,green,96.0
85,343,"Barn 1, Room 1 (north)",2021-03-05,yellow,20.62,green,91.0
86,343,"Barn 1, Room 1 (north)",2021-03-06,green,20.79,green,96.0
87,343,"Barn 1, Room 1 (north)",2021-03-07,green,20.56,green,96.0
88,343,"Barn 1, Room 1 (north)",2021-03-08,green,20.8,green,96.0
89,343,"Barn 1, Room 1 (north)",2021-03-09,green,21.25,green,91.0
90,343,"Barn 1, Room 1 (north)",2021-03-10,green,21.0,green,96.0
91,343,"Barn 1, Room 1 (north)",2021-03-11,yellow,19.04,green,96.0
92,343,"Barn 1, Room 1 (north)",2021-03-12,green,18.7,green,96.0
93,343,"Barn 1, Room 1 (north)",2021-03-13,green,18.9,green,97.0
94,343,"Barn 1, Room 1 (north)",2021-03-14,green,18.63,green,97.0
95,343,"Barn 1, Room 1 (north)",2021-03-15,green,17.52,green,96.0
96,343,"Barn 1, Room 1 (north)",2021-03-16,green,17.38,green,97.0
97,343,"Barn 1, Room 1 (north)",2021-03-17,green,17.42,green,96.0
98,343,"Barn 1, Room 1 (north)",2021-03-18,yellow,18.07,green,95.0
99,343,"Barn 1, Room 1 (north)",2021-03-19,red,17.84,green,97.0
100,343,"Barn 1, Room 1 (north)",2021-03-20,yellow,18.49,green,97.0
101,343,"Barn 1, Room 1 (north)",2021-03-21,green,19.59,green,94.0
102,343,"Barn 1, Room 1 (north)",2021-03-22,green,17.66,green,95.0
103,343,"Barn 1, Room 1 (north)",2021-03-23,green,21.1,green,96.0
104,343,"Barn 1, Room 1 (north)",2021-03-24,green,18.92,green,95.0
105,343,"Barn 1, Room 1 (north)",2021-03-25,green,17.31,green,82.0
106,343,"Barn 1, Room 1 (north)",2021-03-26,green,17.98,yellow,51.0
107,343,"Barn 1, Room 1 (north)",2021-03-27,green,17.59,red,44.0
108,343,"Barn 1, Room 1 (north)",2021-03-28,yellow,17.15,red,51.0
109,343,"Barn 1, Room 1 (north)",2021-03-29,yellow,20.23,yellow,75.0
110,343,"Barn 1, Room 1 (north)",2021-03-30,green,17.09,red,52.0
111,343,"Barn 1, Room 1 (north)",2021-03-31,green,16.55,yellow,68.0
112,343,"Barn 1, Room 1 (north)",2021-04-01,green,17.25,green,86.0
113,343,"Barn 1, Room 1 (north)",2021-04-02,yellow,18.83,green,96.0
114,343,"Barn 1, Room 1 (north)",2021-04-03,yellow,20.37,green,96.0
115,343,"Barn 1, Room 1 (north)",2021-04-04,red,22.03,green,97.0
116,343,"Barn 1, Room 1 (north)",2021-04-05,yellow,23.77,green,97.0
117,343,"Barn 1, Room 1 (north)",2021-04-06,yellow,22.2,green,97.0
118,343,"Barn 1, Room 1 (north)",2021-04-07,green,20.64,green,99.0
119,343,"Barn 1, Room 1 (north)",2021-04-08,green,18.21,green,96.0
120,343,"Barn 1, Room 1 (north)",2021-04-09,green,18.05,green,98.0
121,343,"Barn 1, Room 1 (north)",2021-04-10,yellow,18.02,green,96.0
122,343,"Barn 1, Room 1 (north)",2021-04-11,green,18.31,green,97.0
123,343,"Barn 1, Room 1 (north)",2021-04-12,yellow,18.04,green,97.0
124,343,"Barn 1, Room 1 (north)",2021-04-13,yellow,17.27,green,97.0
125,343,"Barn 1, Room 1 (north)",2021-04-14,yellow,16.56,green,97.0
126,343,"Barn 1, Room 1 (north)",2021-04-15,green,16.87,green,98.0
127,343,"Barn 1, Room 1 (north)",2021-04-16,green,17.37,green,97.0
128,343,"Barn 1, Room 1 (north)",2021-04-17,green,18.16,green,95.0
129,343,"Barn 1, Room 1 (north)",2021-04-18,yellow,18.87,green,96.0
130,343,"Barn 1, Room 1 (north)",2021-04-19,green,53.43,green,95.0
131,343,"Barn 1, Room 1 (north)",2021-04-20,green,60.4,green,88.0
132,343,"Barn 1, Room 1 (north)",2021-04-21,green,16.14,green,87.0
133,343,"Barn 1, Room 1 (north)",2021-04-22,green,18.04,green,87.0
134,343,"Barn 1, Room 1 (north)",2021-04-23,yellow,18.7,green,94.0
135,343,"Barn 1, Room 1 (north)",2021-04-24,yellow,17.77,green,96.0
136,343,"Barn 1, Room 1 (north)",2021-04-25,green,18.79,green,96.0
137,343,"Barn 1, Room 1 (north)",2021-04-26,red,23.34,green,95.0
138,343,"Barn 1, Room 1 (north)",2021-04-27,green,20.38,green,93.0
139,343,"Barn 1, Room 1 (north)",2021-04-28,green,19.36,green,95.0
140,343,"Barn 1, Room 1 (north)",2021-04-29,yellow,20.15,green,94.0
141,343,"Barn 1, Room 1 (north)",2021-04-30,yellow,20.95,green,94.0
142,343,"Barn 1, Room 1 (north)",2021-05-01,red,25.2,green,98.0
143,343,"Barn 1, Room 1 (north)",2021-05-02,red,23.65,green,97.0
144,343,"Barn 1, Room 1 (north)",2021-05-03,green,19.83,green,96.0
145,343,"Barn 1, Room 1 (north)",2021-05-04,yellow,18.03,green,75.0
146,343,"Barn 1, Room 1 (north)",2021-05-05,yellow,18.45,green,92.0
147,343,"Barn 1, Room 1 (north)",2021-05-06,yellow,18.26,green,94.0
148,343,"Barn 1, Room 1 (north)",2021-05-07,yellow,17.6,green,92.0
176,343,"Barn 1, Room 1 (north)",2021-05-08,green,,green,91.0
177,343,"Barn 1, Room 1 (north)",2021-05-09,yellow,,green,89.0
149,343,"Barn 1, Room 1 (north)",2021-05-10,green,18.43,green,94.0
150,343,"Barn 1, Room 1 (north)",2021-05-11,green,18.19,green,94.0
151,343,"Barn 1, Room 1 (north)",2021-05-12,green,18.73,green,87.0
152,343,"Barn 1, Room 1 (north)",2021-05-13,yellow,19.05,green,97.0
153,343,"Barn 1, Room 1 (north)",2021-05-14,green,18.05,green,94.0
154,343,"Barn 1, Room 1 (north)",2021-05-15,yellow,20.23,green,97.0
155,343,"Barn 1, Room 1 (north)",2021-05-16,green,18.41,green,96.0
156,343,"Barn 1, Room 1 (north)",2021-05-17,green,18.43,green,98.0
157,343,"Barn 1, Room 1 (north)",2021-05-18,green,19.09,green,95.0
158,343,"Barn 1, Room 1 (north)",2021-05-19,blue,20.81,green,98.0
159,343,"Barn 1, Room 1 (north)",2021-05-20,blue,20.51,green,98.0
160,343,"Barn 1, Room 1 (north)",2021-05-21,blue,21.9,green,99.0
161,343,"Barn 1, Room 1 (north)",2021-05-22,blue,21.96,green,99.0
162,343,"Barn 1, Room 1 (north)",2021-05-23,blue,23.25,green,98.0
163,343,"Barn 1, Room 1 (north)",2021-05-24,blue,23.63,green,99.0
164,343,"Barn 1, Room 1 (north)",2021-05-25,blue,24.26,green,99.0
165,343,"Barn 1, Room 1 (north)",2021-05-26,blue,21.29,green,98.0
166,343,"Barn 1, Room 1 (north)",2021-05-27,blue,18.18,green,99.0
167,343,"Barn 1, Room 1 (north)",2021-05-28,blue,13.06,blue,
178,343,"Barn 1, Room 1 (north)",2021-05-29,blue,,blue,
179,343,"Barn 1, Room 1 (north)",2021-05-30,blue,,blue,
180,343,"Barn 1, Room 1 (north)",2021-05-31,blue,,blue,
181,343,"Barn 1, Room 1 (north)",2021-06-01,blue,,blue,
182,343,"Barn 1, Room 1 (north)",2021-06-02,blue,,blue,
168,343,"Barn 1, Room 1 (north)",2021-06-03,green,26.41,blue,
169,343,"Barn 1, Room 1 (north)",2021-06-04,red,29.46,blue,
170,343,"Barn 1, Room 1 (north)",2021-06-05,yellow,27.48,green,97.0
171,343,"Barn 1, Room 1 (north)",2021-06-06,yellow,25.41,green,96.0
172,343,"Barn 1, Room 1 (north)",2021-06-07,yellow,26.64,green,99.0
173,343,"Barn 1, Room 1 (north)",2021-06-08,yellow,26.64,green,
308,343,"Barn 1, Room 1 (north)",2021-06-08,yellow,27.84,green,98.0
309,343,"Barn 1, Room 1 (north)",2021-06-09,red,28.29,green,96.0
310,343,"Barn 1, Room 1 (north)",2021-06-10,yellow,29.86,green,98.0
311,343,"Barn 1, Room 1 (north)",2021-06-11,green,29.11,green,80.0
312,343,"Barn 1, Room 1 (north)",2021-06-12,green,29.57,yellow,49.0
313,343,"Barn 1, Room 1 (north)",2021-06-13,yellow,31.56,green,79.0
314,343,"Barn 1, Room 1 (north)",2021-06-14,green,30.16,green,87.0
315,343,"Barn 1, Room 1 (north)",2021-06-15,yellow,30.83,green,88.0
316,343,"Barn 1, Room 1 (north)",2021-06-16,green,30.93,green,89.0
317,343,"Barn 1, Room 1 (north)",2021-06-17,yellow,31.65,green,90.0
318,343,"Barn 1, Room 1 (north)",2021-06-18,yellow,30.34,green,82.0
319,343,"Barn 1, Room 1 (north)",2021-06-19,green,29.98,green,74.0
320,343,"Barn 1, Room 1 (north)",2021-06-20,green,29.57,green,70.0
321,343,"Barn 1, Room 1 (north)",2021-06-21,green,29.54,green,77.0
322,343,"Barn 1, Room 1 (north)",2021-06-22,green,29.23,green,80.0
323,343,"Barn 1, Room 1 (north)",2021-06-23,green,30.44,green,90.0
324,343,"Barn 1, Room 1 (north)",2021-06-24,green,29.35,green,84.0
325,343,"Barn 1, Room 1 (north)",2021-06-25,green,29.09,green,84.0
326,343,"Barn 1, Room 1 (north)",2021-06-26,green,28.33,green,75.0
327,343,"Barn 1, Room 1 (north)",2021-06-27,green,29.01,green,81.0
328,343,"Barn 1, Room 1 (north)",2021-06-28,green,29.42,green,76.0
329,343,"Barn 1, Room 1 (north)",2021-06-29,green,29.44,green,77.0
330,343,"Barn 1, Room 1 (north)",2021-06-30,green,29.28,green,69.0
331,343,"Barn 1, Room 1 (north)",2021-07-01,green,28.97,green,66.0
332,343,"Barn 1, Room 1 (north)",2021-07-02,yellow,28.94,green,71.0
333,343,"Barn 1, Room 1 (north)",2021-07-03,yellow,29.34,green,64.0
334,343,"Barn 1, Room 1 (north)",2021-07-04,green,29.43,green,65.0
335,343,"Barn 1, Room 1 (north)",2021-07-05,yellow,29.99,green,67.0
336,343,"Barn 1, Room 1 (north)",2021-07-06,green,29.75,green,70.0
337,343,"Barn 1, Room 1 (north)",2021-07-07,green,27.04,yellow,56.0
338,343,"Barn 1, Room 1 (north)",2021-07-08,green,26.6,green,66.0
339,343,"Barn 1, Room 1 (north)",2021-07-09,green,27.54,green,71.0
340,343,"Barn 1, Room 1 (north)",2021-07-10,green,26.5,yellow,55.0
341,343,"Barn 1, Room 1 (north)",2021-07-11,green,26.73,green,66.0
342,343,"Barn 1, Room 1 (north)",2021-07-12,yellow,27.3,green,76.0
343,343,"Barn 1, Room 1 (north)",2021-07-13,green,27.53,green,64.0
344,343,"Barn 1, Room 1 (north)",2021-07-14,green,27.44,yellow,50.0
345,343,"Barn 1, Room 1 (north)",2021-07-15,yellow,27.2,yellow,49.0
346,343,"Barn 1, Room 1 (north)",2021-07-16,yellow,27.39,yellow,53.0
347,343,"Barn 1, Room 1 (north)",2021-07-17,yellow,27.58,yellow,44.0
348,343,"Barn 1, Room 1 (north)",2021-07-18,yellow,27.54,yellow,52.0
349,343,"Barn 1, Room 1 (north)",2021-07-19,yellow,27.36,yellow,57.0
350,343,"Barn 1, Room 1 (north)",2021-07-20,yellow,27.4,yellow,55.0
351,343,"Barn 1, Room 1 (north)",2021-07-21,yellow,27.61,yellow,56.0
352,343,"Barn 1, Room 1 (north)",2021-07-22,yellow,27.6,yellow,57.0
353,343,"Barn 1, Room 1 (north)",2021-07-23,yellow,28.8,green,66.0
354,343,"Barn 1, Room 1 (north)",2021-07-24,yellow,28.68,green,70.0
355,343,"Barn 1, Room 1 (north)",2021-07-25,yellow,28.15,yellow,56.0
356,343,"Barn 1, Room 1 (north)",2021-07-26,yellow,27.87,yellow,54.0
183,343,"Barn 1, Room 1 (north)",2021-07-27,yellow,29.44,yellow,55.0
184,343,"Barn 1, Room 1 (north)",2021-07-28,yellow,30.18,green,78.0
185,343,"Barn 1, Room 1 (north)",2021-07-29,yellow,28.76,green,71.0
186,343,"Barn 1, Room 1 (north)",2021-07-30,green,27.13,yellow,50.0
187,343,"Barn 1, Room 1 (north)",2021-07-31,green,27.16,yellow,54.0
188,343,"Barn 1, Room 1 (north)",2021-08-01,green,26.58,yellow,56.0
189,343,"Barn 1, Room 1 (north)",2021-08-02,green,26.44,green,65.0
190,343,"Barn 1, Room 1 (north)",2021-08-03,green,26.68,green,71.0
191,343,"Barn 1, Room 1 (north)",2021-08-04,green,26.88,green,71.0
192,343,"Barn 1, Room 1 (north)",2021-08-05,green,27.11,yellow,55.0
193,343,"Barn 1, Room 1 (north)",2021-08-06,green,27.69,green,70.0
194,343,"Barn 1, Room 1 (north)",2021-08-07,green,27.52,green,64.0
195,343,"Barn 1, Room 1 (north)",2021-08-08,green,26.87,red,35.0
196,343,"Barn 1, Room 1 (north)",2021-08-09,green,28.39,red,32.0
197,343,"Barn 1, Room 1 (north)",2021-08-10,green,27.98,red,36.0
198,343,"Barn 1, Room 1 (north)",2021-08-11,yellow,28.03,red,36.0
199,343,"Barn 1, Room 1 (north)",2021-08-12,yellow,26.93,yellow,44.0
200,343,"Barn 1, Room 1 (north)",2021-08-13,yellow,26.47,red,35.0
201,343,"Barn 1, Room 1 (north)",2021-08-14,yellow,26.37,red,37.0
202,343,"Barn 1, Room 1 (north)",2021-08-15,yellow,26.31,yellow,50.0
203,343,"Barn 1, Room 1 (north)",2021-08-16,yellow,26.55,yellow,50.0
204,343,"Barn 1, Room 1 (north)",2021-08-17,yellow,27.11,yellow,57.0
205,343,"Barn 1, Room 1 (north)",2021-08-18,yellow,27.01,green,71.0
206,343,"Barn 1, Room 1 (north)",2021-08-19,yellow,27.46,green,74.0
207,343,"Barn 1, Room 1 (north)",2021-08-20,yellow,27.61,green,81.0
208,343,"Barn 1, Room 1 (north)",2021-08-21,green,25.26,green,75.0
209,343,"Barn 1, Room 1 (north)",2021-08-22,green,25.85,green,74.0
210,343,"Barn 1, Room 1 (north)",2021-08-23,yellow,28.89,green,82.0
211,343,"Barn 1, Room 1 (north)",2021-08-24,green,28.07,green,89.0
212,343,"Barn 1, Room 1 (north)",2021-08-25,yellow,27.04,green,87.0
213,343,"Barn 1, Room 1 (north)",2021-08-26,green,26.0,green,90.0
214,343,"Barn 1, Room 1 (north)",2021-08-27,yellow,28.0,green,87.0
215,343,"Barn 1, Room 1 (north)",2021-08-28,yellow,28.16,green,93.0
216,343,"Barn 1, Room 1 (north)",2021-08-29,green,25.3,green,88.0
217,343,"Barn 1, Room 1 (north)",2021-08-30,yellow,25.68,green,80.0
218,343,"Barn 1, Room 1 (north)",2021-08-31,green,24.76,green,78.0
219,343,"Barn 1, Room 1 (north)",2021-09-01,green,24.94,green,72.0
220,343,"Barn 1, Room 1 (north)",2021-09-02,green,24.38,green,80.0
221,343,"Barn 1, Room 1 (north)",2021-09-03,green,24.65,green,87.0
222,343,"Barn 1, Room 1 (north)",2021-09-04,green,24.41,green,88.0
223,343,"Barn 1, Room 1 (north)",2021-09-05,yellow,25.47,green,88.0
224,343,"Barn 1, Room 1 (north)",2021-09-06,yellow,26.26,green,87.0
225,343,"Barn 1, Room 1 (north)",2021-09-07,green,24.95,green,94.0
226,343,"Barn 1, Room 1 (north)",2021-09-08,green,24.23,green,88.0
227,343,"Barn 1, Room 1 (north)",2021-09-09,green,24.38,green,85.0
228,343,"Barn 1, Room 1 (north)",2021-09-10,yellow,25.4,green,76.0
229,343,"Barn 1, Room 1 (north)",2021-09-11,red,26.95,green,75.0
230,343,"Barn 1, Room 1 (north)",2021-09-12,green,24.14,green,93.0
231,343,"Barn 1, Room 1 (north)",2021-09-13,yellow,25.15,green,87.0
232,343,"Barn 1, Room 1 (north)",2021-09-14,green,23.53,green,86.0
233,343,"Barn 1, Room 1 (north)",2021-09-15,yellow,24.57,green,86.0
234,343,"Barn 1, Room 1 (north)",2021-09-16,yellow,26.24,green,90.0
235,343,"Barn 1, Room 1 (north)",2021-09-17,green,23.07,green,92.0
236,343,"Barn 1, Room 1 (north)",2021-09-18,yellow,25.27,green,78.0
237,343,"Barn 1, Room 1 (north)",2021-09-19,red,26.56,green,81.0
238,343,"Barn 1, Room 1 (north)",2021-09-20,green,22.61,green,86.0
239,343,"Barn 1, Room 1 (north)",2021-09-21,yellow,22.03,green,81.0
240,343,"Barn 1, Room 1 (north)",2021-09-22,green,21.9,green,75.0
241,343,"Barn 1, Room 1 (north)",2021-09-23,yellow,22.74,green,71.0
242,343,"Barn 1, Room 1 (north)",2021-09-24,green,21.62,green,86.0
243,343,"Barn 1, Room 1 (north)",2021-09-25,yellow,22.46,green,78.0
244,343,"Barn 1, Room 1 (north)",2021-09-26,red,24.54,green,86.0
245,343,"Barn 1, Room 1 (north)",2021-09-27,red,24.65,green,86.0
246,343,"Barn 1, Room 1 (north)",2021-09-28,red,24.99,green,86.0
247,343,"Barn 1, Room 1 (north)",2021-09-29,yellow,24.17,green,83.0
248,343,"Barn 1, Room 1 (north)",2021-09-30,yellow,23.77,green,87.0
249,343,"Barn 1, Room 1 (north)",2021-10-01,yellow,22.41,green,86.0
250,343,"Barn 1, Room 1 (north)",2021-10-02,green,21.16,green,86.0
251,343,"Barn 1, Room 1 (north)",2021-10-03,yellow,21.47,green,86.0
252,343,"Barn 1, Room 1 (north)",2021-10-04,yellow,21.77,green,88.0
253,343,"Barn 1, Room 1 (north)",2021-10-05,green,21.39,green,86.0
254,343,"Barn 1, Room 1 (north)",2021-10-06,green,21.39,green,86.0
255,343,"Barn 1, Room 1 (north)",2021-10-07,yellow,21.74,green,92.0
256,343,"Barn 1, Room 1 (north)",2021-10-08,red,23.32,green,87.0
257,343,"Barn 1, Room 1 (north)",2021-10-09,green,22.28,green,80.0
258,343,"Barn 1, Room 1 (north)",2021-10-10,green,20.48,green,77.0
259,343,"Barn 1, Room 1 (north)",2021-10-11,green,20.26,green,70.0
260,343,"Barn 1, Room 1 (north)",2021-10-12,green,20.54,green,79.0
261,343,"Barn 1, Room 1 (north)",2021-10-13,green,20.57,green,85.0
262,343,"Barn 1, Room 1 (north)",2021-10-14,yellow,19.45,green,87.0
263,343,"Barn 1, Room 1 (north)",2021-10-15,green,19.1,green,89.0
264,343,"Barn 1, Room 1 (north)",2021-10-16,green,19.25,green,83.0
265,343,"Barn 1, Room 1 (north)",2021-10-17,yellow,20.07,green,91.0
266,343,"Barn 1, Room 1 (north)",2021-10-18,yellow,20.68,green,93.0
267,343,"Barn 1, Room 1 (north)",2021-10-19,yellow,20.16,green,94.0
268,343,"Barn 1, Room 1 (north)",2021-10-20,green,19.11,green,93.0
269,343,"Barn 1, Room 1 (north)",2021-10-21,green,18.42,green,90.0
270,343,"Barn 1, Room 1 (north)",2021-10-22,green,18.4,green,93.0
271,343,"Barn 1, Room 1 (north)",2021-10-23,green,18.53,green,92.0
272,343,"Barn 1, Room 1 (north)",2021-10-24,green,18.57,green,90.0
273,343,"Barn 1, Room 1 (north)",2021-10-25,green,18.53,yellow,56.0
274,343,"Barn 1, Room 1 (north)",2021-10-26,green,19.14,yellow,46.0
275,343,"Barn 1, Room 1 (north)",2021-10-27,green,19.34,red,33.0
276,343,"Barn 1, Room 1 (north)",2021-10-28,green,19.54,yellow,50.0
277,343,"Barn 1, Room 1 (north)",2021-10-29,green,20.67,red,37.0
278,343,"Barn 1, Room 1 (north)",2021-10-30,green,21.24,red,35.0
279,343,"Barn 1, Room 1 (north)",2021-10-31,green,21.14,red,36.0
280,343,"Barn 1, Room 1 (north)",2021-11-01,green,20.87,yellow,47.0
281,343,"Barn 1, Room 1 (north)",2021-11-02,yellow,20.55,green,85.0
282,343,"Barn 1, Room 1 (north)",2021-11-03,green,20.47,green,82.0
283,343,"Barn 1, Room 1 (north)",2021-11-04,green,20.41,green,76.0
284,343,"Barn 1, Room 1 (north)",2021-11-05,green,20.67,green,76.0
285,343,"Barn 1, Room 1 (north)",2021-11-06,green,21.11,green,72.0
286,343,"Barn 1, Room 1 (north)",2021-11-07,green,21.06,green,69.0
287,343,"Barn 1, Room 1 (north)",2021-11-08,green,20.78,yellow,56.0
288,343,"Barn 1, Room 1 (north)",2021-11-09,green,20.74,yellow,56.0
289,343,"Barn 1, Room 1 (north)",2021-11-10,green,20.7,yellow,52.0
290,343,"Barn 1, Room 1 (north)",2021-11-11,green,20.02,yellow,55.0
291,343,"Barn 1, Room 1 (north)",2021-11-12,green,19.51,yellow,56.0
292,343,"Barn 1, Room 1 (north)",2021-11-13,green,19.16,yellow,51.0
293,343,"Barn 1, Room 1 (north)",2021-11-14,green,19.24,yellow,46.0
294,343,"Barn 1, Room 1 (north)",2021-11-15,green,19.18,yellow,54.0
295,343,"Barn 1, Room 1 (north)",2021-11-16,green,18.23,yellow,57.0
296,343,"Barn 1, Room 1 (north)",2021-11-17,green,18.29,yellow,49.0
297,343,"Barn 1, Room 1 (north)",2021-11-18,green,17.35,yellow,52.0
298,343,"Barn 1, Room 1 (north)",2021-11-19,green,17.53,yellow,51.0
299,343,"Barn 1, Room 1 (north)",2021-11-20,green,18.71,yellow,45.0
300,343,"Barn 1, Room 1 (north)",2021-11-21,green,19.07,red,33.0
301,343,"Barn 1, Room 1 (north)",2021-11-22,green,18.66,red,32.0
302,343,"Barn 1, Room 1 (north)",2021-11-23,blue,14.14,blue,89.0
303,343,"Barn 1, Room 1 (north)",2021-11-24,blue,11.32,blue,97.0
304,343,"Barn 1, Room 1 (north)",2021-11-25,blue,10.28,blue,97.0
305,343,"Barn 1, Room 1 (north)",2021-11-26,blue,11.0,blue,97.0
306,343,"Barn 1, Room 1 (north)",2021-11-27,blue,11.19,blue,97.0
307,343,"Barn 1, Room 1 (north)",2021-11-28,blue,10.69,blue,
357,343,"Barn 1, Room 1 (north)",2021-11-29,blue,,blue,
358,343,"Barn 1, Room 1 (north)",2021-11-30,blue,,blue,
359,343,"Barn 1, Room 1 (north)",2021-12-01,blue,,blue,
360,343,"Barn 1, Room 1 (north)",2021-12-02,blue,,blue,
361,343,"Barn 1, Room 1 (north)",2021-12-03,blue,,blue,
362,343,"Barn 1, Room 1 (north)",2021-12-04,blue,,blue,
363,343,"Barn 1, Room 1 (north)",2021-12-05,blue,,blue,
364,343,"Barn 1, Room 1 (north)",2021-12-06,blue,,blue,
365,343,"Barn 1, Room 1 (north)",2021-12-07,blue,,blue,
535,343,"Barn 1, Room 1 (north)",2021-12-07,blue,,blue,
536,343,"Barn 1, Room 1 (north)",2021-12-08,blue,,blue,
537,343,"Barn 1, Room 1 (north)",2021-12-09,blue,,blue,
538,343,"Barn 1, Room 1 (north)",2021-12-10,blue,,blue,
539,343,"Barn 1, Room 1 (north)",2021-12-11,blue,,blue,
540,343,"Barn 1, Room 1 (north)",2021-12-12,blue,,blue,
366,343,"Barn 1, Room 1 (north)",2021-12-13,green,25.97,blue,
541,343,"Barn 1, Room 1 (north)",2021-12-14,green,,blue,
542,343,"Barn 1, Room 1 (north)",2021-12-15,green,,blue,
543,343,"Barn 1, Room 1 (north)",2021-12-16,green,,blue,
544,343,"Barn 1, Room 1 (north)",2021-12-17,green,,blue,
545,343,"Barn 1, Room 1 (north)",2021-12-18,green,,blue,
546,343,"Barn 1, Room 1 (north)",2021-12-19,green,,blue,
547,343,"Barn 1, Room 1 (north)",2021-12-20,green,,blue,
548,343,"Barn 1, Room 1 (north)",2021-12-21,green,,blue,
533,343,"Barn 1, Room 1 (north)",2021-12-22,green,27.18,blue,
367,343,"Barn 1, Room 1 (north)",2021-12-23,green,27.52,green,93.0
368,343,"Barn 1, Room 1 (north)",2021-12-24,green,27.41,green,88.0
369,343,"Barn 1, Room 1 (north)",2021-12-25,green,27.36,green,93.0
370,343,"Barn 1, Room 1 (north)",2021-12-26,green,27.32,green,97.0
371,343,"Barn 1, Room 1 (north)",2021-12-27,green,27.18,green,99.0
372,343,"Barn 1, Room 1 (north)",2021-12-28,green,27.09,green,97.0
373,343,"Barn 1, Room 1 (north)",2021-12-29,green,26.99,green,99.0
374,343,"Barn 1, Room 1 (north)",2021-12-30,green,26.88,green,96.0
375,343,"Barn 1, Room 1 (north)",2021-12-31,yellow,26.7,green,97.0
376,343,"Barn 1, Room 1 (north)",2022-01-01,green,26.57,green,98.0
377,343,"Barn 1, Room 1 (north)",2022-01-02,green,26.48,green,99.0
378,343,"Barn 1, Room 1 (north)",2022-01-03,green,26.57,green,98.0
379,343,"Barn 1, Room 1 (north)",2022-01-04,green,26.65,green,97.0
380,343,"Barn 1, Room 1 (north)",2022-01-05,green,26.33,green,97.0
381,343,"Barn 1, Room 1 (north)",2022-01-06,green,26.11,green,97.0
382,343,"Barn 1, Room 1 (north)",2022-01-07,green,25.99,green,97.0
383,343,"Barn 1, Room 1 (north)",2022-01-08,green,26.2,green,96.0
384,343,"Barn 1, Room 1 (north)",2022-01-09,green,26.05,green,94.0
385,343,"Barn 1, Room 1 (north)",2022-01-10,green,26.01,green,94.0
386,343,"Barn 1, Room 1 (north)",2022-01-11,green,26.46,green,94.0
387,343,"Barn 1, Room 1 (north)",2022-01-12,green,26.57,green,97.0
388,343,"Barn 1, Room 1 (north)",2022-01-13,green,26.44,green,96.0
389,343,"Barn 1, Room 1 (north)",2022-01-14,green,26.36,green,94.0
390,343,"Barn 1, Room 1 (north)",2022-01-15,green,26.35,green,94.0
391,343,"Barn 1, Room 1 (north)",2022-01-16,green,26.08,green,96.0
392,343,"Barn 1, Room 1 (north)",2022-01-17,green,25.85,green,93.0
393,343,"Barn 1, Room 1 (north)",2022-01-18,green,25.76,green,91.0
394,343,"Barn 1, Room 1 (north)",2022-01-19,green,25.53,green,87.0
395,343,"Barn 1, Room 1 (north)",2022-01-20,green,25.29,green,88.0
396,343,"Barn 1, Room 1 (north)",2022-01-21,green,24.54,green,90.0
397,343,"Barn 1, Room 1 (north)",2022-01-22,green,24.39,green,88.0
398,343,"Barn 1, Room 1 (north)",2022-01-23,yellow,24.42,green,90.0
399,343,"Barn 1, Room 1 (north)",2022-01-24,green,24.73,green,93.0
400,343,"Barn 1, Room 1 (north)",2022-01-25,green,24.66,green,93.0
401,343,"Barn 1, Room 1 (north)",2022-01-26,yellow,23.76,green,90.0
402,343,"Barn 1, Room 1 (north)",2022-01-27,green,24.2,green,88.0
403,343,"Barn 1, Room 1 (north)",2022-01-28,green,23.71,green,85.0
404,343,"Barn 1, Room 1 (north)",2022-01-29,green,23.72,green,85.0
405,343,"Barn 1, Room 1 (north)",2022-01-30,green,23.3,green,90.0
406,343,"Barn 1, Room 1 (north)",2022-01-31,green,23.59,green,93.0
407,343,"Barn 1, Room 1 (north)",2022-02-01,green,23.9,green,87.0
408,343,"Barn 1, Room 1 (north)",2022-02-02,green,24.28,green,93.0
409,343,"Barn 1, Room 1 (north)",2022-02-03,green,23.28,green,91.0
410,343,"Barn 1, Room 1 (north)",2022-02-04,green,23.36,green,91.0
411,343,"Barn 1, Room 1 (north)",2022-02-05,green,23.23,green,96.0
412,343,"Barn 1, Room 1 (north)",2022-02-06,yellow,23.56,green,94.0
413,343,"Barn 1, Room 1 (north)",2022-02-07,green,24.62,green,94.0
414,343,"Barn 1, Room 1 (north)",2022-02-08,green,26.3,green,96.0
415,343,"Barn 1, Room 1 (north)",2022-02-09,green,26.5,green,94.0
416,343,"Barn 1, Room 1 (north)",2022-02-10,green,26.3,green,94.0
417,343,"Barn 1, Room 1 (north)",2022-02-11,yellow,26.96,green,94.0
418,343,"Barn 1, Room 1 (north)",2022-02-12,green,26.98,green,93.0
419,343,"Barn 1, Room 1 (north)",2022-02-13,yellow,25.84,green,93.0
420,343,"Barn 1, Room 1 (north)",2022-02-14,green,26.14,green,96.0
421,343,"Barn 1, Room 1 (north)",2022-02-15,green,26.07,green,96.0
422,343,"Barn 1, Room 1 (north)",2022-02-16,green,26.24,green,96.0
423,343,"Barn 1, Room 1 (north)",2022-02-17,green,25.23,green,96.0
424,343,"Barn 1, Room 1 (north)",2022-02-18,yellow,24.8,green,94.0
425,343,"Barn 1, Room 1 (north)",2022-02-19,green,25.25,green,94.0
426,343,"Barn 1, Room 1 (north)",2022-02-20,green,26.11,green,96.0
427,343,"Barn 1, Room 1 (north)",2022-02-21,green,26.64,green,96.0
428,343,"Barn 1, Room 1 (north)",2022-02-22,green,25.98,green,93.0
429,343,"Barn 1, Room 1 (north)",2022-02-23,green,24.38,green,79.0
430,343,"Barn 1, Room 1 (north)",2022-02-24,green,23.53,green,73.0
431,343,"Barn 1, Room 1 (north)",2022-02-25,green,23.4,green,90.0
432,343,"Barn 1, Room 1 (north)",2022-02-26,green,23.76,green,90.0
433,343,"Barn 1, Room 1 (north)",2022-02-27,green,23.55,green,78.0
434,343,"Barn 1, Room 1 (north)",2022-02-28,green,23.85,green,73.0
435,343,"Barn 1, Room 1 (north)",2022-03-01,green,24.07,yellow,45.0
436,343,"Barn 1, Room 1 (north)",2022-03-02,green,23.96,red,39.0
437,343,"Barn 1, Room 1 (north)",2022-03-03,green,23.58,red,28.0
438,343,"Barn 1, Room 1 (north)",2022-03-04,green,23.86,yellow,50.0
439,343,"Barn 1, Room 1 (north)",2022-03-05,green,23.68,green,81.0
440,343,"Barn 1, Room 1 (north)",2022-03-06,green,23.29,green,87.0
441,343,"Barn 1, Room 1 (north)",2022-03-07,green,22.99,green,86.0
442,343,"Barn 1, Room 1 (north)",2022-03-08,green,23.27,green,90.0
443,343,"Barn 1, Room 1 (north)",2022-03-09,green,23.21,green,90.0
444,343,"Barn 1, Room 1 (north)",2022-03-10,green,23.49,green,89.0
445,343,"Barn 1, Room 1 (north)",2022-03-11,green,22.5,green,87.0
446,343,"Barn 1, Room 1 (north)",2022-03-12,green,22.88,green,89.0
447,343,"Barn 1, Room 1 (north)",2022-03-13,green,23.66,green,90.0
448,343,"Barn 1, Room 1 (north)",2022-03-14,green,23.39,green,87.0
449,343,"Barn 1, Room 1 (north)",2022-03-15,green,22.69,green,92.0
450,343,"Barn 1, Room 1 (north)",2022-03-16,yellow,22.73,green,90.0
451,343,"Barn 1, Room 1 (north)",2022-03-17,green,21.08,green,92.0
452,343,"Barn 1, Room 1 (north)",2022-03-18,green,20.73,green,89.0
453,343,"Barn 1, Room 1 (north)",2022-03-19,yellow,20.96,green,92.0
454,343,"Barn 1, Room 1 (north)",2022-03-20,yellow,22.17,green,89.0
455,343,"Barn 1, Room 1 (north)",2022-03-21,yellow,22.1,green,94.0
456,343,"Barn 1, Room 1 (north)",2022-03-22,green,20.95,green,93.0
457,343,"Barn 1, Room 1 (north)",2022-03-23,green,21.07,green,93.0
458,343,"Barn 1, Room 1 (north)",2022-03-24,green,20.09,green,91.0
459,343,"Barn 1, Room 1 (north)",2022-03-25,yellow,20.56,green,91.0
460,343,"Barn 1, Room 1 (north)",2022-03-26,yellow,19.83,green,93.0
461,343,"Barn 1, Room 1 (north)",2022-03-27,yellow,19.91,green,93.0
462,343,"Barn 1, Room 1 (north)",2022-03-28,green,19.4,green,94.0
463,343,"Barn 1, Room 1 (north)",2022-03-29,green,19.67,green,91.0
464,343,"Barn 1, Room 1 (north)",2022-03-30,green,19.06,green,91.0
465,343,"Barn 1, Room 1 (north)",2022-03-31,yellow,18.57,green,92.0
466,343,"Barn 1, Room 1 (north)",2022-04-01,green,19.1,green,92.0
467,343,"Barn 1, Room 1 (north)",2022-04-02,yellow,19.59,green,96.0
468,343,"Barn 1, Room 1 (north)",2022-04-03,yellow,18.91,green,95.0
469,343,"Barn 1, Room 1 (north)",2022-04-04,yellow,19.15,green,95.0
470,343,"Barn 1, Room 1 (north)",2022-04-05,green,18.76,green,94.0
471,343,"Barn 1, Room 1 (north)",2022-04-06,green,18.86,green,93.0
472,343,"Barn 1, Room 1 (north)",2022-04-07,green,18.13,green,94.0
473,343,"Barn 1, Room 1 (north)",2022-04-08,green,18.69,green,95.0
474,343,"Barn 1, Room 1 (north)",2022-04-09,red,18.79,green,95.0
475,343,"Barn 1, Room 1 (north)",2022-04-10,red,20.2,green,96.0
476,343,"Barn 1, Room 1 (north)",2022-04-11,yellow,19.71,green,93.0
477,343,"Barn 1, Room 1 (north)",2022-04-12,red,20.99,green,93.0
478,343,"Barn 1, Room 1 (north)",2022-04-13,yellow,17.21,green,84.0
479,343,"Barn 1, Room 1 (north)",2022-04-14,yellow,17.09,green,87.0
480,343,"Barn 1, Room 1 (north)",2022-04-15,yellow,17.17,green,92.0
481,343,"Barn 1, Room 1 (north)",2022-04-16,yellow,17.21,green,72.0
482,343,"Barn 1, Room 1 (north)",2022-04-17,green,17.35,green,73.0
483,343,"Barn 1, Room 1 (north)",2022-04-18,green,17.12,green,64.0
484,343,"Barn 1, Room 1 (north)",2022-04-19,green,17.04,green,81.0
485,343,"Barn 1, Room 1 (north)",2022-04-20,yellow,18.25,green,77.0
486,343,"Barn 1, Room 1 (north)",2022-04-21,green,19.15,green,85.0
487,343,"Barn 1, Room 1 (north)",2022-04-22,yellow,21.47,green,94.0
488,343,"Barn 1, Room 1 (north)",2022-04-23,yellow,21.94,green,95.0
489,343,"Barn 1, Room 1 (north)",2022-04-24,yellow,18.86,green,95.0
490,343,"Barn 1, Room 1 (north)",2022-04-25,yellow,17.68,green,96.0
491,343,"Barn 1, Room 1 (north)",2022-04-26,yellow,18.72,green,96.0
492,343,"Barn 1, Room 1 (north)",2022-04-27,yellow,19.82,green,96.0
493,343,"Barn 1, Room 1 (north)",2022-04-28,green,20.32,green,96.0
494,343,"Barn 1, Room 1 (north)",2022-04-29,green,20.35,green,97.0
495,343,"Barn 1, Room 1 (north)",2022-04-30,green,19.77,green,97.0
496,343,"Barn 1, Room 1 (north)",2022-05-01,green,18.72,green,99.0
497,343,"Barn 1, Room 1 (north)",2022-05-02,green,18.53,green,97.0
498,343,"Barn 1, Room 1 (north)",2022-05-03,yellow,19.01,green,86.0
499,343,"Barn 1, Room 1 (north)",2022-05-04,green,19.36,green,96.0
500,343,"Barn 1, Room 1 (north)",2022-05-05,yellow,19.69,green,97.0
501,343,"Barn 1, Room 1 (north)",2022-05-06,yellow,20.32,green,98.0
502,343,"Barn 1, Room 1 (north)",2022-05-07,yellow,21.05,green,96.0
503,343,"Barn 1, Room 1 (north)",2022-05-08,green,20.25,green,95.0
504,343,"Barn 1, Room 1 (north)",2022-05-09,red,25.32,green,95.0
505,343,"Barn 1, Room 1 (north)",2022-05-10,red,23.17,green,93.0
506,343,"Barn 1, Room 1 (north)",2022-05-11,red,27.62,green,97.0
507,343,"Barn 1, Room 1 (north)",2022-05-12,red,28.26,green,97.0
508,343,"Barn 1, Room 1 (north)",2022-05-13,red,22.59,green,97.0
509,343,"Barn 1, Room 1 (north)",2022-05-14,red,23.65,green,97.0
510,343,"Barn 1, Room 1 (north)",2022-05-15,red,21.34,green,97.0
511,343,"Barn 1, Room 1 (north)",2022-05-16,red,22.97,green,97.0
512,343,"Barn 1, Room 1 (north)",2022-05-17,green,20.91,green,93.0
513,343,"Barn 1, Room 1 (north)",2022-05-18,red,22.82,green,97.0
514,343,"Barn 1, Room 1 (north)",2022-05-19,red,25.49,green,97.0
515,343,"Barn 1, Room 1 (north)",2022-05-20,green,20.16,green,97.0
516,343,"Barn 1, Room 1 (north)",2022-05-21,yellow,19.43,green,96.0
517,343,"Barn 1, Room 1 (north)",2022-05-22,green,19.53,green,95.0
518,343,"Barn 1, Room 1 (north)",2022-05-23,green,20.74,green,91.0
519,343,"Barn 1, Room 1 (north)",2022-05-24,green,20.78,green,96.0
520,343,"Barn 1, Room 1 (north)",2022-05-25,green,20.47,green,96.0
521,343,"Barn 1, Room 1 (north)",2022-05-26,green,19.64,green,95.0
522,343,"Barn 1, Room 1 (north)",2022-05-27,yellow,21.26,green,94.0
523,343,"Barn 1, Room 1 (north)",2022-05-28,red,24.74,green,93.0
524,343,"Barn 1, Room 1 (north)",2022-05-29,green,25.64,green,96.0
525,343,"Barn 1, Room 1 (north)",2022-05-30,red,26.61,green,97.0
526,343,"Barn 1, Room 1 (north)",2022-05-31,yellow,22.05,green,92.0
527,343,"Barn 1, Room 1 (north)",2022-06-01,yellow,20.13,green,89.0
528,343,"Barn 1, Room 1 (north)",2022-06-02,red,21.72,green,93.0
529,343,"Barn 1, Room 1 (north)",2022-06-03,red,22.14,green,93.0
530,343,"Barn 1, Room 1 (north)",2022-06-04,green,20.98,green,93.0
531,343,"Barn 1, Room 1 (north)",2022-06-05,green,21.78,green,93.0
532,343,"Barn 1, Room 1 (north)",2022-06-06,blue,19.9,blue,
534,343,"Barn 1, Room 1 (north)",2022-06-07,blue,19.9,blue,
568,343,"Barn 1, Room 1 (north)",2022-06-07,blue,,blue,
569,343,"Barn 1, Room 1 (north)",2022-06-08,blue,,blue,
570,343,"Barn 1, Room 1 (north)",2022-06-09,blue,,blue,
571,343,"Barn 1, Room 1 (north)",2022-06-10,blue,,blue,
572,343,"Barn 1, Room 1 (north)",2022-06-11,blue,,blue,
573,343,"Barn 1, Room 1 (north)",2022-06-12,blue,,blue,
574,343,"Barn 1, Room 1 (north)",2022-06-13,blue,,blue,
575,343,"Barn 1, Room 1 (north)",2022-06-14,blue,,blue,
549,343,"Barn 1, Room 1 (north)",2022-06-15,green,27.31,blue,
576,343,"Barn 1, Room 1 (north)",2022-06-16,green,,blue,
577,343,"Barn 1, Room 1 (north)",2022-06-17,green,,blue,
578,343,"Barn 1, Room 1 (north)",2022-06-18,green,,blue,
579,343,"Barn 1, Room 1 (north)",2022-06-19,green,,blue,
580,343,"Barn 1, Room 1 (north)",2022-06-20,green,,blue,
581,343,"Barn 1, Room 1 (north)",2022-06-21,green,,blue,
582,343,"Barn 1, Room 1 (north)",2022-06-22,green,,blue,
583,343,"Barn 1, Room 1 (north)",2022-06-23,green,,blue,
584,343,"Barn 1, Room 1 (north)",2022-06-24,green,,blue,
585,343,"Barn 1, Room 1 (north)",2022-06-25,green,,blue,
586,343,"Barn 1, Room 1 (north)",2022-06-26,green,,blue,
587,343,"Barn 1, Room 1 (north)",2022-06-27,green,,blue,
588,343,"Barn 1, Room 1 (north)",2022-06-28,green,,blue,
589,343,"Barn 1, Room 1 (north)",2022-06-29,green,,blue,
590,343,"Barn 1, Room 1 (north)",2022-06-30,green,,blue,
550,343,"Barn 1, Room 1 (north)",2022-07-01,yellow,28.17,blue,
551,343,"Barn 1, Room 1 (north)",2022-07-02,yellow,27.9,green,92.0
552,343,"Barn 1, Room 1 (north)",2022-07-03,green,28.25,green,88.0
553,343,"Barn 1, Room 1 (north)",2022-07-04,yellow,29.26,green,92.0
554,343,"Barn 1, Room 1 (north)",2022-07-05,yellow,29.42,green,91.0
555,343,"Barn 1, Room 1 (north)",2022-07-06,green,27.41,green,93.0
556,343,"Barn 1, Room 1 (north)",2022-07-07,green,27.82,green,91.0
557,343,"Barn 1, Room 1 (north)",2022-07-08,green,27.99,green,86.0
558,343,"Barn 1, Room 1 (north)",2022-07-09,green,28.07,green,91.0
559,343,"Barn 1, Room 1 (north)",2022-07-10,green,28.31,green,89.0
560,343,"Barn 1, Room 1 (north)",2022-07-11,yellow,27.75,green,85.0
561,343,"Barn 1, Room 1 (north)",2022-07-12,green,27.18,green,80.0
562,343,"Barn 1, Room 1 (north)",2022-07-13,yellow,27.77,green,74.0
563,343,"Barn 1, Room 1 (north)",2022-07-14,yellow,28.86,green,78.0
564,343,"Barn 1, Room 1 (north)",2022-07-15,green,28.87,green,77.0
565,343,"Barn 1, Room 1 (north)",2022-07-16,green,27.48,green,75.0
566,343,"Barn 1, Room 1 (north)",2022-07-17,yellow,28.12,green,71.0
567,343,"Barn 1, Room 1 (north)",2022-07-18,yellow,28.65,green,77.0
