"DepVar","IndVar","Estimate","SE","WaldZ_Statistic","WaldTest_P"
"MortalityProportion","Euth",0.258881251606703,0.00672630645858031,38.4878764000509,0
"MortalityProportion","Dead",0.406157635845939,0.0101265065074522,40.1083666461915,0
"MortalityProportion","TotalMortality",0.275118598334003,0.00539349995913195,51.0092890365539,0
"MortalityProportion","Penicillin",0.0111615947213501,0.00135400991470302,8.24336262249474,1.67437143497281e-16
"MortalityProportion","Dexamethasone",0.00533988507270707,0.000676009503637721,7.89912722228348,2.80863096994715e-15
"MortalityProportion","Ceftiofur",0.00264425806761152,0.000284357063291799,9.29907643932183,1.4167088484545e-20
"MortalityProportion","Enroflaxin",-0.00174674082388566,0.000980046609042181,-1.78230382899114,0.0746996986429366
"MortalityProportion","Tetracycline",0.0015754811115796,0.0018985826867248,0.829819592581153,0.406640791656298
"MortalityProportion","Lincomycin",-0.00589668087395945,0.0031914016895257,-1.84767743067649,0.0646490208252494
"MortalityProportion","OtherTreatments",0.00409827136190737,0.00276144451540518,1.48410418498162,0.137781283152291
"MortalityProportion","TotalTreatments",0.00269949586653478,0.00023824913258319,11.3305590549934,9.26117238242611e-30
"MortalityProportion","TreatmentProportion",6.52911219354028,0.520919317314745,12.5338262116997,4.87526230445615e-36
"MortalityProportion","WaterMedications",0.318866500454881,0.054642718112826,5.83548021525004,5.36358612647431e-09
"MortalityProportion","PrimaryRespiratory",0.00252401492722601,0.000294767952429764,8.56271825488701,1.10237091122286e-17
"MortalityProportion","SecondaryRespiratory",0.00497497873617289,0.00054788748978131,9.08029263117263,1.08283327304489e-19
"MortalityProportion","ReHS",-0.0046743620909049,0.00174218170725735,-2.68305083874608,0.00729538992713684
"MortalityProportion","WaterIntakeRMS",7.58833728397783e-06,2.51024367991272e-05,0.302294846699572,0.762427306433564
"MortalityProportion","WaterIntakeHdRMS",-0.00652298854406738,0.0486992362467367,-0.133944370523973,0.893446563785973
"MortalityProportion","WaterIntakeVC",-0.000181990820856896,4.39595521723917e-05,-4.13996075626979,3.47365240941841e-05
"MortalityProportion","WaterIntakeHdVC",-0.768474815177619,0.115026776801457,-6.68083412007665,2.37586035951439e-11
"MortalityProportion","TempReHS",-0.0034279218931072,0.00478944924952161,-0.715723607145351,0.474162031024896
"MortalityProportion","LowTempRMS",-0.00172685644193567,0.00694092544719764,-0.248793400112499,0.803520596570219
"MortalityProportion","HiTempRMS",0.000944230006830405,0.00438804248481323,0.215182512498074,0.829625024583046
"MortalityProportion","TempRangeRMS",0.00250693309995228,0.00572595594407744,0.437819138749275,0.66151739601861
"MortalityProportion","SetPointRMS",0.00384603790455524,0.00657094454710986,0.585309749151189,0.558339460718328
"MortalityProportion","LowTempVC",0.00813291241202299,0.00634525855050121,1.28173065719766,0.199937146640762
"MortalityProportion","AvgTempVC",0.00966852420502827,0.00675271874139571,1.43179726200619,0.152201851094433
"MortalityProportion","HiTempVC",-0.00231351829439308,0.00512786884826081,-0.451165652408942,0.651870162921981
"MortalityProportion","TempRangeVC",-0.010177752026563,0.00594303888043791,-1.71255013324313,0.0867953340311506
"MortalityProportion","SetPointVC",-0.0101789001879937,0.0122347776281377,-0.831964462074421,0.405429004188464
"MortalityProportion","Days_Lag1",0.000312625741031628,0.00250737677381391,0.124682394882402,0.900774995477004
"MortalityProportion","Inventory_Lag1",0.00021476413647962,5.1974321987648e-05,4.1321200213186,3.59432643359384e-05
"MortalityProportion","Euth_Lag1",0.0378580400665001,0.0111362000181252,3.39954742235974,0.000674974739573033
"MortalityProportion","Dead_Lag1",0.147146897627747,0.0125816282728867,11.6953779301243,1.34586708832417e-31
"MortalityProportion","TotalMortality_Lag1",0.0747921810062662,0.00759501184362916,9.84753974663032,7.02423139110559e-23
"MortalityProportion","MortalityProportion_Lag1",120.741710628752,12.3843150757732,9.7495670846547,1.85256586459691e-22
"MortalityProportion","Penicillin_Lag1",0.00962746925482791,0.00136717668697643,7.04186177729485,1.8968795475392e-12
"MortalityProportion","Dexamethasone_Lag1",0.0046062860494862,0.000683216106930941,6.74206302040798,1.56153319450571e-11
"MortalityProportion","Ceftiofur_Lag1",0.000753536783148453,0.000369352452865086,2.04015643405974,0.0413347473582638
"MortalityProportion","Enroflaxin_Lag1",-0.00256863244909386,0.00101242823035496,-2.53710077621332,0.0111774772902017
"MortalityProportion","Tetracycline_Lag1",0.00420848621712844,0.00169185423305056,2.48749929805724,0.0128644707445061
"MortalityProportion","Lincomycin_Lag1",-0.0103404715884849,0.0033983390507084,-3.0428016257911,0.00234386789471406
"MortalityProportion","OtherTreatments_Lag1",-0.00104162261219984,0.00314407109488077,-0.331297410512069,0.74041984708617
"MortalityProportion","TotalTreatments_Lag1",0.00131268909139526,0.000270707302466472,4.84910853691446,1.24017553521635e-06
"MortalityProportion","TreatmentProportion_Lag1",3.16466731133988,0.682909159567711,4.63409703472588,3.58498818686571e-06
"MortalityProportion","WaterMedications_Lag1",0.221968119080271,0.0547953665747557,4.05085562804742,5.10306873947824e-05
"MortalityProportion","PrimaryRespiratory_Lag1",0.000511385024438671,0.000376708134151776,1.35750990774368,0.174619247507565
"MortalityProportion","SecondaryRespiratory_Lag1",0.00414507867941374,0.000550251830316293,7.53305750392705,4.95657698354703e-14
"MortalityProportion","ReHS_Lag1",-0.00655255807925937,0.00174332982073227,-3.75864509476871,0.000170835959711165
"MortalityProportion","WaterIntakeRMS_Lag1",3.33368548972696e-05,2.2495674605562e-05,1.48192287992231,0.138360816347785
"MortalityProportion","WaterIntakeHdRMS_Lag1",-0.0330714440980662,0.0561195931313531,-0.58930299121484,0.555658038655821
"MortalityProportion","WaterIntakeVC_Lag1",-0.000113737587308354,4.44885876943248e-05,-2.55655648342514,0.010571390693409
"MortalityProportion","WaterIntakeHdVC_Lag1",-0.806951842250065,0.120761598162172,-6.68218916055088,2.35398894669203e-11
"MortalityProportion","TempReHS_Lag1",-0.00364162610345553,0.0048333234320925,-0.753441426922873,0.451184696476881
"MortalityProportion","LowTempRMS_Lag1",-0.000775872102830431,0.0068955396604044,-0.112517966836685,0.910412724726454
"MortalityProportion","HiTempRMS_Lag1",-0.00602729783424429,0.00440772221082818,-1.3674404932864,0.171487277276264
"MortalityProportion","TempRangeRMS_Lag1",-0.0098612109473077,0.00577192940161383,-1.70847740177669,0.0875477960177964
"MortalityProportion","SetPointRMS_Lag1",0.00695909531385306,0.00664118114688598,1.04787012429501,0.294698448571899
"MortalityProportion","LowTempVC_Lag1",0.0120537173476041,0.00645869275650116,1.86627817764998,0.0620024562834886
"MortalityProportion","AvgTempVC_Lag1",0.0129120911541476,0.00687237988269843,1.8788383899811,0.0602665633743961
"MortalityProportion","HiTempVC_Lag1",0.000214607157361311,0.00519040245979384,0.0413469204023603,0.967019327957813
"MortalityProportion","TempRangeVC_Lag1",-0.0102833950979814,0.00604553374727695,-1.70099043820792,0.0889447827007145
"MortalityProportion","SetPointVC_Lag1",0.00310844514913597,0.0125796561421633,0.24710096317477,0.804830088337695
"MortalityProportion","Days_Lag2",0.000264904097473526,0.0025398941335465,0.104297298841994,0.916933421436124
"MortalityProportion","Inventory_Lag2",0.000279241414966084,5.12047238646484e-05,5.45343073627767,4.94071957727035e-08
"MortalityProportion","Euth_Lag2",0.017454410737486,0.0120760124200159,1.44537866726234,0.148351552131961
"MortalityProportion","Dead_Lag2",0.115965403767715,0.0130012311235081,8.91957097493885,4.68098007317818e-19
"MortalityProportion","TotalMortality_Lag2",0.0541833958483693,0.00809964339353202,6.68960264246171,2.23777382595265e-11
"MortalityProportion","MortalityProportion_Lag2",97.7179072181421,14.8369029970464,6.5861391179544,4.51410882927386e-11
"MortalityProportion","Penicillin_Lag2",0.0107685255067759,0.00134182408347833,8.02528858988827,1.01287546740641e-15
"MortalityProportion","Dexamethasone_Lag2",0.00322486551278452,0.000704285648903172,4.57891697467754,4.67389660349933e-06
"MortalityProportion","Ceftiofur_Lag2",0.00107588722043669,0.000352757898109722,3.04993091919956,0.00228894008033069
"MortalityProportion","Enroflaxin_Lag2",-0.00427103491908167,0.00107788781307608,-3.96241136347295,7.41965565390684e-05
"MortalityProportion","Tetracycline_Lag2",-0.000227802360845329,0.00208367747361556,-0.109327073757749,0.912943073542631
"MortalityProportion","Lincomycin_Lag2",-0.015392240795913,0.0036301849082429,-4.24007073605605,2.23449361207361e-05
"MortalityProportion","OtherTreatments_Lag2",0.00725677133825174,0.00255608253386113,2.83902074448665,0.00452522149302235
"MortalityProportion","TotalTreatments_Lag2",0.00116492454731887,0.000274255149536782,4.24759407174827,2.16078444999579e-05
"MortalityProportion","TreatmentProportion_Lag2",2.58057738191167,0.709534837264834,3.63699884259308,0.000275833170064014
"MortalityProportion","WaterMedications_Lag2",0.120577396469157,0.0550658839335591,2.18969328840054,0.0285464881648711
"MortalityProportion","PrimaryRespiratory_Lag2",0.000456259896367161,0.000378748374814758,1.20465176013049,0.228337766026193
"MortalityProportion","SecondaryRespiratory_Lag2",0.00333764911039489,0.000557196189231169,5.9900788535547,2.09739320446609e-09
"MortalityProportion","ReHS_Lag2",-0.00579890126299696,0.00176607559982992,-3.28349548771039,0.00102528286062146
"MortalityProportion","WaterIntakeRMS_Lag2",-1.44460000571153e-05,2.76504275177899e-05,-0.522451236886696,0.601356189784963
"MortalityProportion","WaterIntakeHdRMS_Lag2",-0.42712331635391,0.107560931975746,-3.97098935931702,7.15747764136942e-05
"MortalityProportion","WaterIntakeVC_Lag2",-1.6539170195599e-05,4.28496050221328e-05,-0.385981858807243,0.699510104290134
"MortalityProportion","WaterIntakeHdVC_Lag2",-0.681120486759218,0.122707259800503,-5.55077578838108,2.84404655390594e-08
"MortalityProportion","TempReHS_Lag2",-0.00681827335938741,0.00494004448518545,-1.38020485034791,0.167523581024546
"MortalityProportion","LowTempRMS_Lag2",-0.00683861213047793,0.00684664764096455,-0.998826358400783,0.317878814977863
"MortalityProportion","HiTempRMS_Lag2",-0.0114263566702754,0.00444925479286549,-2.56815066842159,0.0102242705847907
"MortalityProportion","TempRangeRMS_Lag2",-0.0143798558915922,0.0058018495937713,-2.47849511766558,0.0131937916807986
"MortalityProportion","SetPointRMS_Lag2",0.00929213724093115,0.00673720538435718,1.37922724791887,0.167824699432208
"MortalityProportion","LowTempVC_Lag2",0.00377412159845446,0.00638808626657004,0.59080629799962,0.554650214658004
"MortalityProportion","AvgTempVC_Lag2",0.00461235989126367,0.00686505507926561,0.671860580579213,0.501672457580069
"MortalityProportion","HiTempVC_Lag2",-0.0037208559178656,0.00521627282219821,-0.713316968781089,0.475649639547939
"MortalityProportion","TempRangeVC_Lag2",-0.00822437424825385,0.00601202346035249,-1.36798771702924,0.171315920897086
"MortalityProportion","SetPointVC_Lag2",0.00842710738506144,0.0127540558786089,0.66073941225202,0.50877944389276
"MortalityProportion","Days_Lag3",-3.15997739127909e-05,0.00248122971251836,-0.0127355293842254,0.989838792412075
"MortalityProportion","Inventory_Lag3",0.000268837905456218,4.80373306634806e-05,5.5964372237818,2.18801495959378e-08
"MortalityProportion","Euth_Lag3",0.0321130640296634,0.0114638087179109,2.80125609383995,0.00509041049373608
"MortalityProportion","Dead_Lag3",0.130014172598494,0.0126218153532688,10.3007506416122,6.99135999294757e-25
"MortalityProportion","TotalMortality_Lag3",0.0662195984584086,0.00775964060654839,8.53384864274843,1.4155801224221e-17
"MortalityProportion","MortalityProportion_Lag3",116.439422463526,12.4991931650744,9.31575509920787,1.21088129725429e-20
"MortalityProportion","Penicillin_Lag3",0.00997009290978021,0.00134794103813288,7.39653488374419,1.39784096123014e-13
"MortalityProportion","Dexamethasone_Lag3",0.00282971222096106,0.000714703488791046,3.95928138779293,7.51756219261064e-05
"MortalityProportion","Ceftiofur_Lag3",0.000877510923663256,0.000363453996561452,2.41436586738671,0.0157626255031937
"MortalityProportion","Enroflaxin_Lag3",-0.00272821037417786,0.00101226577211064,-2.69515225086527,0.00703564748349527
"MortalityProportion","Tetracycline_Lag3",0.00369264538357798,0.00176631885444573,2.09058821643884,0.0365649929577285
"MortalityProportion","Lincomycin_Lag3",-0.014394260758072,0.00360952621491096,-3.98785322533723,6.66738902807408e-05
"MortalityProportion","OtherTreatments_Lag3",-0.00224801125591574,0.00325176098807463,-0.691321183863143,0.489363722118189
"MortalityProportion","TotalTreatments_Lag3",0.00105126426082435,0.000277399619236828,3.78971054003807,0.000150822932315342
"MortalityProportion","TreatmentProportion_Lag3",2.29805957102548,0.719821724565289,3.19253989230918,0.00141027463113233
"MortalityProportion","WaterMedications_Lag3",0.109588880322222,0.0548475556969477,1.99806315759521,0.0457098133545515
"MortalityProportion","PrimaryRespiratory_Lag3",0.000578539199302153,0.000372975171853803,1.55114667935303,0.120866536817779
"MortalityProportion","SecondaryRespiratory_Lag3",0.00297171805177049,0.000561601441595858,5.29150716445101,1.21312437206149e-07
"MortalityProportion","ReHS_Lag3",-0.00321765040864589,0.00180056978606792,-1.78701788375145,0.0739345981531903
"MortalityProportion","WaterIntakeRMS_Lag3",3.27129101699701e-05,2.25839064977317e-05,1.44850538471968,0.147475761132737
"MortalityProportion","WaterIntakeHdRMS_Lag3",-0.0154466381150232,0.0515602498543643,-0.299584237055743,0.764494309233774
"MortalityProportion","WaterIntakeVC_Lag3",-4.58619024017311e-05,4.41176635055117e-05,-1.03953606690893,0.298555493195628
"MortalityProportion","WaterIntakeHdVC_Lag3",-0.817260862726124,0.126599751199944,-6.45546973813079,1.07883738206761e-10
"MortalityProportion","TempReHS_Lag3",-0.011877732912406,0.00505197590526701,-2.35110640571796,0.018717680398391
"MortalityProportion","LowTempRMS_Lag3",-0.000747100750267703,0.00686253631434297,-0.108866564204,0.913308326878104
"MortalityProportion","HiTempRMS_Lag3",-0.00634763602841136,0.00445609852889995,-1.42448287156217,0.154306739898343
"MortalityProportion","TempRangeRMS_Lag3",-0.0104172498856135,0.00577593042575733,-1.80356221729377,0.0712999636162876
"MortalityProportion","SetPointRMS_Lag3",0.0086207376941209,0.00664668277444353,1.29699851590144,0.194631697439847
"MortalityProportion","LowTempVC_Lag3",-0.00424498247073396,0.00641197442249691,-0.662039832198972,0.507945694374922
"MortalityProportion","AvgTempVC_Lag3",-0.00467711533173074,0.00699104656076017,-0.669015045327087,0.50348588057882
"MortalityProportion","HiTempVC_Lag3",-0.00987851068540208,0.00529623775573084,-1.86519396239584,0.0621542215402368
"MortalityProportion","TempRangeVC_Lag3",-0.0090622429533393,0.00604147712043538,-1.50000451424142,0.133613233194286
"MortalityProportion","SetPointVC_Lag3",0.0138176669112917,0.0128912656269316,1.0718627100837,0.283781701369497
"MortalityProportion","Days_Lag4",-0.000348278832050416,0.00240334075765557,-0.144914461647194,0.884778408222711
"MortalityProportion","Inventory_Lag4",0.000240411285737204,4.48950742637811e-05,5.35495908358825,8.55757798291527e-08
"MortalityProportion","Euth_Lag4",0.0417108760827306,0.011136027113759,3.74557960901471,0.000179977761284853
"MortalityProportion","Dead_Lag4",0.0924097393674315,0.0133608454768575,6.91645895669519,4.63072497062454e-12
"MortalityProportion","TotalMortality_Lag4",0.0569529994934735,0.00802878699974003,7.09359950579305,1.30667923252556e-12
"MortalityProportion","MortalityProportion_Lag4",104.538576543249,14.0379613370681,7.44684887165261,9.55960203417245e-14
"MortalityProportion","Penicillin_Lag4",0.0110745293081881,0.00132499121086223,8.35819076941755,6.36874009232968e-17
"MortalityProportion","Dexamethasone_Lag4",0.00261518833204525,0.000724311173036258,3.61058676077379,0.000305505083897132
"MortalityProportion","Ceftiofur_Lag4",0.00108012814053174,0.000353513481596044,3.05540862446088,0.00224754076991721
"MortalityProportion","Enroflaxin_Lag4",-0.00231355087705476,0.000992060049818043,-2.3320673758399,0.0196971469872114
"MortalityProportion","Tetracycline_Lag4",0.00355972282047576,0.00179304156421173,1.98529855164887,0.0471112650932479
"MortalityProportion","Lincomycin_Lag4",-0.0153494817071683,0.00367880189994194,-4.17241322709183,3.01390394347275e-05
"MortalityProportion","OtherTreatments_Lag4",0.00729778588560707,0.00256385250207022,2.84641408962269,0.00442146578374151
"MortalityProportion","TotalTreatments_Lag4",0.00129365565762574,0.000271531952329077,4.76428518459562,1.89524300884983e-06
"MortalityProportion","TreatmentProportion_Lag4",3.54165385675635,0.65219905015512,5.43032660951284,5.62510087971087e-08
"MortalityProportion","WaterMedications_Lag4",0.147881483743726,0.0546314933850404,2.70689074343004,0.00679166049183237
"MortalityProportion","PrimaryRespiratory_Lag4",0.000833405072373866,0.000361362141900918,2.30628772563114,0.0210945605343968
"MortalityProportion","SecondaryRespiratory_Lag4",0.00302123432265163,0.000562201290672904,5.37393700935032,7.70357791296688e-08
"MortalityProportion","ReHS_Lag4",-0.00326690607525365,0.00180332428134743,-1.81160211119247,0.070047698505326
"MortalityProportion","WaterIntakeRMS_Lag4",1.20807254136882e-05,2.46684893399434e-05,0.489722951706125,0.624329958367068
"MortalityProportion","WaterIntakeHdRMS_Lag4",-0.12323163654286,0.0768559151648636,-1.60341121797218,0.108843895971373
"MortalityProportion","WaterIntakeVC_Lag4",-3.56648047816477e-05,4.36393017823189e-05,-0.817263414514524,0.413777909633367
"MortalityProportion","WaterIntakeHdVC_Lag4",-0.771464922956634,0.128626521540524,-5.99771270898888,2.00116148870765e-09
"MortalityProportion","TempReHS_Lag4",-0.00729065761762656,0.00495545493225136,-1.47123881001866,0.141226544875409
"MortalityProportion","LowTempRMS_Lag4",0.0101857339398739,0.00689610612190854,1.47702685541837,0.139668438638568
"MortalityProportion","HiTempRMS_Lag4",-0.000885548089746721,0.00447759620169518,-0.197773101873604,0.843222592066565
"MortalityProportion","TempRangeRMS_Lag4",-0.00839920606653772,0.00575572474058341,-1.45927862173728,0.144488436964194
"MortalityProportion","SetPointRMS_Lag4",0.00115106597094251,0.00633990027506681,0.181559002665919,0.855928825148377
"MortalityProportion","LowTempVC_Lag4",0.00510505308259435,0.00638481862499434,0.799561175098985,0.42396508952588
"MortalityProportion","AvgTempVC_Lag4",-0.00157180305226797,0.00695346128828694,-0.226046135457123,0.821165537917256
"MortalityProportion","HiTempVC_Lag4",-0.0142704964856591,0.00531207739438155,-2.68642480637662,0.00722212018907764
"MortalityProportion","TempRangeVC_Lag4",-0.0230277394202207,0.00610595968594607,-3.77135464441782,0.000162363725586917
"MortalityProportion","SetPointVC_Lag4",0.0215782999476092,0.0131438245928804,1.64170632338608,0.100650880567293
"MortalityProportion","Days_Lag5",-0.000954076350061637,0.00236607816947563,-0.403231119905509,0.68677820820822
"MortalityProportion","Inventory_Lag5",0.000197620157688774,4.19838556272677e-05,4.70705119232603,2.51325810678815e-06
"MortalityProportion","Euth_Lag5",0.0387202113003221,0.0113859625802712,3.40069722057701,0.000672142309372265
"MortalityProportion","Dead_Lag5",0.0707347227482988,0.0136791059439419,5.17100481845637,2.32838562928159e-07
"MortalityProportion","TotalMortality_Lag5",0.0475620701763841,0.00828310380728652,5.74205892899043,9.3532258937093e-09
"MortalityProportion","MortalityProportion_Lag5",82.6435414595502,12.8946489108805,6.40913467522298,1.46347877231125e-10
"MortalityProportion","Penicillin_Lag5",0.012308205512032,0.00130272845811385,9.44802075626134,3.4529788709546e-21
"MortalityProportion","Dexamethasone_Lag5",0.00176130857867836,0.000747778670231439,2.35538756158052,0.0185033958615698
"MortalityProportion","Ceftiofur_Lag5",0.000219693868139475,0.000400150920132518,0.549027522082716,0.582986562534684
"MortalityProportion","Enroflaxin_Lag5",-0.00297286425293493,0.00101439979485211,-2.93066330259693,0.00338239163441061
"MortalityProportion","Tetracycline_Lag5",0.00228000219662878,0.0019161865264795,1.18986443392736,0.234099679368638
"MortalityProportion","Lincomycin_Lag5",-0.00745992731189727,0.00335460395582448,-2.2237877884049,0.0261627253937633
"MortalityProportion","OtherTreatments_Lag5",0.00849771413383455,0.00247856856677621,3.42847651977095,0.000606979037746412
"MortalityProportion","TotalTreatments_Lag5",0.000724894830393923,0.000287310568144716,2.52303573472731,0.0116346577304053
"MortalityProportion","TreatmentProportion_Lag5",2.62335293156319,0.699458269246791,3.75054959946093,0.000176447396746306
"MortalityProportion","WaterMedications_Lag5",0.200981680406631,0.0543373526496646,3.69877571515939,0.000216641930106617
"MortalityProportion","PrimaryRespiratory_Lag5",-0.000227747670453564,0.000410794839120667,-0.554407331263149,0.579300109884416
"MortalityProportion","SecondaryRespiratory_Lag5",0.00294475534619827,0.000565123124820642,5.21082082268863,1.8800696054217e-07
"MortalityProportion","ReHS_Lag5",-0.00395714397454712,0.00179942857549881,-2.19911144483753,0.0278699989422631
"MortalityProportion","WaterIntakeRMS_Lag5",1.56979418053096e-05,2.42200877055771e-05,0.648137281587747,0.516896162736717
"MortalityProportion","WaterIntakeHdRMS_Lag5",-0.0628732020249822,0.0628568122912183,-1.00026074713569,0.317184337967598
"MortalityProportion","WaterIntakeVC_Lag5",-2.77421097352102e-05,4.31812477740388e-05,-0.642457343529781,0.52057627728688
"MortalityProportion","WaterIntakeHdVC_Lag5",-0.656182720616312,0.130285256721394,-5.03650786841918,4.74101630375027e-07
"MortalityProportion","TempReHS_Lag5",0.00260480960959032,0.00476225254083721,0.546970070833831,0.584399294144894
"MortalityProportion","LowTempRMS_Lag5",0.0140345488117603,0.00691976903346515,2.02818168408323,0.0425417085378799
"MortalityProportion","HiTempRMS_Lag5",0.00168281752728338,0.004484543508973,0.375248344433782,0.707475778971017
"MortalityProportion","TempRangeRMS_Lag5",-0.00739902479983453,0.00574483239813631,-1.28794441457245,0.197765313203417
"MortalityProportion","SetPointRMS_Lag5",0.011985062611579,0.00665051031613811,1.80212676048273,0.0715254642857547
"MortalityProportion","LowTempVC_Lag5",0.00650000532333345,0.00635084968526224,1.02348593423922,0.3060781470194
"MortalityProportion","AvgTempVC_Lag5",0.0117523685575922,0.0069045655216754,1.70211558145088,0.0887337035767448
"MortalityProportion","HiTempVC_Lag5",-0.000341505706514806,0.0052628245659316,-0.0648901938942656,0.948261428278273
"MortalityProportion","TempRangeVC_Lag5",-0.00614805028980529,0.00596577978539306,-1.03055267055926,0.302750640644408
"MortalityProportion","SetPointVC_Lag5",0.0300401510947174,0.0134027243334495,2.24134663575415,0.0250036303133101
"MortalityProportion","Days_Lag6",-0.00123768901434746,0.00230621626769779,-0.536675172958951,0.591492008226716
"MortalityProportion","Inventory_Lag6",0.000232314402545458,4.21075266196689e-05,5.51717047272355,3.44501225965329e-08
"MortalityProportion","Euth_Lag6",0.0568795842299279,0.0107188464901237,5.30650236313546,1.11748712969425e-07
"MortalityProportion","Dead_Lag6",0.0378463556218012,0.0142649540233238,2.65310042779815,0.00797561371822872
"MortalityProportion","TotalMortality_Lag6",0.0461118618772246,0.00833173252713144,5.53448658212035,3.12141324322185e-08
"MortalityProportion","MortalityProportion_Lag6",80.4395014615541,14.3389458546469,5.6098615809673,2.0248850689918e-08
"MortalityProportion","Penicillin_Lag6",0.00780931825121402,0.00137622504377275,5.67444858422697,1.39136097249562e-08
"MortalityProportion","Dexamethasone_Lag6",0.00138845395098989,0.000767497817234106,1.80906566743548,0.0704408020877732
"MortalityProportion","Ceftiofur_Lag6",-7.38998358072836e-05,0.000419130980366933,-0.176316806127257,0.860045059484985
"MortalityProportion","Enroflaxin_Lag6",-0.000774313457332344,0.00092847549564795,-0.833962189591205,0.404302290744483
"MortalityProportion","Tetracycline_Lag6",0.00527648961181643,0.00297544647059195,1.77334382048779,0.0761717520107864
"MortalityProportion","Lincomycin_Lag6",-0.00750478133586126,0.00337994188864284,-2.22038768213103,0.0263924624818097
"MortalityProportion","OtherTreatments_Lag6",0.00755257306809331,0.00253347064461189,2.98111726068581,0.00287198799103884
"MortalityProportion","TotalTreatments_Lag6",0.000507343281316381,0.000296212188105198,1.71276977008184,0.0867549036283906
"MortalityProportion","TreatmentProportion_Lag6",0.726039053038818,0.802399373748083,0.90483501955818,0.365552796146206
"MortalityProportion","WaterMedications_Lag6",0.211897380883204,0.0545524855713388,3.88428462358703,0.000102631623677973
"MortalityProportion","PrimaryRespiratory_Lag6",-0.000136583685676209,0.00041024323233821,-0.33293342804887,0.739184535567995
"MortalityProportion","SecondaryRespiratory_Lag6",0.00192783620550856,0.000584848965714751,3.29629753752325,0.000979681991527462
"MortalityProportion","ReHS_Lag6",-0.00503503874624403,0.00180411786570909,-2.7908590907197,0.0052568352358419
"MortalityProportion","WaterIntakeRMS_Lag6",9.45245872828187e-06,2.506944932501e-05,0.377050911878301,0.706135770056681
"MortalityProportion","WaterIntakeHdRMS_Lag6",-0.078685224635657,0.0670391902725324,-1.17371979458255,0.240507278944207
"MortalityProportion","WaterIntakeVC_Lag6",-3.05038006320871e-05,4.29229203002134e-05,-0.710664615052657,0.477292091969922
"MortalityProportion","WaterIntakeHdVC_Lag6",-0.747575246168175,0.135473645804634,-5.51823376220531,3.42423747785883e-08
"MortalityProportion","TempReHS_Lag6",-0.000977406880763362,0.00484233118092091,-0.201846351322356,0.840036844132893
"MortalityProportion","LowTempRMS_Lag6",0.0216568577660587,0.00700696924235151,3.09075964472063,0.0019964516992859
"MortalityProportion","HiTempRMS_Lag6",0.000922485883705979,0.00452219193419503,0.203990873702309,0.838360630696111
"MortalityProportion","TempRangeRMS_Lag6",-0.0134498786728896,0.0057866257153023,-2.3243042378432,0.0201091938486895
"MortalityProportion","SetPointRMS_Lag6",0.0225574706465466,0.00712332057610619,3.16670721267428,0.00154175460975775
"MortalityProportion","LowTempVC_Lag6",0.014912154967725,0.00647184871588617,2.30415691441006,0.0212138368202952
"MortalityProportion","AvgTempVC_Lag6",0.00907787344037663,0.00700984201440579,1.29501826456586,0.195313928867774
"MortalityProportion","HiTempVC_Lag6",-0.00572214496290177,0.00533112036968596,-1.07334754537513,0.283115210186054
"MortalityProportion","TempRangeVC_Lag6",-0.0208357916875091,0.00616717527123581,-3.37849838396662,0.000728828608308144
"MortalityProportion","SetPointVC_Lag6",0.0318137156547156,0.0136815652305279,2.32529795521708,0.0200560335637702
"MortalityProportion","Days_Lag7",-0.00163105330943551,0.00230723591999026,-0.70692957547332,0.479610243496676
"MortalityProportion","Inventory_Lag7",0.000220541231490525,4.13805109809071e-05,5.32959178759978,9.84337627259383e-08
"MortalityProportion","Euth_Lag7",0.0876948567587801,0.00995175216874598,8.81200167285018,1.22930790723681e-18
"MortalityProportion","Dead_Lag7",0.0489859163912199,0.0140996377240708,3.47426773296392,0.000512249634317736
"MortalityProportion","TotalMortality_Lag7",0.0682365231207081,0.00794174311717332,8.59213425994006,8.536855227614e-18
"MortalityProportion","MortalityProportion_Lag7",123.752273272026,10.6712225010325,11.5968225065171,4.2766370805316e-31
"MortalityProportion","Penicillin_Lag7",0.00749047565727093,0.0013899425139685,5.38905428245696,7.08294118637825e-08
"MortalityProportion","Dexamethasone_Lag7",0.00148422708121049,0.000780359058636437,1.90197969099502,0.0571738097178207
"MortalityProportion","Ceftiofur_Lag7",0.000140659933418138,0.000409217140367312,0.343729329841565,0.731049851657375
"MortalityProportion","Enroflaxin_Lag7",-0.00235153759568933,0.0010012741674358,-2.34854515593015,0.0188469137761634
"MortalityProportion","Tetracycline_Lag7",0.0118456546159018,0.00252950159715538,4.68299946093062,2.82707257111232e-06
"MortalityProportion","Lincomycin_Lag7",-0.00482106820103748,0.00328602550805515,-1.46714265888059,0.142337251638471
"MortalityProportion","OtherTreatments_Lag7",0.00578720409016494,0.00263543607704325,2.19591897545006,0.0280977432911353
"MortalityProportion","TotalTreatments_Lag7",0.000522902161887486,0.000298288574641464,1.75300767894312,0.079600688996761
"MortalityProportion","TreatmentProportion_Lag7",2.38710928748847,0.719111675867376,3.31952514136166,0.000901706849005807
"MortalityProportion","WaterMedications_Lag7",0.215026334849478,0.0548162447569616,3.92267540038248,8.75710975273746e-05
"MortalityProportion","PrimaryRespiratory_Lag7",-6.26704994458092e-05,0.000408842045993434,-0.153287804079758,0.878171317946694
"MortalityProportion","SecondaryRespiratory_Lag7",0.00197424469773284,0.000590439145702887,3.34368869696572,0.000826724494577092
"MortalityProportion","ReHS_Lag7",-0.00417025585936599,0.00182771290724343,-2.28167993060552,0.0225082438047143
"MortalityProportion","WaterIntakeRMS_Lag7",3.28852918906342e-05,2.28301092113824e-05,1.44043515456503,0.149744323738183
"MortalityProportion","WaterIntakeHdRMS_Lag7",0.00586129366082814,0.0461845529931906,0.126910260703234,0.899011425444751
"MortalityProportion","WaterIntakeVC_Lag7",-2.6918742629128e-05,4.32130035542002e-05,-0.622931534841475,0.533329514099139
"MortalityProportion","WaterIntakeHdVC_Lag7",-0.68236498478936,0.138149416623478,-4.93932585071368,7.83931193222732e-07
"MortalityProportion","TempReHS_Lag7",-0.00223440823821419,0.00491118431394068,-0.454963221777626,0.649135698207265
"MortalityProportion","LowTempRMS_Lag7",0.0202362109770508,0.00702412877532311,2.88095671710117,0.00396470081544819
"MortalityProportion","HiTempRMS_Lag7",0.00303897056736377,0.00455367514386154,0.667366571254073,0.504538013189682
"MortalityProportion","TempRangeRMS_Lag7",-0.00848192575290325,0.00577790761462846,-1.46799262269767,0.142106226836552
"MortalityProportion","SetPointRMS_Lag7",0.0303343992695991,0.00751534030740207,4.03633076199117,5.42936579006247e-05
"MortalityProportion","LowTempVC_Lag7",0.0179906055853275,0.00647118248272407,2.78011099723374,0.00543403210735751
"MortalityProportion","AvgTempVC_Lag7",0.00501809579887933,0.0069654687647222,0.720424707708737,0.471263541936361
"MortalityProportion","HiTempVC_Lag7",-0.00496393097264628,0.00531261202968568,-0.934367302733372,0.350114458082225
"MortalityProportion","TempRangeVC_Lag7",-0.0229207289258175,0.00620279900188605,-3.69522354647444,0.000219693407197185
"MortalityProportion","SetPointVC_Lag7",0.0377126063330607,0.0139862265294973,2.6964103758454,0.0070091256474186
"MortalityProportion","Days_Lag8",-0.00220442758733518,0.00226669241602656,-0.972530534689604,0.330786681841461
"MortalityProportion","Inventory_Lag8",0.000192504106507283,4.00767925457784e-05,4.80338106617169,1.56008571784556e-06
"MortalityProportion","Euth_Lag8",0.0294668381761839,0.0122113638274775,2.41306692622481,0.0158189145679867
"MortalityProportion","Dead_Lag8",0.0409004799656408,0.0142379573938458,2.87263677185321,0.00407061835167547
"MortalityProportion","TotalMortality_Lag8",0.0315290488097964,0.00884334167532149,3.56528673971541,0.000363458600947029
"MortalityProportion","MortalityProportion_Lag8",57.8698108031387,13.9495491632466,4.14850760593831,3.3464973065505e-05
"MortalityProportion","Penicillin_Lag8",0.00769239378494261,0.00138917057591946,5.53740045915614,3.0699406725779e-08
"MortalityProportion","Dexamethasone_Lag8",0.00194939905515019,0.000779777880467344,2.49994146279432,0.0124213829171773
"MortalityProportion","Ceftiofur_Lag8",9.13690945756758e-05,0.000413748387764911,0.220832509026213,0.825222849861292
"MortalityProportion","Enroflaxin_Lag8",-0.00473004134004277,0.00109847103534365,-4.30602281521517,1.66215921022955e-05
"MortalityProportion","Tetracycline_Lag8",0.00763355647350059,0.00285294655946043,2.67567454013029,0.00745790287762705
"MortalityProportion","Lincomycin_Lag8",-0.00939813042372972,0.0034874962809309,-2.69480729631663,0.0070429350039147
"MortalityProportion","OtherTreatments_Lag8",0.00173627893979902,0.00291920115173021,0.594778793770318,0.551991344514605
"MortalityProportion","TotalTreatments_Lag8",0.000247165818560061,0.000308554390625852,0.801044568054032,0.423105844994443
"MortalityProportion","TreatmentProportion_Lag8",0.847870561435938,0.804458167909302,1.05396476194587,0.291899050600674
"MortalityProportion","WaterMedications_Lag8",0.134836259523461,0.0553404914906998,2.43648467679621,0.0148307977984827
"MortalityProportion","PrimaryRespiratory_Lag8",-0.000603357740633872,0.000437396552060248,-1.37942957664367,0.167762345362645
"MortalityProportion","SecondaryRespiratory_Lag8",0.00216301888437376,0.000592573560742178,3.65021159848011,0.000262024365018303
"MortalityProportion","ReHS_Lag8",-0.00640588806558259,0.00182596233056331,-3.50822574943612,0.000451106078007834
"MortalityProportion","WaterIntakeRMS_Lag8",-4.96385230976242e-08,2.64871493524603e-05,-0.00187406060339269,0.998504716853809
"MortalityProportion","WaterIntakeHdRMS_Lag8",-0.112532818172577,0.0755028614543591,-1.49044441501865,0.136107421528124
"MortalityProportion","WaterIntakeVC_Lag8",-1.62536140405382e-05,4.2617123822275e-05,-0.381386930481752,0.70291615747479
"MortalityProportion","WaterIntakeHdVC_Lag8",0.00278892150158499,0.00321952232213542,0.866253196137239,0.386351326890921
"MortalityProportion","TempReHS_Lag8",-0.00292680864759954,0.00496904639761595,-0.589008114112954,0.555855830498509
"MortalityProportion","LowTempRMS_Lag8",0.010995950935546,0.00698378683263813,1.57449693111441,0.115372610460029
"MortalityProportion","HiTempRMS_Lag8",-0.00408335623788385,0.00457681901170923,-0.892182152590497,0.372295306756394
"MortalityProportion","TempRangeRMS_Lag8",-0.0142605965240649,0.00582610975856821,-2.44770474896949,0.0143769413284978
"MortalityProportion","SetPointRMS_Lag8",0.0185313042879185,0.00681398585718423,2.71959829038686,0.00653612664061837
"MortalityProportion","LowTempVC_Lag8",0.0117787080197657,0.00655667452985657,1.79644543375304,0.0724237035646944
"MortalityProportion","AvgTempVC_Lag8",0.00906544639929015,0.0071307280674775,1.27132128914531,0.203614371613924
"MortalityProportion","HiTempVC_Lag8",-0.00400152710626691,0.00544150655087743,-0.735371182383613,0.462113467392866
"MortalityProportion","TempRangeVC_Lag8",-0.0157559200562985,0.00624738404821036,-2.52200279904547,0.0116688779732013
"MortalityProportion","SetPointVC_Lag8",0.0417587190203563,0.0141938978449354,2.9420191322045,0.00326079780277661
"MortalityProportion","Days_Lag9",-0.00284115784047234,0.0022744145363773,-1.24918206203419,0.211598491340597
"MortalityProportion","Inventory_Lag9",0.000139434070503637,3.80586945203401e-05,3.66365878443669,0.000248637961712761
"MortalityProportion","Euth_Lag9",0.0133445733948665,0.0138266037885483,0.965137469688619,0.33447596157369
"MortalityProportion","Dead_Lag9",0.0200155263206108,0.0146104485031605,1.36994605718511,0.170703741022398
"MortalityProportion","TotalMortality_Lag9",0.0150339392668216,0.00957580682508605,1.5699919120587,0.116416992908607
"MortalityProportion","MortalityProportion_Lag9",40.7809050583737,21.4844086260867,1.89816279182369,0.057674640611911
"MortalityProportion","Penicillin_Lag9",0.00620440965640601,0.00141421426429894,4.38717796378733,1.1483083112072e-05
"MortalityProportion","Dexamethasone_Lag9",0.000511891233099902,0.000833063763539277,0.61446825021548,0.538905947400601
"MortalityProportion","Ceftiofur_Lag9",-0.000819321063360523,0.00047157992643734,-1.73739596922684,0.0823173022416311
"MortalityProportion","Enroflaxin_Lag9",-0.00237818479258159,0.00100896874426821,-2.35704505822571,0.0184210115342077
"MortalityProportion","Tetracycline_Lag9",0.00713387364815623,0.00291408892606199,2.44806312681636,0.0143626489180941
"MortalityProportion","Lincomycin_Lag9",-0.0128494663821852,0.0037021656861525,-3.4707972228923,0.000518915702103879
"MortalityProportion","OtherTreatments_Lag9",0.0121110578482616,0.00225182204518292,5.3783370112081,7.51769958926523e-08
"MortalityProportion","TotalTreatments_Lag9",-0.000164975113184551,0.000323534983342362,-0.509914295759404,0.610111506106082
"MortalityProportion","TreatmentProportion_Lag9",-0.168784351051773,0.858450674352485,-0.196615083538823,0.844128766056708
"MortalityProportion","WaterMedications_Lag9",0.174201000983244,0.055267136325908,3.15198167598169,0.00162166449695226
"MortalityProportion","PrimaryRespiratory_Lag9",-0.00113950562958018,0.000465841303920643,-2.44612407699748,0.0144401296456377
"MortalityProportion","SecondaryRespiratory_Lag9",0.00102343774646562,0.000622977901845946,1.64281548901345,0.10042111451739
"MortalityProportion","ReHS_Lag9",-0.00425902023013686,0.00185962787362743,-2.29025402906503,0.0220065950388988
"MortalityProportion","WaterIntakeRMS_Lag9",1.30701629829986e-06,2.69253376515033e-05,0.0485422435631698,0.96128409860954
"MortalityProportion","WaterIntakeHdRMS_Lag9",-0.0886002879243755,0.0718258901623364,-1.23354249733803,0.217373431578329
"MortalityProportion","WaterIntakeVC_Lag9",1.57919129814965e-05,4.29365186763152e-05,0.367796772266208,0.713024775949171
"MortalityProportion","WaterIntakeHdVC_Lag9",0.00520371526514131,0.00220886918758668,2.35582772143545,0.0184814867419463
"MortalityProportion","TempReHS_Lag9",-0.00108707961277731,0.00497916213535398,-0.218325811296368,0.827175264993988
"MortalityProportion","LowTempRMS_Lag9",0.00942231434174133,0.00698223719942719,1.34946924210972,0.177186293308118
"MortalityProportion","HiTempRMS_Lag9",-0.0104538248411252,0.00462377129180949,-2.26088709440344,0.0237662494902098
"MortalityProportion","TempRangeRMS_Lag9",-0.022667153135477,0.0059029386708805,-3.83997774655787,0.000123045463308877
"MortalityProportion","SetPointRMS_Lag9",0.018833576402428,0.00673517281379279,2.79630188016248,0.00516910925913323
"MortalityProportion","LowTempVC_Lag9",0.0118776930880065,0.00658030727694777,1.80503623738311,0.0710690116611564
"MortalityProportion","AvgTempVC_Lag9",0.00844877831970889,0.00714606300223002,1.18229832525579,0.237087349870526
"MortalityProportion","HiTempVC_Lag9",-0.000330237603771251,0.00543076870252433,-0.0608086298386728,0.951511617424853
"MortalityProportion","TempRangeVC_Lag9",-0.0107354430769464,0.00615554277460373,-1.74402866977681,0.0811540907315426
"MortalityProportion","SetPointVC_Lag9",0.0498212085876689,0.0144954085483889,3.43703376288806,0.000588122287164607
"MortalityProportion","Days_Lag10",-0.003408513802117,0.00221982295103836,-1.53548903552088,0.124663748310159
"MortalityProportion","Inventory_Lag10",0.000119399235757807,3.71752207540412e-05,3.21179628085536,0.00131907876705449
"MortalityProportion","Euth_Lag10",0.0242278052622236,0.0135065506335022,1.79378184109627,0.0728479964279632
"MortalityProportion","Dead_Lag10",0.00890880138827317,0.0147801337392899,0.602755126943876,0.546671602470413
"MortalityProportion","TotalMortality_Lag10",0.0156747962391204,0.00957647573931771,1.63680216666399,0.101671812892664
"MortalityProportion","MortalityProportion_Lag10",29.9675054379731,12.9569186338174,2.31285742273308,0.0207304794103028
"MortalityProportion","Penicillin_Lag10",0.00523248368201339,0.00143679576585576,3.64177276016462,0.000270767034502916
"MortalityProportion","Dexamethasone_Lag10",-0.000285802787500201,0.000865552014605439,-0.330197125854399,0.741251018401911
"MortalityProportion","Ceftiofur_Lag10",-4.38645355545749e-05,0.000425019715290431,-0.103205884283746,0.91779956987002
"MortalityProportion","Enroflaxin_Lag10",-0.00189926586165281,0.000989919498608535,-1.91860637589469,0.0550341680845202
"MortalityProportion","Tetracycline_Lag10",0.00648942827448328,0.00296329880347389,2.18993382202149,0.0285290366435067
"MortalityProportion","Lincomycin_Lag10",-0.0100883710503958,0.00366765639019587,-2.7506314597418,0.00594805199928814
"MortalityProportion","OtherTreatments_Lag10",0.0120150685910569,0.00224258901083048,5.35767745807665,8.42985556552642e-08
"MortalityProportion","TotalTreatments_Lag10",0.000130522771625052,0.000316134247902903,0.412871343395674,0.679700877570659
"MortalityProportion","TreatmentProportion_Lag10",1.01092025201889,0.798960104175239,1.26529503380204,0.205765586154942
"MortalityProportion","WaterMedications_Lag10",0.182729484761146,0.0553841232233284,3.29931168223637,0.000969222329419342
"MortalityProportion","PrimaryRespiratory_Lag10",-0.000295619981520861,0.000423643517817845,-0.697803622827929,0.485300013139882
"MortalityProportion","SecondaryRespiratory_Lag10",0.000486738299408776,0.000642101448516117,0.758039559844661,0.448427300473284
"MortalityProportion","ReHS_Lag10",0.000134395590617395,0.00193060313699058,0.0696132664670228,0.944501477444879
"MortalityProportion","WaterIntakeRMS_Lag10",-6.46617053511145e-05,3.26538911386789e-05,-1.9802143970071,0.0476794428009175
"MortalityProportion","WaterIntakeHdRMS_Lag10",-0.453605957521759,0.106194088538105,-4.27148030334093,1.9417968064061e-05
"MortalityProportion","WaterIntakeVC_Lag10",-1.66973642020749e-07,4.34903525947829e-05,-0.00383932601274838,0.996936668576342
"MortalityProportion","WaterIntakeHdVC_Lag10",-0.404347876131281,0.113601504342076,-3.55935318350811,0.000371769294386045
"MortalityProportion","TempReHS_Lag10",-0.00666539185617598,0.00517031970895205,-1.2891643517973,0.197340955317207
"MortalityProportion","LowTempRMS_Lag10",0.012153942184288,0.00702545153119561,1.72998733680248,0.0836325377252843
"MortalityProportion","HiTempRMS_Lag10",-0.00829013046495658,0.0046571291751796,-1.78009459328275,0.0750604812843712
"MortalityProportion","TempRangeRMS_Lag10",-0.0215413627920471,0.00592325296826969,-3.63674536735846,0.000276104628959353
"MortalityProportion","SetPointRMS_Lag10",0.0292737170546921,0.00714141247887077,4.09914945275938,4.14671213830938e-05
"MortalityProportion","LowTempVC_Lag10",0.0095300928965557,0.00666017960748518,1.43090629055185,0.152457073952707
"MortalityProportion","AvgTempVC_Lag10",0.00125301854611894,0.00733694818549216,0.170781981068998,0.864395197936667
"MortalityProportion","HiTempVC_Lag10",-0.00721459890861933,0.00556653491526134,-1.29606640727962,0.194952607152617
"MortalityProportion","TempRangeVC_Lag10",-0.0174208572874707,0.00629278845895164,-2.76838438175832,0.00563349700287578
"MortalityProportion","SetPointVC_Lag10",0.053402470756487,0.0145213849451366,3.67750534527164,0.000235526141807963
"MortalityProportion","Days_Lag11",-0.00371692747177923,0.00223386404080772,-1.66390048985939,0.0961323171225697
"MortalityProportion","Inventory_Lag11",0.000106333810463253,3.68066137961692e-05,2.8889865025921,0.00386485663059176
"MortalityProportion","Euth_Lag11",0.022005818735853,0.0136329576927121,1.61416320888437,0.106492029897665
"MortalityProportion","Dead_Lag11",0.00318736051750149,0.0150197503283519,0.212211284996189,0.83194220308308
"MortalityProportion","TotalMortality_Lag11",0.0121991222054751,0.00971910580714197,1.25516919432143,0.209417345963503
"MortalityProportion","MortalityProportion_Lag11",38.5757984005239,15.3434366716688,2.51415632794658,0.011931753114602
"MortalityProportion","Penicillin_Lag11",0.00454137750825222,0.00145743060442196,3.11601629228406,0.0018331214431839
"MortalityProportion","Dexamethasone_Lag11",-0.00161935285945728,0.000931973444397341,-1.7375525764089,0.0822896822216881
"MortalityProportion","Ceftiofur_Lag11",-0.000783154992399187,0.000476209036718343,-1.64456138379077,0.100060295861056
"MortalityProportion","Enroflaxin_Lag11",-0.0012693155481049,0.000975922893768824,-1.3006309783379,0.193384798118446
"MortalityProportion","Tetracycline_Lag11",-0.00262140030752219,0.00371895530252858,-0.704875454066322,0.480887746758432
"MortalityProportion","Lincomycin_Lag11",-0.0141041071781765,0.00389894754892641,-3.61741393060293,0.00029756123175007
"MortalityProportion","OtherTreatments_Lag11",0.0160631336727431,0.00205093585497076,7.83209949439016,4.79789598490888e-15
"MortalityProportion","TotalTreatments_Lag11",-0.000417795096710496,0.000338418506700973,-1.23455156392986,0.216997444924111
"MortalityProportion","TreatmentProportion_Lag11",-0.328288825082855,0.875718828212773,-0.374879258623284,0.707750265279216
"MortalityProportion","WaterMedications_Lag11",0.224147833361128,0.0555057630198437,4.03828037245419,5.38444736789215e-05
"MortalityProportion","PrimaryRespiratory_Lag11",-0.00105203411933493,0.000467001316482433,-2.25274336967422,0.0242753346956415
"MortalityProportion","SecondaryRespiratory_Lag11",-0.000483184000577598,0.000681115700221697,-0.709400767623366,0.478075811540455
"MortalityProportion","ReHS_Lag11",0.000413678133288939,0.00195404388268347,0.211703604486526,0.832338275866012
"MortalityProportion","WaterIntakeRMS_Lag11",2.60153508967988e-05,2.4235596748148e-05,1.07343554058708,0.283075745496036
"MortalityProportion","WaterIntakeHdRMS_Lag11",-0.0216299765090719,0.0536823440105107,-0.402925336211787,0.687003152006113
"MortalityProportion","WaterIntakeVC_Lag11",-3.20895230352092e-05,4.35051211662621e-05,-0.737603348179947,0.460755520217317
"MortalityProportion","WaterIntakeHdVC_Lag11",0.00127705301289845,0.00321652199866163,0.397029155538132,0.691345960815136
"MortalityProportion","TempReHS_Lag11",-0.00932130002010985,0.00531027576578679,-1.75533257239961,0.0792024381033796
"MortalityProportion","LowTempRMS_Lag11",0.0213174305292191,0.00709259738133187,3.00558869805973,0.00265067274858026
"MortalityProportion","HiTempRMS_Lag11",-0.00437846335771002,0.00468386436392952,-0.934797213904955,0.349892815685567
"MortalityProportion","TempRangeRMS_Lag11",-0.0222285463904083,0.00595981384413022,-3.72973837300322,0.000191678694310996
"MortalityProportion","SetPointRMS_Lag11",0.0285660550542641,0.00703830474158331,4.05865561425493,4.93560386132704e-05
"MortalityProportion","LowTempVC_Lag11",0.00979216747033378,0.00673374296441014,1.45419382980437,0.145892575188724
"MortalityProportion","AvgTempVC_Lag11",-0.00427092229616033,0.00740861983991487,-0.576480152639253,0.564290681319274
"MortalityProportion","HiTempVC_Lag11",-0.00699358852218669,0.00557641070448834,-1.25413799176551,0.209791853446378
"MortalityProportion","TempRangeVC_Lag11",-0.017417960006026,0.00634504882461009,-2.74512623740075,0.00604876252038285
"MortalityProportion","SetPointVC_Lag11",0.0593504355500357,0.014918744179021,3.97824608008866,6.94254995825166e-05
"MortalityProportion","Days_Lag12",-0.0040968432223453,0.00220709534412521,-1.85621488135987,0.0634229357932767
"MortalityProportion","Inventory_Lag12",7.45464488025408e-05,3.59800577470937e-05,2.07188241126606,0.0382764086443182
"MortalityProportion","Euth_Lag12",0.0233792379936324,0.0136125289983176,1.71747938950374,0.0858916170905354
"MortalityProportion","Dead_Lag12",0.00118611322897107,0.0150798920097818,0.0786552866692737,0.937306811308079
"MortalityProportion","TotalMortality_Lag12",0.0120747911127396,0.00973885930328998,1.23985681861741,0.215028358001748
"MortalityProportion","MortalityProportion_Lag12",40.5888956979249,16.861428298465,2.40720388447875,0.0160751926252073
"MortalityProportion","Penicillin_Lag12",0.00318647624062601,0.00148561570242995,2.14488594554704,0.0319619672144649
"MortalityProportion","Dexamethasone_Lag12",-0.00148973984482123,0.000938930628999504,-1.58663462327206,0.112595421026812
"MortalityProportion","Ceftiofur_Lag12",-0.00126113470205503,0.000510964340013551,-2.46814621549047,0.0135814830745663
"MortalityProportion","Enroflaxin_Lag12",0.001372238920814,0.000877007426821058,1.56468335255499,0.117657173800274
"MortalityProportion","Tetracycline_Lag12",-0.00269884129951202,0.0038726291093481,-0.696901568238825,0.48586439627982
"MortalityProportion","Lincomycin_Lag12",-0.0134810211298623,0.0039330092441672,-3.42766067734398,0.000608805905735879
"MortalityProportion","OtherTreatments_Lag12",0.00281551689019586,0.00277984525184757,1.01283223888977,0.311140298926717
"MortalityProportion","TotalTreatments_Lag12",-0.000597774397350244,0.000347075662070392,-1.72231724282934,0.0850120658517966
"MortalityProportion","TreatmentProportion_Lag12",-1.72313498398531,0.946814256148321,-1.81992927630293,0.0687697758526053
"MortalityProportion","WaterMedications_Lag12",0.139805498463833,0.0559290246811408,2.4996949126305,0.0124300300573636
"MortalityProportion","PrimaryRespiratory_Lag12",-0.000811056123540957,0.000457403811788089,-1.77317307516605,0.0762000321280723
"MortalityProportion","SecondaryRespiratory_Lag12",-0.00064309416390931,0.000691036239080118,-0.930622921838909,0.352048653222941
"MortalityProportion","ReHS_Lag12",0.000697575981494445,0.00197389342545075,0.353401035993191,0.723787809258284
"MortalityProportion","WaterIntakeRMS_Lag12",1.6504873694253e-05,2.54257935577083e-05,0.649138979941461,0.516248548566351
"MortalityProportion","WaterIntakeHdRMS_Lag12",-0.00166295055550506,0.048051154110948,-0.0346079212096629,0.972392385073147
"MortalityProportion","WaterIntakeVC_Lag12",-1.40369179644145e-05,4.41553757265288e-05,-0.317898279279753,0.750562097885598
"MortalityProportion","WaterIntakeHdVC_Lag12",-0.415457007971861,0.118061867733395,-3.51897709182475,0.000433214113230836
"MortalityProportion","TempReHS_Lag12",0.00458768793060936,0.00489837344687971,0.936573738274639,0.348977865969108
"MortalityProportion","LowTempRMS_Lag12",0.0323278312616501,0.00720360805759972,4.48772767801333,7.19868631324821e-06
"MortalityProportion","HiTempRMS_Lag12",0.00450648184613535,0.00469292549900871,0.960271337588303,0.336918671582561
"MortalityProportion","TempRangeRMS_Lag12",-0.0152771115428634,0.00594350463494931,-2.57038775624572,0.0101584740026979
"MortalityProportion","SetPointRMS_Lag12",0.0360198795476152,0.00746643886166594,4.82423819641085,1.40539382534722e-06
"MortalityProportion","LowTempVC_Lag12",0.0295011741851513,0.00678091547290867,4.35061818762014,1.3575425930336e-05
"MortalityProportion","AvgTempVC_Lag12",0.0147171466379991,0.00728462844772739,2.02030161779775,0.0433521111090327
"MortalityProportion","HiTempVC_Lag12",0.000458819537075437,0.00558487023148462,0.0821540193519357,0.934524237029413
"MortalityProportion","TempRangeVC_Lag12",-0.0256090155993278,0.00648641890761817,-3.94809770445916,7.87746561348926e-05
"MortalityProportion","SetPointVC_Lag12",0.0591871451328137,0.0151197614885702,3.91455547612679,9.0570912806717e-05
"MortalityProportion","Days_Lag13",-0.00436609399157392,0.0022162720954847,-1.97001712942609,0.0488364074315342
"MortalityProportion","Inventory_Lag13",7.36357498877443e-05,3.60970263367378e-05,2.03993950085582,0.0413563518293698
"MortalityProportion","Euth_Lag13",0.0372990693456175,0.0131454413928596,2.83741475321459,0.00454804899121983
"MortalityProportion","Dead_Lag13",-0.00118125278120154,0.0152292096953681,-0.0775649429504422,0.938174129807183
"MortalityProportion","TotalMortality_Lag13",0.018456281739581,0.00964240066169181,1.91407538300142,0.0556105244309472
"MortalityProportion","MortalityProportion_Lag13",44.5969807824788,15.0175110362945,2.96966525775785,0.00298124411734537
"MortalityProportion","Penicillin_Lag13",0.00324662196280202,0.00150145977779828,2.16231031347561,0.0305942652976478
"MortalityProportion","Dexamethasone_Lag13",-0.0024061787143629,0.000997758922395219,-2.41158325959805,0.015883424852821
"MortalityProportion","Ceftiofur_Lag13",-0.00100165911586237,0.000499257075990238,-2.00629928754772,0.0448243260024137
"MortalityProportion","Enroflaxin_Lag13",0.00168665072811909,0.000875578331673956,1.92632762495904,0.0540634781551647
"MortalityProportion","Tetracycline_Lag13",0.00630027440817382,0.00338523609487328,1.8611034006506,0.0627295760855079
"MortalityProportion","Lincomycin_Lag13",-0.0100155972585159,0.00383842397109307,-2.60929937233165,0.00907278302503427
"MortalityProportion","OtherTreatments_Lag13",0.00333445168544013,0.0027374197422612,1.21810025476245,0.223185877092772
"MortalityProportion","TotalTreatments_Lag13",-0.000425962079420508,0.00034644876113714,-1.22950960489044,0.218880798906106
"MortalityProportion","TreatmentProportion_Lag13",-0.67490262033516,0.904157565380102,-0.74644359144574,0.45539949484956
"MortalityProportion","WaterMedications_Lag13",0.0724777997852164,0.0565890269406651,1.28077480217518,0.200272777070976
"MortalityProportion","PrimaryRespiratory_Lag13",-0.000385116834294504,0.000439268296459116,-0.876723490857136,0.380636844311836
"MortalityProportion","SecondaryRespiratory_Lag13",-0.00101194419692323,0.000719366262339516,-1.40671623052239,0.159511550983117
"MortalityProportion","ReHS_Lag13",0.00323041283998848,0.00203839641549879,1.58478145635769,0.113015997014253
"MortalityProportion","WaterIntakeRMS_Lag13",-4.53454241360762e-05,3.27519104885322e-05,-1.38451233713385,0.166201633122167
"MortalityProportion","WaterIntakeHdRMS_Lag13",-0.23208066828642,0.0985639149284336,-2.35462104417151,0.0185416038087664
"MortalityProportion","WaterIntakeVC_Lag13",-3.54313664532584e-05,4.43855797097216e-05,-0.798263009855383,0.424717878959209
"MortalityProportion","WaterIntakeHdVC_Lag13",-0.413477131958416,0.117254851216232,-3.52631151436042,0.000421390995594854
"MortalityProportion","TempReHS_Lag13",-0.00465560807508954,0.0052229687039129,-0.891372002976333,0.372729632321539
"MortalityProportion","LowTempRMS_Lag13",0.0245005478453846,0.00719760431170187,3.4039864911095,0.000664100376514153
"MortalityProportion","HiTempRMS_Lag13",-0.000688468781817789,0.00473879649907974,-0.145283466371997,0.884487068145388
"MortalityProportion","TempRangeRMS_Lag13",-0.0177268036252022,0.0059900722395978,-2.95936391351307,0.00308274823790747
"MortalityProportion","SetPointRMS_Lag13",0.0319610044869501,0.00717186938580314,4.45643984401299,8.33319704262578e-06
"MortalityProportion","LowTempVC_Lag13",0.0232869466603921,0.00693497808285992,3.35789765766481,0.000785376856263814
"MortalityProportion","AvgTempVC_Lag13",0.00896987799048632,0.00747096632437562,1.20063156505206,0.229894151131407
"MortalityProportion","HiTempVC_Lag13",-0.00263934484901484,0.00569134886164204,-0.463746804699185,0.642829159413191
"MortalityProportion","TempRangeVC_Lag13",-0.0237247668554472,0.00658567634073952,-3.60247993189157,0.000315195740602019
"MortalityProportion","SetPointVC_Lag13",0.0600090308239198,0.0152898924477725,3.92475166381318,8.68192543956894e-05
"MortalityProportion","Days_Lag14",-0.00467346753517559,0.00213113153700472,-2.19295123460286,0.0283108927527452
"MortalityProportion","Inventory_Lag14",4.98400087664387e-05,3.55299677442117e-05,1.40275975270364,0.160688492406607
"MortalityProportion","Euth_Lag14",0.0564272491446239,0.0124763915012473,4.52272190552715,6.10494282292548e-06
"MortalityProportion","Dead_Lag14",0.0111421786697224,0.0150864374761808,0.73855598363194,0.460176660515372
"MortalityProportion","TotalMortality_Lag14",0.0338360388448671,0.00932020412797038,3.63039675744049,0.000282985883386875
"MortalityProportion","MortalityProportion_Lag14",64.1198140461466,17.1814392612686,3.7319233313992,0.00019002334200491
"MortalityProportion","Penicillin_Lag14",0.00193841503559726,0.00154076416552517,1.25808678509638,0.208360371973572
"MortalityProportion","Dexamethasone_Lag14",-0.00189439379508764,0.000990228380986994,-1.913087759815,0.0557368184628703
"MortalityProportion","Ceftiofur_Lag14",-0.000884882430591325,0.000495826296520862,-1.78466216253638,0.0743161318093493
"MortalityProportion","Enroflaxin_Lag14",0.00172967172819865,0.000898976647460851,1.92404522751964,0.0543489146372855
"MortalityProportion","Tetracycline_Lag14",0.00316735953197458,0.00352807788653276,0.897757825603821,0.369314673503863
"MortalityProportion","Lincomycin_Lag14",-0.00725273623285013,0.00374908527062151,-1.93453488233086,0.0530473975361491
"MortalityProportion","OtherTreatments_Lag14",0.00560089730053102,0.00258190835059405,2.16928586920692,0.0300609873734905
"MortalityProportion","TotalTreatments_Lag14",-0.000344208890687021,0.000347327271776601,-0.991021778757453,0.321674945884972
"MortalityProportion","TreatmentProportion_Lag14",-0.584288526894008,0.905664149117899,-0.645149228290747,0.518830484558677
"MortalityProportion","WaterMedications_Lag14",0.0752744796141615,0.0567916948563169,1.32544872634293,0.185022364861862
"MortalityProportion","PrimaryRespiratory_Lag14",-0.000345382951758077,0.000441289768558814,-0.782667028256843,0.433822669091415
"MortalityProportion","SecondaryRespiratory_Lag14",-0.000939025966752955,0.000727197491261361,-1.29129428805395,0.196601650538921
"MortalityProportion","ReHS_Lag14",0.00621995484343748,0.00211554404483209,2.94012070258322,0.00328084413037726
"MortalityProportion","WaterIntakeRMS_Lag14",1.20406235785263e-05,2.65983191117124e-05,0.452683627411037,0.650776570756912
"MortalityProportion","WaterIntakeHdRMS_Lag14",-0.0119966649270993,0.0518155018155621,-0.231526560715393,0.81690575344903
"MortalityProportion","WaterIntakeVC_Lag14",-5.05840385650106e-05,4.49123792100432e-05,-1.12628276334332,0.260045851263971
"MortalityProportion","WaterIntakeHdVC_Lag14",0.000856265722779421,0.00318533945684623,0.268814590840249,0.788072364632115
"MortalityProportion","TempReHS_Lag14",0.00195328949291657,0.0050314196788868,0.388218359345595,0.697854447789075
"MortalityProportion","LowTempRMS_Lag14",0.0239706546009573,0.00721681323918019,3.32150130625803,0.000895345632914542
"MortalityProportion","HiTempRMS_Lag14",0.0044603852154133,0.00475315041847944,0.938406072333011,0.34803576651744
"MortalityProportion","TempRangeRMS_Lag14",-0.00937730317936747,0.00595171015718381,-1.57556449015732,0.115126205120636
"MortalityProportion","SetPointRMS_Lag14",0.0258935376964423,0.00681802646790346,3.79780539402989,0.000145982861821942
"MortalityProportion","LowTempVC_Lag14",0.00791347224255368,0.00692459582375736,1.14280637368085,0.253118991922018
"MortalityProportion","AvgTempVC_Lag14",0.0065825320935985,0.00746817497487365,0.881411069738609,0.378095368306138
"MortalityProportion","HiTempVC_Lag14",0.00217043710008513,0.0056257628222366,0.385803164595951,0.699642451408966
"MortalityProportion","TempRangeVC_Lag14",-0.00391511165856291,0.00639508150769316,-0.612206686318714,0.540401018334456
"MortalityProportion","SetPointVC_Lag14",0.0596496390779795,0.015350149438784,3.88593214130329,0.000101937980990485
