"DepVar","IndVar","Estimate","SE","df","T_Statistic","FTest_P","N_Parameters","NullAIC","TestAIC","NullLikelihood","FitLikelihood","LRT_Statistic","LRTdf","LRT_P"
"ReHS","Euth",0.0340890746381872,0.114297274887588,2643.6901553279,0.298249233603461,0.765536385622207,13,19301.4005896827,19376.0317661677,-9638.70029484134,-9675.01588308385,0,1,1
"ReHS","Dead",-0.152249884532266,0.137195890126544,2686.58575109063,-1.10972627818396,0.267216314684034,13,19301.4005896827,19366.7623946896,-9638.70029484134,-9670.38119734478,0,1,1
"ReHS","TotalMortality",-0.0432992299791519,0.0862871821797426,2673.38264869089,-0.501803731276755,0.615846910626159,13,19305.4913525806,19357.6357672154,-9640.74567629028,-9665.81788360772,0,1,1
"ReHS","MortalityProportion",-150.019258122766,139.881186169821,2660.83751199673,-1.07247630814796,0.283603407195674,13,19305.4913525806,19265.732161997,-9640.74567629028,-9619.86608099852,41.7591905835252,1,1.03235836791835e-10
"ReHS","Penicillin",8.87555701431036e-05,0.0186472042657409,2481.05464808815,0.00475972531207626,0.996202685655413,13,19273.7188946957,19217.9959389216,-9624.85944734785,-9595.99796946081,57.7229557740866,1,3.01760517295711e-14
"ReHS","Dexamethasone",-0.015473047782475,0.0101454124998238,1952.66699331596,-1.52512751775679,0.127389234606357,13,19283.6986758613,19227.6677609442,-9629.84933793066,-9600.83388047209,58.0309149171553,1,2.58030692115856e-14
"ReHS","Ceftiofur",-0.0207480792404908,0.00517883211262945,2671.05685456888,-4.00632397213517,6.33556861416673e-05,13,19273.7188946957,19168.7630967217,-9624.85944734785,-9571.38154836084,106.955797974028,1,4.55209964503986e-25
"ReHS","Enroflaxin",0.00757549710756233,0.00863739611066525,2691.41394117645,0.877057971002197,0.380533429435722,13,19273.7188946957,19279.0748140806,-9624.85944734785,-9626.53740704031,0,1,1
"ReHS","Tetracycline",0.0140802422559305,0.020341556478645,2611.52016602688,0.692190996825255,0.488878930247046,13,19273.7188946957,19315.4372649754,-9624.85944734785,-9644.71863248768,0,1,1
"ReHS","Lincomycin",-0.0892889940252532,0.017231702999616,2660.33044377801,-5.18166974136236,2.36382960493129e-07,13,19273.7188946957,19305.1986124163,-9624.85944734785,-9639.59930620813,0,1,1
"ReHS","OtherTreatments",-0.0697294160956288,0.0305803574631675,2609.96240318706,-2.28020277982735,0.022675974971742,13,19273.7188946957,19221.836493968,-9624.85944734785,-9597.91824698401,53.8824007276853,1,2.12855814978935e-13
"ReHS","TotalTreatments",-0.0177312105414814,0.00381134284071953,2611.759524942,-4.65222135149983,3.44748509646482e-06,13,19283.6986758613,19316.4195506825,-9629.84933793066,-9645.20977534126,0,1,1
"ReHS","TreatmentProportion",-35.7079624651541,8.20561751976877,1550.77053489989,-4.35164841392221,1.43947337737137e-05,13,19273.7188946957,19308.2138616975,-9624.85944734785,-9641.10693084877,0,1,1
"ReHS","WaterMedications",-0.101311598917684,0.508650156024581,2619.11450437908,-0.199177367229173,0.842139463629628,13,19301.4005896827,19430.9613844516,-9638.70029484134,-9702.48069222578,0,1,1
"ReHS","WaterIntakeRMS",0.000241508104481241,0.000205471284166792,2059.3374011131,1.1753861638651,0.239976130632839,13,14803.1987027048,14775.2047004214,-7389.59935135239,-7374.60235021072,29.9940022833252,1,4.33384722127939e-08
"ReHS","WaterIntakeHdRMS",-0.288665230710813,0.274892618660989,2018.27845696568,-1.05010178926197,0.293797036031641,13,14803.1987027048,14851.7141174463,-7389.59935135239,-7412.85705872313,0,1,1
"ReHS","WaterIntakeVC",0.000606999688649001,0.00037509391421247,128.379525723955,1.61826056262051,0.108060756146875,13,12982.2425193238,13001.3110861956,-6479.1212596619,-6487.65554309782,0,1,1
"ReHS","WaterIntakeHdVC",0.0894100716280194,0.0159145351219968,224.129320677721,5.61813907491639,5.69429486804227e-08,13,12982.2425193238,12966.3565782889,-6479.1212596619,-6470.17828914446,17.8859410348741,1,2.34547400126755e-05
"ReHS","TempReHS",0.112370348409645,0.0360448081611121,1428.5533467148,3.11751828189445,0.00186019055646304,13,19356.3076311244,19334.485830722,-9666.15381556222,-9654.24291536101,23.8218004024202,1,1.05678762840909e-06
"ReHS","LowTempRMS",-0.0639878452122091,0.0622108253685852,2499.28252061899,-1.02856447946311,0.30378390707842,13,19192.7619783976,19084.8283728341,-9584.38098919879,-9529.41418641707,109.933605563427,1,1.01328408809819e-25
"ReHS","HiTempRMS",0.0903562573039132,0.0333974512903855,2658.84499919292,2.70548361664727,0.00686402427508228,13,19176.9326906005,19113.3688928027,-9576.46634530027,-9543.68444640136,65.5637977978258,1,5.62628348587334e-16
"ReHS","TempRangeRMS",0.138969221807442,0.0395807813350332,2608.62596469735,3.51102775438238,0.000453948507964897,13,19138.1338167854,19147.755193037,-9557.0669083927,-9560.87759651851,0,1,1
"ReHS","SetPointRMS",-0.0768114193482722,0.0976527191281212,6.97095424445552,-0.786577373718544,0.457430926868284,13,19118.7233665058,19304.1924533413,-9547.36168325292,-9639.09622667064,0,1,1
"ReHS","LowTempVC",-0.127337871743044,0.0469077928392696,97.3189001200469,-2.71464215294397,0.00784981987773444,13,15757.363133988,15693.0375685875,-7866.68156699401,-7833.51878429376,66.325565400497,1,3.82268335521133e-16
"ReHS","AvgTempVC",0.095020362246213,0.0437347362421567,23.8047376425471,2.17265200183421,0.0399926328009408,13,15139.8445137193,15547.6480510808,-7557.92225685963,-7760.82402554041,0,1,1
"ReHS","HiTempVC",0.107268933357088,0.029409025155094,15.6722254505335,3.64748347799307,0.00223548616257751,13,15757.363133988,15745.4314852687,-7866.68156699401,-7859.71574263435,13.9316487193173,1,0.000189579370818752
"ReHS","TempRangeVC",0.210839817158532,0.0337508159009239,37.7840747639364,6.24695467444271,2.67165640427311e-07,13,15757.363133988,15725.956425115,-7866.68156699401,-7849.97821255748,33.4067088730535,1,7.47656092903474e-09
"ReHS","SetPointVC",-0.0778486463354031,0.0977466030666224,84.0564000334749,-0.796433266149851,0.42802394970166,13,8110.68628136344,8188.70040392893,-4043.34314068172,-4081.35020196446,0,1,1
"ReHS","Days_Lag1",-0.0917270781493756,0.120260852781109,6.87379405243088,-0.762734306535573,0.470980837102987,13,19138.5182615875,19082.6008459061,-9557.25913079376,-9528.30042295306,57.917415681397,1,2.73356241350715e-14
"ReHS","Inventory_Lag1",0.000193306971690036,0.000505826809051375,2054.28516990262,0.382160392116351,0.702381928391756,13,19180.37968998,19098.9367823181,-9578.18984498999,-9536.46839115904,83.4429076618944,1,6.5582944365689e-20
"ReHS","Euth_Lag1",-0.0738970061831461,0.114109560117863,2632.44187659672,-0.647596977035212,0.51730212434533,13,19180.37968998,19254.025552472,-9578.18984498999,-9614.01277623601,0,1,1
"ReHS","Dead_Lag1",-0.0189352999643412,0.137197866199988,2675.27813973015,-0.138014536878729,0.890239315336756,13,19180.37968998,19246.1805514107,-9578.18984498999,-9610.09027570536,0,1,1
"ReHS","TotalMortality_Lag1",-0.0544523488864583,0.085781495512305,2622.10033621202,-0.634779663857077,0.52562751006455,13,19237.0589718002,19148.8384327128,-9606.52948590011,-9561.4192163564,90.2205390874296,1,2.13039008858701e-21
"ReHS","MortalityProportion_Lag1",-209.219857766241,140.08761332595,2643.8714973887,-1.49349291346293,0.13542753267902,13,19237.0589718002,19178.7664224707,-9606.52948590011,-9576.38321123537,60.2925493294861,1,8.17562833017295e-15
"ReHS","Penicillin_Lag1",-0.000541993953321456,0.0186120092014591,2567.30055090803,-0.0291206579286972,0.976770623570526,13,19216.3976209171,19207.8493462591,-9596.19881045857,-9590.92467312955,10.5482746580492,1,0.0011629659515759
"ReHS","Dexamethasone_Lag1",-0.0205160190989463,0.0100064718200495,335.416511369873,-2.05027500880374,0.041114525551155,13,19179.8274532303,19123.0321080741,-9577.91372661514,-9548.51605403706,58.7953451561589,1,1.74954682275277e-14
"ReHS","Ceftiofur_Lag1",-0.0217251991531144,0.00515531494495635,2631.33773871527,-4.21413616531208,2.59181485504165e-05,13,19216.3976209171,19128.2430588818,-9596.19881045857,-9551.12152944089,90.1545620353572,1,2.20262914096788e-21
"ReHS","Enroflaxin_Lag1",0.0187874413366534,0.00855044465006645,569.289941893782,2.19724729011694,0.0284049247069932,13,19216.3976209171,19129.1175392771,-9596.19881045857,-9551.55876963856,89.2800816400231,1,3.42692184469009e-21
"ReHS","Tetracycline_Lag1",0.0490792043202263,0.0205021202163392,2622.78204623594,2.39385994240306,0.0167419694903061,13,19216.3976209171,19089.1403855032,-9596.19881045857,-9531.5701927516,129.257235413941,1,5.95748964446132e-30
"ReHS","Lincomycin_Lag1",-0.0759280468130344,0.0172384756128191,2659.75759472952,-4.40456850816739,1.10185065500046e-05,13,19216.3976209171,19128.6912856589,-9596.19881045857,-9551.34564282944,89.7063352582627,1,2.76268935252636e-21
"ReHS","OtherTreatments_Lag1",-0.0727465306085815,0.030459934588647,2591.53134565833,-2.38826942969522,0.0169991246469261,13,19216.3976209171,19209.3413273689,-9596.19881045857,-9591.67066368443,9.05629354828125,1,0.00261792126163021
"ReHS","TotalTreatments_Lag1",-0.0150516328786309,0.00386916330438282,2625.60686684074,-3.89015187381238,0.00010266982915481,13,19179.8274532303,19120.80621015,-9577.91372661514,-9547.40310507502,61.021243080253,1,5.64622625979731e-15
"ReHS","TreatmentProportion_Lag1",-28.1689051692808,8.18321225480232,2575.34321864421,-3.44227966868999,0.000586035600218114,13,19216.3976209171,19221.0401483182,-9596.19881045857,-9597.52007415908,0,1,1
"ReHS","WaterMedications_Lag1",0.673748324604449,0.509298684991031,2639.15750964354,1.3228942945657,0.185985142118034,13,19180.37968998,19266.4816082819,-9578.18984498999,-9620.24080414096,0,1,1
"ReHS","ReHS_Lag1",0.860952747404721,0.00902253850746138,87.4078802719276,95.4224519732156,3.68950042902462e-90,13,18970.948751413,15983.1253238115,-9473.4743757065,-7978.56266190575,2989.8234276015,1,0
"ReHS","WaterIntakeRMS_Lag1",0.000127392469900922,0.000205691210393633,2026.23583484422,0.619338423149583,0.535763066475893,13,14866.2291285297,14808.2644884897,-7421.11456426483,-7391.13224424487,59.9646400399179,1,9.65769492498506e-15
"ReHS","WaterIntakeHdRMS_Lag1",-0.395147717279447,0.283375227839079,2043.36900533273,-1.39443281719685,0.163338527416634,13,14866.2291285297,14763.1478822499,-7421.11456426483,-7368.57394112496,105.081246279744,1,1.17229202076827e-24
"ReHS","WaterIntakeVC_Lag1",0.000416750928245888,0.000390790229526831,34.3005448725741,1.06643128910999,0.293677796256702,13,13029.6500910648,13022.9535261026,-6502.82504553241,-6498.4767630513,8.6965649622216,1,0.00318810279165824
"ReHS","WaterIntakeHdVC_Lag1",0.112066257942754,0.0163921934856661,1620.51507575265,6.8365626626326,1.14506034253139e-11,13,13029.6500910648,12977.5145763519,-6502.82504553241,-6475.75728817594,54.1355147129289,1,1.87128292015694e-13
"ReHS","TempReHS_Lag1",0.0986257108067283,0.0358938351165757,3.60657753736519,2.74770613077183,0.0577393552987013,13,18992.3702104007,19328.9200211798,-9484.18510520033,-9651.46001058991,0,1,1
"ReHS","LowTempRMS_Lag1",-0.0220326607395732,0.0608401263570508,1265.15090390045,-0.362140285677099,0.717307679615871,13,19027.4775879374,19112.0968574718,-9501.73879396869,-9543.04842873588,0,1,1
"ReHS","HiTempRMS_Lag1",0.0911822981586399,0.0337326883837731,2612.73015677013,2.70308423453444,0.00691440472697989,13,19071.3895651517,19067.2821443733,-9523.69478257584,-9520.64107218664,6.10742077841496,1,0.0134615435125001
"ReHS","TempRangeRMS_Lag1",0.137941274102335,0.039444201536645,2587.72961298404,3.49712425980237,0.000478225056442831,13,18864.3112681515,19025.3189204921,-9420.15563407576,-9499.65946024605,0,1,1
"ReHS","SetPointRMS_Lag1",-0.0630011203900212,0.0973185249118314,18.5088501737246,-0.647370276595324,0.525341097335788,13,19005.9569887941,19268.506948917,-9490.97849439707,-9621.2534744585,0,1,1
"ReHS","LowTempVC_Lag1",-0.118342816641366,0.0487625227028452,2273.30980247934,-2.426921538956,0.0153047983520986,13,15752.6669698631,15429.2621098561,-7864.33348493157,-7701.63105492803,325.40486000708,1,9.63021481047839e-73
"ReHS","AvgTempVC_Lag1",0.109966819604066,0.0454694024436867,55.6032506731188,2.41847954215494,0.0188859720700321,13,15516.4596135967,15530.8629883167,-7746.22980679835,-7752.43149415834,0,1,1
"ReHS","HiTempVC_Lag1",0.138628771427549,0.0304319107664632,16.1485064944871,4.55537519452514,0.0003171312236467,13,15752.6669698631,15744.3087390178,-7864.33348493157,-7859.15436950888,10.3582308453751,1,0.00128898674206
"ReHS","TempRangeVC_Lag1",0.245122943174496,0.0348730987812796,146.139527795018,7.02899804551013,7.36637217062695e-11,13,15752.6669698631,15738.5572162366,-7864.33348493157,-7856.27860811829,16.1097536265534,1,5.97753846238185e-05
"ReHS","SetPointVC_Lag1",0.360680302553464,0.110768070037687,655.462050540279,3.25617574117475,0.00118741125686669,13,7894.5555620844,7871.52519717506,-3935.2777810422,-3922.76259858753,25.0303649093439,1,5.64345229732865e-07
"ReHS","Days_Lag2",-0.155178783063997,0.117782822275804,0.0100775678981802,-1.31749927591839,0.967632692425053,13,19343.8090883464,19373.5180175492,-9659.90454417318,-9673.75900877461,0,1,1
"ReHS","Inventory_Lag2",-0.000252154893815707,0.000513834070929622,0.626033014896878,-0.490732141135585,0.743146882643484,13,19305.9955087303,19320.170125215,-9640.99775436517,-9647.08506260749,0,1,1
"ReHS","Euth_Lag2",-0.14343498189362,0.112905563912191,1023.36322157905,-1.27039781675572,0.204231703623147,13,19305.9955087303,19313.0621574242,-9640.99775436517,-9643.53107871209,0,1,1
"ReHS","Dead_Lag2",0.0139932011632275,0.135966501806785,142.536935304867,0.10291653442046,0.918173867499205,13,19305.9955087303,19298.3839265917,-9640.99775436517,-9636.19196329586,9.61158213861563,1,0.00193353987670384
"ReHS","TotalMortality_Lag2",-0.0805407887922831,0.08553979948215,40.7628929867904,-0.941559242362848,0.351965191258294,13,19292.2713918114,19295.8460722413,-9634.13569590572,-9634.92303612065,0,1,1
"ReHS","MortalityProportion_Lag2",-240.959942856794,139.095065970005,36.3506140296773,-1.73233997321483,0.0916915506465224,13,19292.2713918114,19287.9509853483,-9634.13569590572,-9630.97549267415,6.32040646314999,1,0.0119356266782665
"ReHS","Penicillin_Lag2",0.00536493982020796,0.0185848797847818,2308.98722681049,0.288672290718879,0.772858081396332,13,19280.6719572065,19256.8648344718,-9628.33597860326,-9615.4324172359,25.8071227347173,1,3.77293564072867e-07
"ReHS","Dexamethasone_Lag2",-0.0326808239337444,0.00921091477402024,1471.75833138564,-3.54805410054624,0.000400277078725724,13,19272.915210511,19181.0457323779,-9624.45760525548,-9577.52286618895,93.8694781330632,1,3.37031340815156e-22
"ReHS","Ceftiofur_Lag2",-0.0222756857570354,0.00506041535729441,936.464332676858,-4.40194809798089,1.19629619099934e-05,13,19280.6719572065,19259.0769754415,-9628.33597860326,-9616.53848772073,23.5949817650726,1,1.18897185576729e-06
"ReHS","Enroflaxin_Lag2",0.0257267610020595,0.00855905030339029,241.83414291963,3.00579621454836,0.00292789164992565,13,19280.6719572065,19229.9981203828,-9628.33597860326,-9601.99906019138,52.6738368237638,1,3.93802255370508e-13
"ReHS","Tetracycline_Lag2",0.0889161648872241,0.0207044473123636,1.78838682306814,4.29454423707934,0.0609182311199692,13,19280.6719572065,19258.6448789801,-9628.33597860326,-9616.32243949006,24.0270782263979,1,9.4990360904527e-07
"ReHS","Lincomycin_Lag2",-0.0685581703295087,0.0171762468565241,286.346177767288,-3.99145231797062,8.35000990446978e-05,13,19280.6719572065,19261.6176568234,-9628.33597860326,-9617.80882841168,21.0543003831663,1,4.46449732717535e-06
"ReHS","OtherTreatments_Lag2",-0.0823643059836878,0.0299913170254741,938.713735561921,-2.74627172637097,0.00614298212000623,13,19280.6719572065,19258.1726666742,-9628.33597860326,-9616.0863333371,24.499290532327,1,7.43372045628109e-07
"ReHS","TotalTreatments_Lag2",-0.0131482933141308,0.00378725494935088,353.941352602814,-3.47172120440013,0.000581124854128119,13,19272.915210511,19257.9368839593,-9624.45760525548,-9615.96844197966,16.9783265516344,1,3.78089638910158e-05
"ReHS","TreatmentProportion_Lag2",-25.5202545417115,8.09439984394757,218.879069069421,-3.15282850288076,0.00184356357608632,13,19280.6719572065,19270.9893069999,-9628.33597860326,-9622.49465349995,11.682650206636,1,0.000630856089581215
"ReHS","WaterMedications_Lag2",1.38506315810098,0.504301555444569,2157.67124649864,2.74649789029496,0.00607354609506733,13,19305.9955087303,19284.7860581553,-9640.99775436517,-9629.39302907764,23.2094505750574,1,1.45281616495875e-06
"ReHS","ReHS_Lag2",0.714428389417458,0.0124972757682237,1351.3137739947,57.1667299871867,0,13,19136.4360506964,17324.1367413371,-9556.21802534818,-8649.06837066856,1814.29930935923,1,0
"ReHS","WaterIntakeRMS_Lag2",0.000493898143916875,0.000205807483261474,1599.72056558154,2.39980653808097,0.0165174619974286,13,15061.5420289864,15059.8605935626,-7518.77101449322,-7516.93029678131,3.6814354238104,1,0.0550214623502591
"ReHS","WaterIntakeHdRMS_Lag2",0.267578011812547,0.288922583345276,2061.19561543906,0.926123561247474,0.354490190554957,13,15061.5420289864,14719.5579860298,-7518.77101449322,-7346.77899301488,343.984042956678,1,8.65429227436152e-77
"ReHS","WaterIntakeVC_Lag2",0.000322314887362809,0.000394869023549111,648.164536477225,0.816257716206299,0.414652631486562,13,12924.6409811789,12919.3124630139,-6450.32049058946,-6446.65623150695,7.32851816502989,1,0.00678689847605925
"ReHS","WaterIntakeHdVC_Lag2",0.108315291589818,0.0164664378914494,23.8296333306321,6.57794310486925,8.67692443746712e-07,13,12924.6409811789,12891.4869477089,-6450.32049058946,-6432.74347385446,35.1540334700003,1,3.04629795437151e-09
"ReHS","TempReHS_Lag2",0.0529975106342393,0.0364214231169961,21.3021785694372,1.45511916061039,0.16021512664068,13,19086.282482386,19080.8493325433,-9531.14124119301,-9527.42466627163,7.43314984275275,1,0.00640331625546656
"ReHS","LowTempRMS_Lag2",-0.06009016876167,0.0615832409178166,1.80561080912066,-0.97575521953872,0.441417772729069,13,19197.7523085422,19153.1304487083,-9586.87615427112,-9563.56522435415,46.6218598339401,1,8.60944670341626e-12
"ReHS","HiTempRMS_Lag2",0.0654470427013343,0.0334187707212395,448.004497977611,1.95839168493828,0.0508041688685088,13,19176.507452718,19166.5192584242,-9576.25372635902,-9570.2596292121,11.9881942938446,1,0.000535386417395618
"ReHS","TempRangeRMS_Lag2",0.113704118285718,0.0394171096923806,1972.97553031831,2.88463865496705,0.00396115064817625,13,19180.690873235,19164.6371458556,-9578.34543661751,-9569.3185729278,18.0537273794253,1,2.1475778119186e-05
"ReHS","SetPointRMS_Lag2",0.0477130909050629,0.097604829551197,0.130957473643046,0.488839447027934,0.869662818986969,13,19150.3352658039,19178.01315291,-9563.16763290194,-9576.00657645499,0,1,1
"ReHS","LowTempVC_Lag2",-0.162181660683606,0.0486444050647538,2265.6562029962,-3.33402496068592,0.000869773263928932,13,15170.820762614,15481.2389833782,-7573.41038130702,-7727.61949168908,0,1,1
"ReHS","AvgTempVC_Lag2",0.0277896462188472,0.0459183636610266,2226.03074756971,0.605196788456853,0.545109939268335,13,15328.4780725796,15229.0327952644,-7652.23903628981,-7601.5163976322,101.445277315224,1,7.34652058991833e-24
"ReHS","HiTempVC_Lag2",0.0824503312057603,0.0308084512349251,2238.11181297049,2.6762244741564,0.00749997285283291,13,15170.820762614,15189.015745839,-7573.41038130702,-7581.50787291951,0,1,1
"ReHS","TempRangeVC_Lag2",0.18812363022609,0.0350497605634301,2242.93445820756,5.36732996750831,8.81397428328745e-08,13,15170.820762614,15451.9613489583,-7573.41038130702,-7712.98067447917,0,1,1
"ReHS","SetPointVC_Lag2",0.437429361118529,0.099306472124791,68.9964447492687,4.40484242123559,3.78377831495866e-05,13,7676.25164731846,7747.82086267626,-3826.12582365923,-3860.91043133813,0,1,1
"ReHS","Days_Lag3",-0.132758686285261,0.121603174240976,0.00192186900715227,-1.09173701356002,0.992517928675521,13,19182.2383985258,19183.7832410222,-9579.11919926288,-9578.8916205111,0.455157503554801,1,0.499895859399346
"ReHS","Inventory_Lag3",0.000144365116834237,0.000510933574221715,0.130043381966523,0.282551635120364,0.914835674465469,13,19157.4012926413,19165.7591492109,-9566.70064632067,-9569.87957460544,0,1,1
"ReHS","Euth_Lag3",-0.10372946081781,0.11263359790235,1834.54277429048,-0.920945994353661,0.357199709720999,13,19157.4012926413,19161.1013087207,-9566.70064632067,-9567.55065436037,0,1,1
"ReHS","Dead_Lag3",0.0291049281110557,0.136477813239956,17.045374460512,0.213257579529673,0.833655887377245,13,19157.4012926413,19177.3925382801,-9566.70064632067,-9575.69626914004,0,1,1
"ReHS","TotalMortality_Lag3",-0.0525109514902107,0.0852111486488288,300.575037657071,-0.616245084391694,0.538199188075996,13,19110.5025519159,19107.6286028015,-9543.25127595795,-9540.81430140074,4.87394911441879,1,0.0272650376365536
"ReHS","MortalityProportion_Lag3",-210.078491391638,139.175914305087,2626.39494779853,-1.50944574311274,0.13130519733452,13,19110.5025519159,18679.6693443882,-9543.25127595795,-9326.83467219411,432.833207527678,1,3.92866793676885e-96
"ReHS","Penicillin_Lag3",-0.0100884189842028,0.0183638228845901,93.8375792933516,-0.549363770692236,0.584060847775599,13,18732.6644228786,19111.9698362211,-9354.3322114393,-9542.98491811055,0,1,1
"ReHS","Dexamethasone_Lag3",-0.0266247148444277,0.0098982911873821,1064.29469198361,-2.68982942008897,0.00726070089688487,13,19123.9539736807,19113.7527968814,-9549.97698684037,-9543.8763984407,12.2011767993572,1,0.000477593789970039
"ReHS","Ceftiofur_Lag3",-0.0222227952901955,0.00501727042607245,1785.5007519054,-4.42926001650497,1.00289959800091e-05,13,18732.6644228786,19088.8520288213,-9354.3322114393,-9531.42601441064,0,1,1
"ReHS","Enroflaxin_Lag3",0.0335640388925862,0.00856632268769493,531.050767084749,3.91813851943719,0.000100894710014117,13,18732.6644228786,19123.6454348242,-9354.3322114393,-9548.8227174121,0,1,1
"ReHS","Tetracycline_Lag3",0.0669091936070363,0.0207439440959393,1.788550109205,3.22548081009022,0.0972592488640769,13,18732.6644228786,19127.7707014209,-9354.3322114393,-9550.88535071046,0,1,1
"ReHS","Lincomycin_Lag3",-0.0510978207011731,0.0171888765642242,91.2460556232929,-2.97272602489478,0.00377457678110329,13,18732.6644228786,19142.3456391391,-9354.3322114393,-9558.17281956955,0,1,1
"ReHS","OtherTreatments_Lag3",-0.0472111320955641,0.0298953506208713,2515.96658543154,-1.57921319252245,0.114412870939923,13,18732.6644228786,19132.8506868419,-9354.3322114393,-9553.42534342094,0,1,1
"ReHS","TotalTreatments_Lag3",-0.0111877302823807,0.00377807781251526,740.913816774229,-2.96122283276438,0.00316212205715974,13,19123.9539736807,19117.038047541,-9549.97698684037,-9545.51902377052,8.91592613970715,1,0.00282694413154663
"ReHS","TreatmentProportion_Lag3",-23.1226738338643,8.07944001417863,2677.1203268917,-2.86191540419711,0.00424358826952029,13,18732.6644228786,19000.6355526621,-9354.3322114393,-9487.31777633105,0,1,1
"ReHS","WaterMedications_Lag3",1.538623190612,0.501594113569875,2.47775126099207,3.06746660095655,0.0700997444578753,13,19157.4012926413,19151.4732212286,-9566.70064632067,-9562.7366106143,7.9280714127417,1,0.0048673649641949
"ReHS","ReHS_Lag3",0.592620166134375,0.014335323419679,2546.57884997061,41.3398532272282,2.84088714810526e-286,13,18502.896461327,17742.6649734144,-9239.44823066349,-8858.33248670721,762.231487912559,1,8.78747579188076e-168
"ReHS","WaterIntakeRMS_Lag3",0.000463362290519002,0.000203233724137934,219.441840874125,2.27994784076544,0.0235716099046548,13,14993.4064299132,14969.2748004486,-7484.70321495658,-7471.6374002243,26.1316294645603,1,3.18916839763234e-07
"ReHS","WaterIntakeHdRMS_Lag3",0.409393857766927,0.287605245260617,146.766588471555,1.42345754993429,0.156725910348366,13,14993.4064299132,14982.5445398277,-7484.70321495658,-7478.27226991387,12.8618900854181,1,0.000335341720783404
"ReHS","WaterIntakeVC_Lag3",0.000196606009764042,0.000392608766969674,469.162202851776,0.500768261701168,0.616769065591473,13,12430.2142935976,12751.922939967,-6203.10714679881,-6362.96146998348,0,1,1
"ReHS","WaterIntakeHdVC_Lag3",0.102178527293924,0.0163269775327203,483.269242589616,6.25826348380478,8.59165734921403e-10,13,12430.2142935976,12686.5018882542,-6203.10714679881,-6330.2509441271,0,1,1
"ReHS","TempReHS_Lag3",0.0334973368756283,0.036331094289425,14.3694936390478,0.922001870044923,0.371749543132461,13,18829.6139115908,18838.8488357455,-9402.80695579541,-9406.42441787276,0,1,1
"ReHS","LowTempRMS_Lag3",-0.0183043991471206,0.0616744848039331,2.10497745991577,-0.296790467002868,0.793368570801607,13,19013.655658246,19049.714880276,-9494.82782912298,-9511.85744013801,0,1,1
"ReHS","HiTempRMS_Lag3",0.0662506669604274,0.033349820894142,203.407170113751,1.9865374141204,0.048316099178315,13,18655.2262795187,18992.1522121755,-9315.61313975934,-9483.07610608777,0,1,1
"ReHS","TempRangeRMS_Lag3",0.097917131504594,0.0392861218593034,2546.20140974901,2.49241021690223,0.012751055770814,13,19013.6218570339,18979.0098827775,-9494.81092851695,-9476.50494138877,36.6119742563642,1,1.44143551985707e-09
"ReHS","SetPointRMS_Lag3",0.14329311010112,0.0973952831997295,1900.3750704433,1.47125307708451,0.141388250587196,13,19025.789685808,18581.9578817611,-9500.89484290399,-9277.97894088054,445.831804046902,1,5.82424508913687e-99
"ReHS","LowTempVC_Lag3",-0.177355651003497,0.0485857556463806,1.18092926389669,-3.65036312894538,0.139480040992627,13,15064.362493657,15382.9993598256,-7520.18124682851,-7678.49967991282,0,1,1
"ReHS","AvgTempVC_Lag3",0.0134512731559207,0.0463207199268101,2044.93184826074,0.290394302531882,0.771544046838439,13,14767.1253690064,14803.2154008873,-7371.56268450318,-7388.60770044366,0,1,1
"ReHS","HiTempVC_Lag3",0.0651111078025159,0.0305942664737591,23.3207198010386,2.12821274399117,0.044099299094654,13,15064.362493657,15385.9750866773,-7520.18124682851,-7679.98754333863,0,1,1
"ReHS","TempRangeVC_Lag3",0.173456823353621,0.0348259863165661,2215.75371274506,4.9806722421846,6.82579527809238e-07,13,15064.362493657,14952.6575663464,-7520.18124682851,-7463.32878317321,113.704927310611,1,1.51216865238174e-26
"ReHS","SetPointVC_Lag3",0.624930620163708,0.104941621400674,499.324843838355,5.9550311098938,4.90780801326005e-09,13,7784.11423892372,7704.75274180729,-3880.05711946186,-3839.37637090365,81.3614971164343,1,1.87984913762337e-19
"ReHS","Days_Lag4",-0.0478630060755059,0.117916790938402,31.373497780199,-0.405904924096083,0.687567672513215,13,18604.6576023744,18824.4108090353,-9290.32880118719,-9399.20540451765,0,1,1
"ReHS","Inventory_Lag4",0.000712231085333889,0.000487399833330066,2382.08216314482,1.46128709250413,0.144068562770137,13,18753.8724382309,18628.0740002816,-9364.93621911544,-9301.03700014078,127.798437949328,1,1.24240977127042e-29
"ReHS","Euth_Lag4",0.0303496281111756,0.112105210851857,2596.25094529802,0.27072450852692,0.786624445374742,13,18753.8724382309,18646.1049043042,-9364.93621911544,-9310.05245215209,109.767533926701,1,1.10183301473116e-25
"ReHS","Dead_Lag4",0.0726749767854272,0.134844365737445,2656.90062846662,0.538954493114919,0.589963409870336,13,18753.8724382309,18612.6273298106,-9364.93621911544,-9293.3136649053,143.24510842028,1,5.19564460802238e-33
"ReHS","TotalMortality_Lag4",0.0388243200811203,0.0853335128249928,2557.20411978936,0.454971543955346,0.649168332633618,13,18741.2015427247,18705.4363729997,-9358.60077136234,-9339.71818649983,37.7651697250112,1,7.97937999978739e-10
"ReHS","MortalityProportion_Lag4",-4.97942812679706,144.040313942583,2612.91443054701,-0.0345696839343319,0.972425516275287,13,18741.2015427247,18616.8630606877,-9358.60077136234,-9295.43153034384,126.338482036997,1,2.5926709015923e-29
"ReHS","Penicillin_Lag4",-0.00229006498921957,0.0183389154464191,2545.91106402084,-0.124874614091027,0.900632674836603,13,18542.4795835556,18644.508794275,-9259.23979177781,-9309.25439713751,0,1,1
"ReHS","Dexamethasone_Lag4",-0.0199182126071485,0.0100961647299494,1351.7850029406,-1.97284940766297,0.0487162062220502,13,18530.9355192063,18642.2633100494,-9253.46775960316,-9308.13165502468,0,1,1
"ReHS","Ceftiofur_Lag4",-0.0142273115483771,0.00496704610050757,1999.50963288032,-2.86434054778016,0.00422238883574666,13,18542.4795835556,18895.6419401132,-9259.23979177781,-9434.82097005659,0,1,1
"ReHS","Enroflaxin_Lag4",0.0441460461929998,0.00847147530898867,2486.62133740729,5.21114027755692,2.03103634309063e-07,13,18542.4795835556,18809.1553216367,-9259.23979177781,-9391.57766081836,0,1,1
"ReHS","Tetracycline_Lag4",0.0501557871025337,0.0205676148047178,2336.19561469793,2.43858063167485,0.0148190925514578,13,18542.4795835556,18833.7734039384,-9259.23979177781,-9403.88670196918,0,1,1
"ReHS","Lincomycin_Lag4",-0.0444524648255651,0.0170166721828436,2638.87330499238,-2.61228895684919,0.00904482448070486,13,18542.4795835556,18751.6285032189,-9259.23979177781,-9362.81425160944,0,1,1
"ReHS","OtherTreatments_Lag4",-0.0288105886195465,0.029512187899,2600.09160593731,-0.976226795456352,0.329042903363225,13,18542.4795835556,18884.6565477495,-9259.23979177781,-9429.32827387477,0,1,1
"ReHS","TotalTreatments_Lag4",-0.00396364075195597,0.00375525483590257,2548.49573041536,-1.05549181750892,0.291300497992252,13,18530.9355192063,18854.8251752796,-9253.46775960316,-9414.41258763979,0,1,1
"ReHS","TreatmentProportion_Lag4",-9.82829347856019,8.06862389071465,2621.79539532059,-1.21808794308414,0.223300160431064,13,18542.4795835556,18513.4520023268,-9259.23979177781,-9243.72600116341,31.0275812287946,1,2.54387680382357e-08
"ReHS","WaterMedications_Lag4",1.56020263286944,0.493668381510769,2535.47322597124,3.16042649540318,0.00159396229822617,13,18753.8724382309,18932.9282075788,-9364.93621911544,-9453.46410378938,0,1,1
"ReHS","ReHS_Lag4",0.317612948442757,0.0173253673263678,1.94441726424194,18.3322490345919,0.00336053236600772,13,18650.6080951431,18287.1669659947,-9313.30404757157,-9130.58348299736,365.441129148418,1,1.84000089945483e-81
"ReHS","WaterIntakeRMS_Lag4",0.000483977917057996,0.000201245785721326,2037.62949106548,2.40490957524041,0.0162651494724121,13,14787.0871112404,14808.9030213054,-7381.54355562019,-7391.45151065271,0,1,1
"ReHS","WaterIntakeHdRMS_Lag4",0.500154088091957,0.284851706070342,2028.94300037659,1.75584024049499,0.0792665667352606,13,14787.0871112404,14800.9033424564,-7381.54355562019,-7387.45167122819,0,1,1
"ReHS","WaterIntakeVC_Lag4",-4.84501300779752e-05,0.000386830501136325,1.53807456551204,-0.125248991317002,0.914708388060098,13,12514.2039602315,12596.1361338067,-6245.10198011573,-6285.06806690334,0,1,1
"ReHS","WaterIntakeHdVC_Lag4",0.0644486827496051,0.0160423656123557,254.144175003319,4.01740518243564,7.75465794362764e-05,13,12514.2039602315,12525.3644673251,-6245.10198011573,-6249.68223366254,0,1,1
"ReHS","TempReHS_Lag4",0.0263561263123829,0.0363507581178327,19.0696511699359,0.725050251412866,0.477224682160587,13,18642.2337811891,18651.6902799913,-9309.11689059453,-9312.84513999566,0,1,1
"ReHS","LowTempRMS_Lag4",0.0274402440609101,0.0619385732054529,2588.75003013563,0.443023509274094,0.657785747317233,13,18473.5258745228,18478.5810375722,-9224.76293726139,-9226.29051878611,0,1,1
"ReHS","HiTempRMS_Lag4",0.0613245495377079,0.0331626077601021,2613.71094463719,1.8492076974564,0.0645406685100922,13,18452.7554276672,18646.0905000795,-9214.37771383358,-9310.04525003977,0,1,1
"ReHS","TempRangeRMS_Lag4",0.0822050042564139,0.0389113705405622,2593.2091745868,2.11262166082589,0.0347285029666371,13,18400.998769781,18583.5871260918,-9188.4993848905,-9278.79356304588,0,1,1
"ReHS","SetPointRMS_Lag4",0.209473554966837,0.096538145462705,6.77336485485717,2.16985269359418,0.0679216674198993,13,18455.0706933895,18838.5126249654,-9215.53534669475,-9406.25631248268,0,1,1
"ReHS","LowTempVC_Lag4",-0.112857592373089,0.0484519811288786,1.29205473895142,-2.3292668275606,0.210433780427387,13,15226.7201035336,15220.5977777887,-7601.3600517668,-7597.29888889433,8.12232574493282,1,0.00437234314597355
"ReHS","AvgTempVC_Lag4",0.0170902160076767,0.0457823389133191,0.32737459000795,0.373292767764314,0.837409361702815,13,14974.5156622882,14997.4605851261,-7475.25783114412,-7485.73029256303,0,1,1
"ReHS","HiTempVC_Lag4",0.0614409315471452,0.0303170830972494,228.806149591109,2.02661091603234,0.0438623686133485,13,15226.7201035336,15212.4049467939,-7601.3600517668,-7593.20247339697,16.315156739649,1,5.36332497355956e-05
"ReHS","TempRangeVC_Lag4",0.132911845437926,0.0346592280681156,2124.05993758725,3.83481839747599,0.000129317204857762,13,15226.7201035336,14810.2502130982,-7601.3600517668,-7392.12510654912,418.469890435366,1,5.25404922428505e-93
"ReHS","SetPointVC_Lag4",0.934500290434747,0.10209396026482,516.78834180315,9.15333569205037,1.27921758055451e-18,13,7494.72108313106,7406.21908195709,-3735.36054156553,-3690.10954097854,90.5020011739716,1,1.84789903569343e-21
"ReHS","Days_Lag5",-0.0304665971101938,0.112899286679026,34.2447900626299,-0.269856418108386,0.788890290685082,13,18346.676853108,18364.5375199797,-9161.338426554,-9169.26875998985,0,1,1
"ReHS","Inventory_Lag5",0.00059403628665968,0.0004795227585362,2328.95407286898,1.23880728512875,0.215541713137001,13,18288.1815006085,18387.6524570139,-9132.09075030426,-9180.82622850697,0,1,1
"ReHS","Euth_Lag5",-0.100046006721869,0.111010337895446,1432.94881658189,-0.901231440409605,0.367616722665556,13,18288.1815006085,18773.1232472114,-9132.09075030426,-9373.56162360568,0,1,1
"ReHS","Dead_Lag5",0.216522840336428,0.133150278320099,2194.58139120626,1.6261538696592,0.104060499510156,13,18288.1815006085,18749.3655521372,-9132.09075030426,-9361.68277606859,0,1,1
"ReHS","TotalMortality_Lag5",0.023583232114494,0.0843507959922045,2579.85399193334,0.279585175659439,0.779818194260043,13,18322.1298583354,18337.8008636652,-9149.06492916771,-9155.90043183258,0,1,1
"ReHS","MortalityProportion_Lag5",151.407192293873,141.795433707955,1413.97655688005,1.0677860939141,0.285799278327356,13,18322.1298583354,18755.5513815792,-9149.06492916771,-9364.77569078958,0,1,1
"ReHS","Penicillin_Lag5",0.00487938602049001,0.0181474498373696,171.586495586067,0.268874473505488,0.788349298115497,13,18320.6750598339,18749.2428412993,-9148.33752991694,-9361.62142064963,0,1,1
"ReHS","Dexamethasone_Lag5",-0.0251137227113585,0.0101341783935762,519.544016607026,-2.47812123844962,0.0135242537019701,13,18322.3071442891,18319.0898254173,-9149.15357214457,-9146.54491270867,5.21731887178612,1,0.0223630043566862
"ReHS","Ceftiofur_Lag5",-0.0222096619902382,0.00492354901370749,2583.79344476867,-4.51090502570504,6.74355117616988e-06,13,18320.6750598339,18322.5169247377,-9148.33752991694,-9148.25846236884,0.158135096200567,1,0.690879324090014
"ReHS","Enroflaxin_Lag5",0.0410025945990926,0.00841821493013275,2635.2563890319,4.8706994225492,1.17783756606403e-06,13,18320.6750598339,18405.4722871989,-9148.33752991694,-9189.73614359943,0,1,1
"ReHS","Tetracycline_Lag5",0.0287532062058786,0.0204420767188434,1134.799291862,1.40656972387615,0.159828799418512,13,18320.6750598339,18714.6025326668,-9148.33752991694,-9344.30126633339,0,1,1
"ReHS","Lincomycin_Lag5",-0.0460992372728634,0.0170076353154098,2535.31312530812,-2.710502454806,0.0067633973977031,13,18320.6750598339,18311.3867211635,-9148.33752991694,-9142.69336058175,11.2883386703834,1,0.000779954441024794
"ReHS","OtherTreatments_Lag5",-0.0378948666828573,0.0292632495509065,2562.59421943245,-1.29496440977736,0.195449163914749,13,18320.6750598339,18402.8503871973,-9148.33752991694,-9188.42519359866,0,1,1
"ReHS","TotalTreatments_Lag5",-0.00999114175973653,0.00372208195967873,1892.54095859566,-2.68428848906887,0.00733181799351986,13,18322.3071442891,18712.2410212282,-9149.15357214457,-9343.12051061408,0,1,1
"ReHS","TreatmentProportion_Lag5",-15.2458696541815,7.96463665918788,2615.51246814516,-1.91419524914474,0.0557042236383586,13,18320.6750598339,18317.923552451,-9148.33752991694,-9145.96177622551,4.75150738285447,1,0.0292726413349679
"ReHS","WaterMedications_Lag5",1.70214812008597,0.490038324619206,873.558272266037,3.47349999902284,0.000538961194427596,13,18288.1815006085,18752.5333816588,-9132.09075030426,-9363.2666908294,0,1,1
"ReHS","ReHS_Lag5",0.164665490394638,0.017842859959446,66.0468181614169,9.22864892561488,1.69938167745614e-13,13,18360.6620149557,18174.4761773499,-9168.33100747786,-9074.23808867493,188.185837605859,1,7.91285593991546e-43
"ReHS","WaterIntakeRMS_Lag5",0.000346631719281147,0.000200855581083893,312.14744015198,1.72577589037154,0.085377337351114,13,14770.4502611264,14778.9553190471,-7373.22513056321,-7376.47765952356,0,1,1
"ReHS","WaterIntakeHdRMS_Lag5",0.434418222407187,0.285571295817416,1648.74178005668,1.52122509779463,0.128395108917558,13,14770.4502611264,14410.5616907358,-7373.22513056321,-7192.28084536788,361.888570390651,1,1.09233572463101e-80
"ReHS","WaterIntakeVC_Lag5",-6.16767295139374e-05,0.00038618699418733,1206.03996555771,-0.159706904795503,0.87313870360759,13,12271.0771725861,12301.0477080154,-6123.53858629306,-6137.52385400768,0,1,1
"ReHS","WaterIntakeHdVC_Lag5",-0.00503579876580934,0.0159073942777522,1766.31795086674,-0.31656968312229,0.751607550747428,13,12271.0771725861,12318.7929698782,-6123.53858629306,-6146.39648493912,0,1,1
"ReHS","TempReHS_Lag5",0.0174417554864106,0.0357218909314765,5.84075467459815,0.488265179462875,0.643148773191768,13,17956.192551942,18352.4988485542,-8966.09627597102,-9163.24942427711,0,1,1
"ReHS","LowTempRMS_Lag5",0.0151482870252293,0.0612281072588035,2603.42026658252,0.247407403289464,0.80461245432194,13,18228.8788063417,18332.8764387006,-9102.43940317084,-9153.4382193503,0,1,1
"ReHS","HiTempRMS_Lag5",0.0412306634543414,0.0328624051193473,399.44440337713,1.25464534030917,0.210341147855861,13,18334.8685360588,18643.7368923151,-9155.43426802939,-9308.86844615757,0,1,1
"ReHS","TempRangeRMS_Lag5",0.0492292224159103,0.0387201635580772,2557.4184342341,1.27141049758404,0.203698267044322,13,18271.4232863679,18258.7554252426,-9123.71164318393,-9116.37771262132,14.66786112521,1,0.000128213904367598
"ReHS","SetPointRMS_Lag5",0.233366180878784,0.0950631758848125,1924.65654263863,2.45485361399615,0.014182134975325,13,18254.3712327474,18378.8863154673,-9115.18561637372,-9176.44315773367,0,1,1
"ReHS","LowTempVC_Lag5",-0.0294753414358185,0.0475068654292606,2172.38681225229,-0.620443827844385,0.535030706077424,13,14946.1129083011,14857.237636474,-7461.05645415054,-7415.61881823702,90.875271827048,1,1.53020099692995e-21
"ReHS","AvgTempVC_Lag5",0.0187437805713501,0.0446452457331274,7.01090242372122,0.419838221596839,0.687170447910272,13,14748.6484623571,14749.8233517239,-7362.32423117853,-7361.91167586194,0.825110633182703,1,0.363690161499526
"ReHS","HiTempVC_Lag5",0.0394518808564213,0.0297047424639602,2136.74979725547,1.32813408176445,0.184275659684034,13,14946.1129083011,14897.6495298987,-7461.05645415054,-7435.82476494937,50.4633784023445,1,1.21409333160743e-12
"ReHS","TempRangeVC_Lag5",0.0674880187743871,0.0339109156412746,1157.64394683135,1.99015619301781,0.0468086123864181,13,14946.1129083011,14915.4356797645,-7461.05645415054,-7444.71783988226,32.6772285365769,1,1.08804474096516e-08
"ReHS","SetPointVC_Lag5",0.786527854984327,0.0953428474154856,386.406768259046,8.24946890412022,2.52855537611359e-15,13,7363.14741851288,7386.88037693835,-3669.57370925644,-3680.44018846917,0,1,1
"ReHS","Days_Lag6",-0.090369564554526,0.104905007960038,31.697100837782,-0.861441854033804,0.395464871584596,13,18177.6811327611,18295.6778210444,-9076.84056638054,-9134.83891052222,0,1,1
"ReHS","Inventory_Lag6",0.000442337969235137,0.00046834494918765,15.8510561037313,0.94447045922536,0.359104221002945,13,18595.7564628143,18554.709745057,-9285.87823140717,-9264.35487252848,43.046717757381,1,5.34482096661588e-11
"ReHS","Euth_Lag6",-0.421896216485883,0.111095811914557,2554.14824185394,-3.79758884889702,0.000149515050707922,13,18595.7564628143,18296.1048789952,-9285.87823140717,-9135.05243949762,301.65158381909,1,1.43863333971072e-67
"ReHS","Dead_Lag6",0.411740033576354,0.13307658558997,301.795689015344,3.09400809880252,0.0021596565664936,13,18595.7564628143,18612.8303325557,-9285.87823140717,-9293.41516627786,0,1,1
"ReHS","TotalMortality_Lag6",-0.0737549980778253,0.084735316070653,2594.4446273237,-0.870416273851245,0.384153482167383,13,18610.669438589,18148.5306668325,-9293.33471929451,-9061.26533341624,464.138771756538,1,6.04270953964866e-103
"ReHS","MortalityProportion_Lag6",-71.6003743851702,142.907346758892,145.378187174049,-0.501026546283669,0.617110202859592,13,18610.669438589,18615.1119095525,-9293.33471929451,-9294.55595477623,0,1,1
"ReHS","Penicillin_Lag6",-0.00335854481535156,0.0182984514920072,2219.74118733793,-0.183542570081331,0.854389083422813,13,18316.2804186618,18148.0124460376,-9146.14020933092,-9061.0062230188,170.267972624242,1,6.4660470018859e-39
"ReHS","Dexamethasone_Lag6",-0.018366243875989,0.0102068177945994,1161.93640607332,-1.79940939924556,0.0722133104647117,13,18152.0072189968,18157.7109513922,-9064.00360949842,-9065.8554756961,0,1,1
"ReHS","Ceftiofur_Lag6",-0.0107610262667133,0.00492790727155426,594.903892034793,-2.18369090036049,0.029374866090864,13,18316.2804186618,18625.4984357269,-9146.14020933092,-9299.74921786346,0,1,1
"ReHS","Enroflaxin_Lag6",0.0402708156571613,0.00842189695681928,2519.50657014161,4.78167993073742,1.83849938540624e-06,13,18316.2804186618,18145.3756430179,-9146.14020933092,-9059.68782150893,172.904775643983,1,1.71697967819641e-39
"ReHS","Tetracycline_Lag6",0.0149835993821048,0.0250695311313822,2555.17057276597,0.597681675958761,0.550105318607337,13,18316.2804186618,18204.9980640316,-9146.14020933092,-9089.49903201582,113.282354630202,1,1.87135237786437e-26
"ReHS","Lincomycin_Lag6",-0.036042908908165,0.0170284106574814,2570.72859483026,-2.11663376184375,0.0343867819569446,13,18316.2804186618,18189.6506834395,-9146.14020933092,-9081.82534171975,128.629735222341,1,8.17267418944604e-30
"ReHS","OtherTreatments_Lag6",-0.0249985128321622,0.0291865184986982,2543.6596969697,-0.856508899246658,0.391797032327977,13,18316.2804186618,18166.7381801705,-9146.14020933092,-9070.36909008525,151.542238491344,1,7.97763592184254e-35
"ReHS","TotalTreatments_Lag6",-0.00337340296334965,0.00374043467831331,1787.63904086233,-0.90187458236026,0.367244989132715,13,18152.0072189968,18561.5216029409,-9064.00360949842,-9267.76080147047,0,1,1
"ReHS","TreatmentProportion_Lag6",-8.12025768903491,8.04164000783368,2573.51089260131,-1.00977632437222,0.312697394589279,13,18316.2804186618,18271.9078364479,-9146.14020933092,-9122.95391822396,46.3725822139204,1,9.77741257793278e-12
"ReHS","WaterMedications_Lag6",1.43503476722522,0.492860039365395,1518.55195779165,2.91164763341935,0.00364775905709323,13,18595.7564628143,18624.1784681383,-9285.87823140717,-9299.08923406914,0,1,1
"ReHS","ReHS_Lag6",0.0607289440196394,0.0180414910815562,17.6945565924012,3.36607122688006,0.00350621701419282,13,17992.872842753,18099.5605202113,-8984.43642137648,-9036.78026010564,0,1,1
"ReHS","WaterIntakeRMS_Lag6",0.000321203200684204,0.000200225823430475,2038.86046382807,1.60420466841399,0.108823825110539,13,14699.9666215048,14292.339867312,-7337.9833107524,-7133.16993365599,409.62675419281,1,4.41949437493276e-91
"ReHS","WaterIntakeHdRMS_Lag6",0.484082245454071,0.286244558745257,1980.79553871384,1.69114916131866,0.0909656290533047,13,14699.9666215048,14349.4928760918,-7337.9833107524,-7161.7464380459,352.473745413001,1,1.22589094428205e-78
"ReHS","WaterIntakeVC_Lag6",4.73666938751406e-05,0.000379836130698109,1285.42548730551,0.124702970694453,0.900778203578683,13,11984.6398793731,12203.4465666921,-5980.31993968657,-6088.72328334605,0,1,1
"ReHS","WaterIntakeHdVC_Lag6",-0.00231241417480625,0.0158311237572683,1709.43391446866,-0.146067595090626,0.883885249430325,13,11984.6398793731,11910.8660487737,-5980.31993968657,-5942.43302438684,75.7738305994735,1,3.18088930962839e-18
"ReHS","TempReHS_Lag6",0.0127009692737184,0.0354557774548982,2378.03681697615,0.358220019004652,0.72021046164279,13,18115.8069464253,17670.4106660868,-9045.90347321265,-8822.20533304342,447.396280338475,1,2.65925900994563e-99
"ReHS","LowTempRMS_Lag6",-0.0153729693741878,0.061128814005519,2602.23333349534,-0.251484829605886,0.80145914707151,13,18502.9306351382,18151.9155954454,-9239.46531756911,-9062.95779772271,353.015039692807,1,9.34501328499951e-79
"ReHS","HiTempRMS_Lag6",0.0396591809930026,0.0328862793556923,1468.48007118092,1.20594916086602,0.228031357071762,13,18496.0176335678,18227.0632478961,-9236.00881678391,-9100.53162394806,270.954385671706,1,7.02920793487414e-61
"ReHS","TempRangeRMS_Lag6",0.0636773864785188,0.0385180524455714,892.625018042741,1.6531829216573,0.0986452688109854,13,18179.8312929686,18490.4572629196,-9077.91564648432,-9232.22863145981,0,1,1
"ReHS","SetPointRMS_Lag6",0.259628330512513,0.0951634539126572,0.912743553752761,2.7282356812186,0.242488436330496,13,18108.3717079844,18541.2168337018,-9042.18585399219,-9257.60841685088,0,1,1
"ReHS","LowTempVC_Lag6",-0.00945779451035181,0.0474807871266528,1712.78021967936,-0.199192032876868,0.842136174280875,13,14697.4114872985,14718.8515467296,-7336.70574364923,-7346.42577336478,0,1,1
"ReHS","AvgTempVC_Lag6",0.00994180236645251,0.0446602974167616,2082.36583380229,0.222609407941856,0.823861345215105,13,14555.2921741608,14535.4595655613,-7265.64608708039,-7254.72978278065,21.8326085994722,1,2.97500880692756e-06
"ReHS","HiTempVC_Lag6",0.0379837698151639,0.0296030982566179,1529.19759476597,1.28310116346259,0.199651059899595,13,14697.4114872985,14741.9332248326,-7336.70574364923,-7357.9666124163,0,1,1
"ReHS","TempRangeVC_Lag6",0.0526139647732236,0.0336517004365992,2156.30396767926,1.56348606728953,0.118085048291416,13,14697.4114872985,14675.0405517959,-7336.70574364923,-7324.52027589793,24.3709355025949,1,7.94584950522199e-07
"ReHS","SetPointVC_Lag6",0.595995187520774,0.0931677052464805,4.07217173012995,6.39701478043315,0.00288395685028122,13,7218.01982964864,7176.32259954182,-3597.00991482432,-3575.16129977091,43.6972301068126,1,3.83313911781007e-11
"ReHS","Days_Lag7",-0.112278388240401,0.170167701174377,10.7882323386097,-0.659810219363225,0.523211905959121,13,18118.8260133096,18115.7314280833,-9047.41300665478,-9044.86571404166,5.09458522624118,1,0.0240006531562263
"ReHS","Inventory_Lag7",0.000258220043163564,0.000472520623377656,2422.68051803134,0.546473593719073,0.584790757005945,13,18015.8050389303,18019.1749299901,-8995.90251946517,-8996.58746499503,0,1,1
"ReHS","Euth_Lag7",-0.318508094527202,0.111393694963572,1828.23818604861,-2.85930092032013,0.00429391373147332,13,18015.8050389303,18436.7907287322,-8995.90251946517,-9205.39536436609,0,1,1
"ReHS","Dead_Lag7",0.305688365769717,0.133198424088433,2544.62971465772,2.29498485332503,0.0218150194836167,13,18015.8050389303,18039.739428618,-8995.90251946517,-9006.86971430901,0,1,1
"ReHS","TotalMortality_Lag7",-0.0536016260307797,0.0846522202007211,2519.78506793079,-0.633198112272584,0.526661740511878,13,18037.2734015894,18273.2876030514,-9006.63670079469,-9123.64380152568,0,1,1
"ReHS","MortalityProportion_Lag7",49.8334136668746,141.749632445869,489.425519662707,0.351559385424896,0.725320029428564,13,18037.2734015894,18430.6927691902,-9006.63670079469,-9202.34638459509,0,1,1
"ReHS","Penicillin_Lag7",-0.00750309209262719,0.0183533882623329,2391.65291732519,-0.408812366707568,0.682713965885979,13,17982.766468097,18040.3047465653,-8979.38323404848,-9007.15237328266,0,1,1
"ReHS","Dexamethasone_Lag7",-0.0139307338199496,0.0101185146825009,1438.02549976562,-1.3767567925796,0.168801752242814,13,18073.4201689478,18385.083570207,-9024.7100844739,-9179.54178510352,0,1,1
"ReHS","Ceftiofur_Lag7",-0.012062807611691,0.00493122221304778,2574.76949915364,-2.4462105114171,0.0145031494510138,13,17982.766468097,18035.6419958149,-8979.38323404848,-9004.82099790747,0,1,1
"ReHS","Enroflaxin_Lag7",0.0374856031088403,0.00840000521822825,1801.32264102834,4.46256902644483,8.59937941351022e-06,13,17982.766468097,18384.7615173906,-8979.38323404848,-9179.38075869532,0,1,1
"ReHS","Tetracycline_Lag7",0.0314901203094053,0.0250688654034799,2458.28324477407,1.25614461614342,0.209182905594793,13,17982.766468097,18036.0626796649,-8979.38323404848,-9005.03133983243,0,1,1
"ReHS","Lincomycin_Lag7",-0.0353109117007666,0.0172356452357042,2486.28628372281,-2.0487142325034,0.0405948445300428,13,17982.766468097,18042.7106067191,-8979.38323404848,-9008.35530335957,0,1,1
"ReHS","OtherTreatments_Lag7",-0.0269509655522129,0.029056424717618,2508.53912302156,-0.92753894583154,0.353736012924957,13,17982.766468097,18207.4003175531,-8979.38323404848,-9090.70015877654,0,1,1
"ReHS","TotalTreatments_Lag7",-0.00294953228530694,0.00377539089560921,1175.08962683526,-0.78125215821685,0.434811567451689,13,18073.4201689478,18015.704528941,-9024.7100844739,-8994.85226447052,59.7156400067688,1,1.09602074953798e-14
"ReHS","TreatmentProportion_Lag7",-5.340387032297,7.98780838627747,1506.48233029841,-0.668567243234256,0.503874000048797,13,17982.766468097,18420.7914736938,-8979.38323404848,-9197.39573684692,0,1,1
"ReHS","WaterMedications_Lag7",1.37020928399966,0.491031721349495,2546.37668940038,2.79046999292416,0.00530236486588689,13,18015.8050389303,18018.1566361111,-8995.90251946517,-8996.07831805555,0,1,1
"ReHS","ReHS_Lag7",0.00329609588834596,0.0181439267721265,0.0397127271270045,0.181663866358277,0.96852880609782,13,17969.8032206694,18014.2436568832,-8972.9016103347,-8994.12182844158,0,1,1
"ReHS","WaterIntakeRMS_Lag7",0.000311326123013068,0.000199633609080567,1456.8369301709,1.55948752540673,0.119098228675299,13,14211.8315806516,14505.2799031515,-7093.9157903258,-7239.63995157573,0,1,1
"ReHS","WaterIntakeHdRMS_Lag7",0.543571135078315,0.284035410415337,1755.65677171469,1.9137442556316,0.0558152924182584,13,14211.8315806516,14540.6862645591,-7093.9157903258,-7257.34313227953,0,1,1
"ReHS","WaterIntakeVC_Lag7",0.000105462161892131,0.000380162911555236,7.43122972115224,0.27741307393898,0.78902275279136,13,12094.0845841458,12089.3789234846,-6035.04229207292,-6031.68946174229,6.70566066124775,1,0.00961073156097516
"ReHS","WaterIntakeHdVC_Lag7",-0.0155101748546383,0.0159000388572146,0.279988566241309,-0.975480311332732,0.698154511125568,13,12094.0845841458,12090.6083649272,-6035.04229207292,-6032.30418246359,5.47621921865357,1,0.0192769094724264
"ReHS","TempReHS_Lag7",0.00933138359716105,0.035387539317509,33.9352876473757,0.263691225135399,0.793612544330191,13,17580.471719618,17871.181756634,-8778.23585980898,-8922.59087831701,0,1,1
"ReHS","LowTempRMS_Lag7",-0.00979120794343687,0.0611198897621813,2589.02502712882,-0.160196753978691,0.872738583393582,13,18364.4676956028,17984.8395988056,-9170.23384780141,-8979.41979940281,381.628096797198,1,5.50175133441834e-85
"ReHS","HiTempRMS_Lag7",0.035857681615636,0.0331911531503187,2507.9571330285,1.08033853036805,0.280095335037598,13,17916.5021992544,18022.7467740705,-8946.25109962718,-8998.37338703527,0,1,1
"ReHS","TempRangeRMS_Lag7",0.0476101608434507,0.0389085990163778,2499.53278830463,1.22364109855023,0.221202984475427,13,18189.5359128479,17913.2559636583,-9082.76795642397,-8943.62798182914,278.279949189662,1,1.78003714207346e-62
"ReHS","SetPointRMS_Lag7",0.217390826451606,0.0949440402926085,17.3472090749408,2.28967321994754,0.0348267165413787,13,17926.453794917,18339.955432322,-8951.22689745848,-9156.977716161,0,1,1
"ReHS","LowTempVC_Lag7",0.0125871879962574,0.0470275814410324,211.953707303779,0.267655439862253,0.789224829399113,13,14558.0978551168,14612.725896661,-7267.04892755841,-7293.36294833052,0,1,1
"ReHS","AvgTempVC_Lag7",0.00978791194062978,0.0441691961352731,2031.15831830156,0.221600409268333,0.824647239772807,13,14261.1445617407,14009.0955573209,-7118.57228087035,-6991.54777866045,254.049004419807,1,3.40210685671572e-57
"ReHS","HiTempVC_Lag7",0.0237528254262773,0.029312997209585,2052.4672933321,0.810317186483764,0.417851840694057,13,14558.0978551168,14597.4863380197,-7267.04892755841,-7285.74316900986,0,1,1
"ReHS","TempRangeVC_Lag7",0.0258805780202871,0.0334639667419816,1320.45168310388,0.773386437412966,0.439432139710419,13,14558.0978551168,14618.0440532246,-7267.04892755841,-7296.02202661229,0,1,1
"ReHS","SetPointVC_Lag7",0.643603535869532,0.0649337545276458,372.920641623829,9.91169447310358,1.03793342529243e-20,13,7109.86893649733,6960.08534203969,-3542.93446824867,-3467.04267101985,151.783594457644,1,7.06518073908441e-35
"ReHS","Days_Lag8",-0.0328178504795054,0.106054284260178,33.6456208799525,-0.309443891950607,0.758892235062071,13,17893.4026213099,17887.0877669775,-8934.70131065495,-8930.54388348876,8.31485433238413,1,0.00393221574555328
"ReHS","Inventory_Lag8",0.000124404362293725,0.000465984251989429,1390.06219384603,0.266971172872483,0.789530956241728,13,18311.1309730029,18264.30438351,-9143.56548650145,-9119.15219175501,48.82658949287,1,2.79623164610321e-12
"ReHS","Euth_Lag8",-0.225952256405802,0.117172457784494,2345.86356562316,-1.92837344780612,0.0539292382071501,13,18311.1309730029,17820.5160043367,-9143.56548650145,-8897.25800216835,492.614968666185,1,3.8443930335906e-109
"ReHS","Dead_Lag8",0.28190669595441,0.132021454700693,2536.38056314133,2.13530972366214,0.0328312663236756,13,18311.1309730029,17846.3587824668,-9143.56548650145,-8910.17939123341,466.77219053607,1,1.61498598396757e-103
"ReHS","TotalMortality_Lag8",0.00795844109446115,0.0868043001701457,2525.9870682117,0.0916825673251413,0.926957518135824,13,18278.4320497812,17911.2550091524,-9127.21602489062,-8942.62750457618,369.177040628878,1,2.82734236423785e-82
"ReHS","MortalityProportion_Lag8",105.355393144561,146.129553540221,2504.58237707211,0.720972524668414,0.470993708226484,13,18278.4320497812,18292.7452318199,-9127.21602489062,-9133.37261590994,0,1,1
"ReHS","Penicillin_Lag8",-0.0177150434828207,0.0186776719123395,2372.5953554034,-0.948461005523774,0.342991408739595,13,18311.1309730029,17982.9075821056,-9143.56548650145,-8978.45379105282,330.223390897252,1,8.59275781502237e-74
"ReHS","Dexamethasone_Lag8",-0.0107711185817099,0.0102010441267464,1108.3474243077,-1.05588393186819,0.291251343305776,13,18303.600217313,18309.5256124083,-9139.80010865652,-9141.76280620413,0,1,1
"ReHS","Ceftiofur_Lag8",-0.00385808024049643,0.00491296445215555,158.539040942418,-0.785285600591656,0.433458103161018,13,18311.1309730029,18305.5468040319,-9143.56548650145,-9139.77340201596,7.58416897096322,1,0.00588831025443851
"ReHS","Enroflaxin_Lag8",0.0277034423568905,0.00838955779866727,208.90311711905,3.30213379795671,0.00112859328795513,13,18311.1309730029,18244.4588421437,-9143.56548650145,-9109.22942107185,68.6721308591877,1,1.16272522432411e-16
"ReHS","Tetracycline_Lag8",0.0670917426998164,0.0248825036299057,5.1033640007129,2.696342124479,0.0420777724671553,13,18311.1309730029,18280.5629005074,-9143.56548650145,-9127.28145025369,32.5680724955128,1,1.15089933496873e-08
"ReHS","Lincomycin_Lag8",-0.0369444970925447,0.0174865076111895,2456.72754885473,-2.11274303102719,0.0347233954391295,13,18311.1309730029,17924.8174443754,-9143.56548650145,-8949.40872218768,388.313528627539,1,1.92764090613812e-86
"ReHS","OtherTreatments_Lag8",-0.0674946130592905,0.0290859929485372,2395.95394637373,-2.32051947405443,0.0203963753717853,13,18311.1309730029,17919.9360156413,-9143.56548650145,-8946.96800782065,393.1949573616,1,1.66854665136705e-87
"ReHS","TotalTreatments_Lag8",-0.000281362011945067,0.00376028149684926,60.7153837832278,-0.0748247204845755,0.940600163545773,13,18303.600217313,18298.9667987558,-9139.80010865652,-9136.4833993779,6.63341855724502,1,0.0100083007143822
"ReHS","TreatmentProportion_Lag8",-4.6420350434514,8.03215576526878,2539.80442852285,-0.577931402117929,0.563361667228644,13,18311.1309730029,17950.0252124956,-9143.56548650145,-8962.01260624779,363.105760507307,1,5.93364410793536e-81
"ReHS","WaterMedications_Lag8",1.10971170502599,0.495108639595653,2513.11471984242,2.24134991046062,0.0250903894835964,13,18311.1309730029,17886.8798991118,-9143.56548650145,-8930.43994955588,426.251073891141,1,1.06377482422397e-94
"ReHS","ReHS_Lag8",-0.0467032611660917,0.018388059817409,1282.81841554652,-2.53986889480722,0.0112065789236897,13,17458.7901847708,17353.612560178,-8717.39509238538,-8663.80628008898,107.177624592809,1,4.07006046214822e-25
"ReHS","WaterIntakeRMS_Lag8",0.000241274457225616,0.000196155541720334,80.234783679304,1.23001601234193,0.222285467105221,13,14391.6569292517,14391.5547812407,-7183.82846462586,-7182.77739062037,2.10214801096481,1,0.147092370532435
"ReHS","WaterIntakeHdRMS_Lag8",0.522058719380196,0.279124235028234,1945.09356500412,1.87034536548712,0.0615859535253296,13,14391.6569292517,14358.4550235751,-7183.82846462586,-7166.22751178757,35.2019056765712,1,2.97232549222949e-09
"ReHS","WaterIntakeVC_Lag8",-0.000159291311419452,0.000380736750754696,427.945060706025,-0.418376505823788,0.675881733709943,13,12009.4799020277,12002.6489310778,-5992.73995101387,-5988.32446553888,8.83097094997356,1,0.00296160770860165
"ReHS","WaterIntakeHdVC_Lag8",-0.00566198736860982,0.0157952819141523,18.4556843575274,-0.358460671951463,0.724066202732181,13,12009.4799020277,12022.9355727419,-5992.73995101387,-5998.46778637095,0,1,1
"ReHS","TempReHS_Lag8",0.0303162502872401,0.0355145326902053,2456.63543980866,0.853629429723601,0.393393571725828,13,17656.5312290344,17304.7667996186,-8816.26561451719,-8639.38339980932,353.76442941574,1,6.41791712858322e-79
"ReHS","LowTempRMS_Lag8",0.0348150094329095,0.0614233969514037,51.5698471961332,0.566803712605704,0.573306414469209,13,17820.0508142619,18166.4190310706,-8898.02540713095,-9070.20951553529,0,1,1
"ReHS","HiTempRMS_Lag8",0.0208224021962304,0.0331074542177363,2525.68394861069,0.62893395726801,0.529449169881877,13,17885.3092106968,17781.095238869,-8930.65460534841,-8877.54761943451,106.213971827812,1,6.618833988144e-25
"ReHS","TempRangeRMS_Lag8",0.0167159221354181,0.0387753456460635,2505.20114008682,0.43109666353458,0.66643517670912,13,17958.423194758,17770.461862222,-8967.211597379,-8872.23093111101,189.96133253599,1,3.24168878950071e-43
"ReHS","SetPointRMS_Lag8",0.153310924310459,0.0949547054259734,0.122950864392778,1.61456900553475,0.764315285753713,13,17819.4914991937,18233.5922914284,-8897.74574959685,-9103.79614571419,0,1,1
"ReHS","LowTempVC_Lag8",0.0852500025050674,0.0467503075000825,354.23187579484,1.82351747108652,0.0690676162256593,13,14276.1648080573,14426.8663344982,-7126.08240402863,-7200.43316724909,0,1,1
"ReHS","AvgTempVC_Lag8",0.00522767804360767,0.0439149937389524,214.275465371745,0.11904084683885,0.905354521791732,13,14226.4637644066,14227.5205854445,-7101.23188220331,-7100.76029272227,0.94317896208122,1,0.331461632704192
"ReHS","HiTempVC_Lag8",0.0207357704845184,0.0294260114910955,2036.20014153248,0.704674858527569,0.481093189778822,13,14276.1648080573,14315.870686596,-7126.08240402863,-7144.93534329801,0,1,1
"ReHS","TempRangeVC_Lag8",-0.0177727336115421,0.0333098500796729,2111.47639042838,-0.533557898610532,0.59370360228878,13,14276.1648080573,14374.3296293807,-7126.08240402863,-7174.16481469033,0,1,1
"ReHS","SetPointVC_Lag8",0.478426785819072,0.0776764930905085,484.874288054519,6.15922226640189,1.53632239110549e-09,13,7134.45202373314,6999.44987333229,-3555.22601186657,-3486.72493666615,137.002150400841,1,1.20454571521753e-31
"ReHS","Days_Lag9",-0.0666105246148301,0.1249021951447,28.0179618831376,-0.533301472705594,0.598030365289592,13,17867.7474776714,17838.6695716009,-8921.87373883569,-8906.33478580043,31.0779060705245,1,2.47876838962222e-08
"ReHS","Inventory_Lag9",7.68946488805029e-05,0.000465544755724973,2160.38087868275,0.165171335161446,0.868824579985052,13,18147.6083680362,17747.5252056578,-9061.80418401811,-8860.7626028289,402.083162378432,1,1.93847095464927e-89
"ReHS","Euth_Lag9",-0.231065200713453,0.117402766571745,2422.86503780551,-1.96814101967732,0.0491656791802698,13,18147.6083680362,17947.5791466518,-9061.80418401811,-8960.78957332592,202.029221384393,1,7.53392448522799e-46
"ReHS","Dead_Lag9",0.345775499543546,0.131736120277951,83.5445138609989,2.62475848547834,0.0103086357291428,13,18147.6083680362,18148.8444586914,-9061.80418401811,-9061.42222934572,0.763909344783315,1,0.382107865425632
"ReHS","TotalMortality_Lag9",0.0204348343692643,0.0864386227101926,2483.9681949435,0.236408606807368,0.813135110202757,13,17761.5225247668,17681.4574711609,-8868.76126238338,-8827.72873558044,82.0650536058711,1,1.31680410993543e-19
"ReHS","MortalityProportion_Lag9",84.3611037967324,143.429105193216,2418.28480229811,0.588172837605645,0.556471210197048,13,17761.5225247668,17783.5867613008,-8868.76126238338,-8878.79338065038,0,1,1
"ReHS","Penicillin_Lag9",-0.0171268719537618,0.0187549981040036,299.942116269121,-0.913189745943279,0.361876190485027,13,18147.6083680362,18166.1574840988,-9061.80418401811,-9070.07874204942,0,1,1
"ReHS","Dexamethasone_Lag9",-0.0140932463231117,0.0101190892746366,1177.52738706586,-1.39273860923792,0.163961748450243,13,18147.7356505511,17740.262175238,-9061.86782527553,-8857.131087619,409.473475313061,1,4.77240782441922e-91
"ReHS","Ceftiofur_Lag9",-0.0054731784075565,0.00492960578086131,2545.54452765736,-1.11026695660037,0.266988873587268,13,18147.6083680362,17725.615063544,-9061.80418401811,-8849.80753177198,423.993304492255,1,3.29811644226572e-94
"ReHS","Enroflaxin_Lag9",0.0308732034508624,0.00839718273040271,2532.99503726288,3.67661446011927,0.000241262040293066,13,18147.6083680362,17706.3754791621,-9061.80418401811,-8840.18773958104,443.232888874136,1,2.14215448089971e-98
"ReHS","Tetracycline_Lag9",0.058433440760365,0.0250433367719204,0.41300509861247,2.33329293506458,0.461354935821052,13,18147.6083680362,18178.0296142752,-9061.80418401811,-9076.0148071376,0,1,1
"ReHS","Lincomycin_Lag9",-0.0241348043801461,0.0174215196322173,2260.75000781841,-1.38534438382252,0.166083852425094,13,18147.6083680362,18140.2083159824,-9061.80418401811,-9057.10415799119,9.40005205384659,1,0.00216979282316745
"ReHS","OtherTreatments_Lag9",-0.0538932505004256,0.029097101537633,1461.83517045061,-1.85218621967286,0.0642005687803208,13,18147.6083680362,18163.5393884208,-9061.80418401811,-9068.76969421038,0,1,1
"ReHS","TotalTreatments_Lag9",0.000524819762717985,0.003780488924505,2413.56120388734,0.138823250959981,0.889601401818923,13,18147.7356505511,17786.05334194,-9061.86782527553,-8880.02667097001,363.682308611056,1,4.44409175166885e-81
"ReHS","TreatmentProportion_Lag9",2.62969876205884,8.06655589273613,2502.8132039978,0.326000191039012,0.74445146469192,13,18147.6083680362,17917.5667183335,-9061.80418401811,-8945.78335916677,232.041649702685,1,2.13846032037293e-52
"ReHS","WaterMedications_Lag9",1.0554880977168,0.498568601250108,2477.93741983893,2.1170368432153,0.0343561156976193,13,18147.6083680362,17841.6997656904,-9061.80418401811,-8907.84988284522,307.908602345775,1,6.23485693637948e-69
"ReHS","ReHS_Lag9",-0.071259542758741,0.0184692378524212,2.56141044331972,-3.85828280127972,0.0405581450526684,13,17466.2553567803,17556.5738028799,-8721.12767839013,-8765.28690143997,0,1,1
"ReHS","WaterIntakeRMS_Lag9",0.000132332876811116,0.000193922916655255,1944.59570941219,0.68239937338798,0.495067728372508,13,13868.3948765051,13874.3910893843,-6922.19743825253,-6924.19554469214,0,1,1
"ReHS","WaterIntakeHdRMS_Lag9",0.459878117414564,0.276634290515145,1845.39126204119,1.66240460124515,0.0966015039091617,13,13868.3948765051,13877.8516585418,-6922.19743825253,-6925.92582927091,0,1,1
"ReHS","WaterIntakeVC_Lag9",-0.000293129141284587,0.00037921652671633,1516.48622763262,-0.772986198209287,0.439651010958381,13,11854.2209789197,11733.1945626344,-5915.11048945984,-5853.5972813172,123.026416285275,1,1.3760459506439e-28
"ReHS","WaterIntakeHdVC_Lag9",0.00926678715682908,0.0156591549366563,326.854477223088,0.591780794960816,0.554406471386118,13,11854.2209789197,11836.9146454615,-5915.11048945984,-5905.45732273075,19.3063334581802,1,1.11336429986012e-05
"ReHS","TempReHS_Lag9",0.0330014921739463,0.0359641931903463,2011.01944041905,0.91762081243643,0.358927452387653,13,17518.6155734684,17485.8833609275,-8747.30778673421,-8729.94168046375,34.7322125409337,1,3.78319573672921e-09
"ReHS","LowTempRMS_Lag9",0.0897406778033688,0.0620401521590615,2518.28574147264,1.446493515575,0.148163279214057,13,17652.7627161803,17714.8631183818,-8814.38135809015,-8844.43155919092,0,1,1
"ReHS","HiTempRMS_Lag9",0.00414014014334139,0.0336101115989482,2433.59353774613,0.123181386385845,0.901973636669177,13,17621.9327049341,17760.0313471614,-8798.96635246705,-8867.01567358069,0,1,1
"ReHS","TempRangeRMS_Lag9",-0.03107130434537,0.0392543314800325,2440.36720853526,-0.791538237281534,0.428706898001525,13,17750.8045582812,17752.1569821784,-8863.40227914059,-8863.07849108919,0.647576102815947,1,0.420980621343949
"ReHS","SetPointRMS_Lag9",0.127358261665011,0.0950815431701522,0.017318166771737,1.3394635532692,0.949227254970492,13,18065.2132720014,18092.8932137962,-9020.6066360007,-9033.4466068981,0,1,1
"ReHS","LowTempVC_Lag9",0.0936044055828468,0.046636296001688,0.144547420190127,2.00711492137924,0.715857136361547,13,14184.4035346528,14235.2502685078,-7080.20176732641,-7104.62513425392,0,1,1
"ReHS","AvgTempVC_Lag9",-0.00501353160763409,0.0442242449761092,8.43845870814572,-0.1133661323182,0.912391251259391,13,13999.1433255233,14025.2279359422,-6987.57166276167,-6999.61396797112,0,1,1
"ReHS","HiTempVC_Lag9",-0.00420133808759776,0.0292102639756584,656.362851415518,-0.143830883935141,0.885678161933825,13,14184.4035346528,14122.5003692661,-7080.20176732641,-7048.25018463305,63.9031653867205,1,1.30687501484893e-15
"ReHS","TempRangeVC_Lag9",-0.0523927322290736,0.0332219244280284,399.125409035941,-1.57705289898472,0.115575582169506,13,14184.4035346528,14230.5305538612,-7080.20176732641,-7102.26527693059,0,1,1
"ReHS","SetPointVC_Lag9",0.461779440588134,0.0604872776389739,154.002571319914,7.63432342490802,2.22691498803823e-12,13,6833.32533972252,6761.57380273336,-3404.66266986126,-3367.78690136668,73.7515369891626,1,8.85952721309212e-18
"ReHS","Days_Lag10",-0.213528946744793,0.130421092262815,12.063835535482,-1.63722710061732,0.127385002809941,13,17657.7935745847,17597.0060836657,-8816.89678729233,-8785.50304183283,62.7874909189886,1,2.30256611611497e-15
"ReHS","Inventory_Lag10",-0.000287833008656932,0.000463430438982584,0.269506055843365,-0.621092152014964,0.777070771806921,13,17585.3399273202,17980.9208106735,-8780.66996366008,-8977.46040533676,0,1,1
"ReHS","Euth_Lag10",-0.123604065055088,0.116892868067059,2437.1708517968,-1.05741322887363,0.290427833110663,13,17585.3399273202,17552.1258834681,-8780.66996366008,-8763.06294173403,35.2140438521092,1,2.9538571002355e-09
"ReHS","Dead_Lag10",0.275228932855657,0.131461633623353,1140.93602496432,2.09360651674395,0.036515354440881,13,17585.3399273202,17962.2219816596,-8780.66996366008,-8968.11099082982,0,1,1
"ReHS","TotalMortality_Lag10",0.0560844680401961,0.0868723702662187,2495.0270553028,0.645596152934775,0.518600295146871,13,17996.5511377901,17588.3289340031,-8986.27556889503,-8781.16446700157,410.222203786918,1,3.27912856866661e-91
"ReHS","MortalityProportion_Lag10",144.041768438335,143.478066409514,2430.02068513747,1.00392883764695,0.315512871186736,13,17996.5511377901,17544.3039549475,-8986.27556889503,-8759.15197747375,454.247182842566,1,8.58658762610364e-101
"ReHS","Penicillin_Lag10",-0.00878143968557406,0.0187137499384181,23.7363713748518,-0.469250669399313,0.643172236627915,13,17585.3399273202,17972.3634973996,-8780.66996366008,-8973.18174869978,0,1,1
"ReHS","Dexamethasone_Lag10",-0.00229145478753413,0.0103508465696722,390.274283477313,-0.221378490359238,0.824913520318706,13,17706.640685311,17981.3503981928,-8841.32034265551,-8977.67519909639,0,1,1
"ReHS","Ceftiofur_Lag10",-0.00317203240256238,0.00492532406216404,2535.59236709329,-0.644025116424254,0.519617396723344,13,17585.3399273202,17652.5382973117,-8780.66996366008,-8813.26914865585,0,1,1
"ReHS","Enroflaxin_Lag10",0.0318167723511683,0.00837872741399092,2518.52244587969,3.7973275390294,0.000149720390390123,13,17585.3399273202,17896.1987177552,-8780.66996366008,-8935.09935887759,0,1,1
"ReHS","Tetracycline_Lag10",0.0392586477546688,0.0251122245457086,2263.47375201818,1.56332815849155,0.118115219577668,13,17585.3399273202,17592.8452247258,-8780.66996366008,-8783.42261236289,0,1,1
"ReHS","Lincomycin_Lag10",-0.0037487764786265,0.0175767586178234,2406.88800559481,-0.213280307258991,0.831126395855991,13,17585.3399273202,17603.5347895621,-8780.66996366008,-8788.76739478106,0,1,1
"ReHS","OtherTreatments_Lag10",-0.0115729786466445,0.0289018226439151,2127.09722333551,-0.400423834483708,0.688884583673605,13,17585.3399273202,17967.0172360259,-8780.66996366008,-8970.50861801296,0,1,1
"ReHS","TotalTreatments_Lag10",0.00295342479489193,0.00378455844192494,2166.63336587985,0.780388211785609,0.43524765112725,13,17706.640685311,17557.5324403539,-8841.32034265551,-8765.76622017697,151.108244957086,1,9.92497697239503e-35
"ReHS","TreatmentProportion_Lag10",10.3719124247483,8.04064125931563,1169.73912952782,1.28993597528452,0.19732784507569,13,17585.3399273202,17949.0075807532,-8780.66996366008,-8961.5037903766,0,1,1
"ReHS","WaterMedications_Lag10",1.26761980769408,0.495599362708618,2490.82064130197,2.55775108500162,0.0105938658894792,13,17585.3399273202,17574.9494665895,-8780.66996366008,-8774.47473329473,12.3904607306977,1,0.000431532763106114
"ReHS","ReHS_Lag10",-0.0985916978022223,0.0185003075745813,1930.01319207782,-5.3291923609791,1.10194884962945e-07,13,17032.3787468484,17258.7877517379,-8504.18937342422,-8616.39387586896,0,1,1
"ReHS","WaterIntakeRMS_Lag10",5.06397026515467e-05,0.000195919350522094,75.0643483138716,0.258472185195591,0.796749915797135,13,13833.1342057172,14190.0572317546,-6904.56710285859,-7082.02861587729,0,1,1
"ReHS","WaterIntakeHdRMS_Lag10",0.434972986017115,0.280145227785535,1645.21399735932,1.55266962587743,0.120694414445817,13,13833.1342057172,14185.154466519,-6904.56710285859,-7079.57723325951,0,1,1
"ReHS","WaterIntakeVC_Lag10",-0.000425488976347613,0.000376265261121778,842.390882473025,-1.13082184382125,0.258451926002457,13,11652.4919835325,11599.2799585872,-5814.24599176624,-5786.63997929358,55.212024945331,1,1.08204741613943e-13
"ReHS","WaterIntakeHdVC_Lag10",-0.00646943867986303,0.0155498690988639,263.034188568345,-0.416044574956305,0.677716631731068,13,11652.4919835325,11644.1127368863,-5814.24599176624,-5809.05636844315,10.37924664618,1,0.00127439683680567
"ReHS","TempReHS_Lag10",0.051700122118542,0.0356591272185581,1271.25037335277,1.44984261116844,0.147349068138399,13,17384.6393001581,17346.5451154575,-8680.31965007903,-8660.27255772874,40.0941847005852,1,2.42008355832354e-10
"ReHS","LowTempRMS_Lag10",0.146469933597868,0.0619289380978799,2500.56280141778,2.36512909952322,0.0180997233450278,13,17510.0313837952,17476.2125039549,-8743.01569189762,-8725.10625197746,35.8188798403171,1,2.16539315260109e-09
"ReHS","HiTempRMS_Lag10",0.00100007748610691,0.0334211115589358,2486.84395287327,0.0299235255638744,0.976130444697441,13,17479.0992468746,17485.4130894139,-8727.54962343732,-8729.70654470694,0,1,1
"ReHS","TempRangeRMS_Lag10",-0.0588754829610105,0.0391633772455357,2464.57203193718,-1.50333007778898,0.132882069371614,13,17520.8028297816,17511.2298248225,-8748.40141489078,-8742.61491241127,11.5730049590238,1,0.000669161917660008
"ReHS","SetPointRMS_Lag10",0.118000998597871,0.0955521505587386,1673.61186205326,1.23493817677429,0.217026858041667,13,17455.9467900556,17479.0946919134,-8715.97339502778,-8726.54734595671,0,1,1
"ReHS","LowTempVC_Lag10",0.111878144617371,0.0465850299691155,1882.29385051529,2.40159005353314,0.0164204053018196,13,13927.7522384004,13539.5875753965,-6951.87611920019,-6756.79378769824,390.164663003901,1,7.6213155777198e-87
"ReHS","AvgTempVC_Lag10",0.000119230681021043,0.0438969882690725,0.988322994916169,0.0027161471828136,0.998274785069892,13,13733.3448966097,13757.44107661,-6854.67244830486,-6865.72053830501,0,1,1
"ReHS","HiTempVC_Lag10",-0.0191394563493418,0.0291876454897402,0.859586153754212,-0.655738276527633,0.644369557486003,13,13927.7522384004,13959.7204013546,-6951.87611920019,-6966.86020067728,0,1,1
"ReHS","TempRangeVC_Lag10",-0.0858062410180442,0.0330510494781358,1232.31855473116,-2.5961729619148,0.00953898619508653,13,13927.7522384004,13958.3942224382,-6951.87611920019,-6966.19711121912,0,1,1
"ReHS","SetPointVC_Lag10",0.374735973945592,0.0729283881984319,109.390917014999,5.13841020215568,1.21977351737088e-06,13,6764.79625980738,6736.48150757152,-3370.39812990369,-3355.24075378576,30.3147522358604,1,3.67321557525223e-08
"ReHS","Days_Lag11",-0.0791640696589395,0.152438300759269,3.5873996365318,-0.519318762178775,0.63391237302557,13,17608.1597124306,17493.3799948786,-8792.07985621532,-8733.68999743929,116.779717552061,1,3.20789693889406e-27
"ReHS","Inventory_Lag11",-0.000522890315971246,0.000463074397784985,2.35469382509528,-1.1291712918537,0.360658074041342,13,17532.3316223607,17814.9270720206,-8754.16581118033,-8894.46353601029,0,1,1
"ReHS","Euth_Lag11",-0.000458946634569036,0.117370221946002,2440.9983973531,-0.00391024765021046,0.996880401241492,13,17532.3316223607,17798.0847979518,-8754.16581118033,-8886.04239897592,0,1,1
"ReHS","Dead_Lag11",0.308385737659414,0.132320992660853,959.85344279966,2.33058815126807,0.019981486799778,13,17532.3316223607,17818.8521538445,-8754.16581118033,-8896.42607692226,0,1,1
"ReHS","TotalMortality_Lag11",0.13298890212548,0.0870290527770934,1823.61162836835,1.52809777748706,0.126661685573526,13,17861.44685592,17853.6673137653,-8918.72342796001,-8913.83365688263,9.77954215476348,1,0.00176464249488683
"ReHS","MortalityProportion_Lag11",290.601664100631,143.906966321623,2445.76110577443,2.01937176169188,0.0435574770659582,13,17861.44685592,17453.2932970954,-8918.72342796001,-8713.64664854769,410.153558824633,1,3.39391275179751e-91
"ReHS","Penicillin_Lag11",-0.00850210419731131,0.0188924637670645,2282.70793111072,-0.450026227502055,0.652734261470821,13,17532.3316223607,17506.4236351314,-8754.16581118033,-8740.21181756569,27.9079872292787,1,1.27223510113312e-07
"ReHS","Dexamethasone_Lag11",0.00361627837462054,0.010433791966401,1639.3177398402,0.346592915237884,0.728941650972173,13,17466.5786062716,17828.6184694945,-8721.2893031358,-8901.30923474723,0,1,1
"ReHS","Ceftiofur_Lag11",0.000499091712473045,0.00493824376706652,2490.19275006046,0.101066641505533,0.919505694970689,13,17532.3316223607,17439.553775675,-8754.16581118033,-8706.77688783749,94.7778466856907,1,2.12996028307448e-22
"ReHS","Enroflaxin_Lag11",0.0308141670982453,0.00839538852615135,1589.74739364583,3.67036820300338,0.000250202622141416,13,17532.3316223607,17848.1993668965,-8754.16581118033,-8911.09968344827,0,1,1
"ReHS","Tetracycline_Lag11",0.0189589297886931,0.0249607836977921,0.781813188305053,0.759548659138056,0.613094679774617,13,17532.3316223607,17844.6584347762,-8754.16581118033,-8909.32921738809,0,1,1
"ReHS","Lincomycin_Lag11",0.0131507197416313,0.0177925177000633,2389.16729523866,0.739115169832571,0.45990967252939,13,17532.3316223607,17439.5721698381,-8754.16581118033,-8706.78608491906,94.7594525225395,1,2.14984450159115e-22
"ReHS","OtherTreatments_Lag11",0.0158971453723988,0.0291479281580243,2395.03659649176,0.545395380632652,0.585532403623348,13,17532.3316223607,17438.1238741761,-8754.16581118033,-8706.06193708807,96.2077481845263,1,1.03439288250052e-22
"ReHS","TotalTreatments_Lag11",0.00853573983766869,0.00384714211380035,2243.11031593639,2.21872225802357,0.0266053764564122,13,17466.5786062716,17405.5109890835,-8721.2893031358,-8689.75549454173,63.0676171881314,1,1.99730940663729e-15
"ReHS","TreatmentProportion_Lag11",16.9121400159855,8.08371791871413,147.426105109218,2.09212396895161,0.0381415647272769,13,17532.3316223607,17837.589368209,-8754.16581118033,-8905.79468410448,0,1,1
"ReHS","WaterMedications_Lag11",1.4022938640671,0.4974564321859,2474.24363928292,2.81892799718199,0.00485675662173933,13,17532.3316223607,17484.568969727,-8754.16581118033,-8729.28448486352,49.7626526336317,1,1.73515604990801e-12
"ReHS","ReHS_Lag11",-0.130830728426981,0.0186919155530541,2245.70861617774,-6.99932160808447,3.38298338238462e-12,13,17262.3309159869,16796.1319964407,-8619.16545799345,-8385.06599822033,468.198919546241,1,7.9013004813934e-104
"ReHS","WaterIntakeRMS_Lag11",-0.000105142292699518,0.000197722193527673,274.398109182615,-0.531767783998423,0.595317082214643,13,13700.6119795637,14096.0589375227,-6838.30598978183,-7035.02946876135,0,1,1
"ReHS","WaterIntakeHdRMS_Lag11",0.318345194907915,0.283935629850949,1783.09756630132,1.12118790824184,0.262358856984745,13,13700.6119795637,13710.9736293555,-6838.30598978183,-6842.48681467774,0,1,1
"ReHS","WaterIntakeVC_Lag11",-0.000155347017968738,0.000383947058462514,1552.75965549461,-0.404605308322488,0.685823382553165,13,11511.1009426627,11160.3004594451,-5743.55047133137,-5567.15022972255,352.800483217656,1,1.04064248044542e-78
"ReHS","WaterIntakeHdVC_Lag11",0.00943583772468453,0.0156063726733587,15.8804399953975,0.604614404780444,0.553976506295345,13,11511.1009426627,11522.4332788719,-5743.55047133137,-5748.21663943595,0,1,1
"ReHS","TempReHS_Lag11",0.0490477700519746,0.0358878951661526,2362.54569721945,1.36669397368931,0.171851289357748,13,17211.1398904505,17106.7515037637,-8593.56994522524,-8540.37575188184,106.388386686802,1,6.06119008744015e-25
"ReHS","LowTempRMS_Lag11",0.196591883710593,0.0623301209873964,2474.50725460902,3.15404303082205,0.0016295681020249,13,17764.1135721897,17378.1478492342,-8870.05678609484,-8676.07392461708,387.965722955527,1,2.29479961356549e-86
"ReHS","HiTempRMS_Lag11",-0.000275772460387803,0.0337037159721777,2472.16271062271,-0.00818225683528344,0.993472236633898,13,17370.3894871761,17399.5943018546,-8673.19474358807,-8686.79715092732,0,1,1
"ReHS","TempRangeRMS_Lag11",-0.0789355345574037,0.0395400946191365,1431.71850540125,-1.99634156968357,0.0460858521803165,13,17453.1619315592,17739.4898686205,-8714.58096577962,-8856.74493431023,0,1,1
"ReHS","SetPointRMS_Lag11",0.11211987622742,0.0974857642508402,950.484820478199,1.15011537416812,0.250385639018562,13,17761.1006882787,17337.7226673795,-8868.55034413934,-8655.86133368975,425.378020899174,1,1.64768394212464e-94
"ReHS","LowTempVC_Lag11",0.11635884955716,0.0463724366225955,1928.80316803001,2.50922440207646,0.0121810518775247,13,13751.5671418531,13634.9512233355,-6863.78357092655,-6804.47561166775,118.615918517595,1,1.27104791365775e-27
"ReHS","AvgTempVC_Lag11",-0.00505990675073861,0.0437776753597636,1963.49572771396,-0.115581896689499,0.90799572991372,13,13523.0352380052,13467.6783823482,-6749.51761900259,-6720.83919117412,57.3568556569444,1,3.63494083957993e-14
"ReHS","HiTempVC_Lag11",-0.0345953596615173,0.0290198601084892,1990.87409399997,-1.19212703066742,0.233353516109013,13,13751.5671418531,13703.4191223874,-6863.78357092655,-6838.7095611937,50.1480194656906,1,1.42574958999581e-12
"ReHS","TempRangeVC_Lag11",-0.105330762076162,0.0329498565033667,2018.03342593275,-3.19669865832039,0.00141160512945808,13,13751.5671418531,13699.4781893275,-6863.78357092655,-6836.73909466373,54.0889525256389,1,1.91615577051178e-13
"ReHS","SetPointVC_Lag11",0.157413087032186,0.05753881991608,42.9245617122328,2.735771906024,0.00901290666820925,13,6676.83726314071,6598.05249561626,-3326.41863157036,-3286.02624780813,80.784767524452,1,2.51690610174087e-19
"ReHS","Days_Lag12",0.00544180381043981,0.046237115335631,25.5289999776107,0.117693410822415,0.907231696143061,13,17758.245492347,17526.7962188423,-8867.12274617351,-8750.39810942115,233.449273504717,1,1.05472036203123e-52
"ReHS","Inventory_Lag12",-0.000571064492720651,0.000458722582057278,1765.80011851038,-1.24490163566734,0.213333098130222,13,17407.6520126049,17396.9889124776,-8691.82600630245,-8685.49445623878,12.6631001273527,1,0.000372943307875078
"ReHS","Euth_Lag12",-0.0297100700990823,0.120315940720876,2472.23210209841,-0.246933780520468,0.804979975407896,13,17407.6520126049,17557.9139468196,-8691.82600630245,-8765.9569734098,0,1,1
"ReHS","Dead_Lag12",0.278697099586557,0.133476747080813,2498.85447547472,2.08798240653723,0.0369004484126494,13,17407.6520126049,17582.5601438624,-8691.82600630245,-8778.28007193121,0,1,1
"ReHS","TotalMortality_Lag12",0.103432025960748,0.0880084366091216,2671.48076778246,1.17525125937788,0.239998941844315,13,17434.7063339932,17345.1300559789,-8705.35316699661,-8659.56502798945,91.5762780143159,1,1.07372487296527e-21
"ReHS","MortalityProportion_Lag12",235.646558068617,146.407129773295,581.840749951402,1.60952925198046,0.108043049348485,13,17434.7063339932,17489.4578306752,-8705.35316699661,-8731.72891533759,0,1,1
"ReHS","Penicillin_Lag12",-0.00599188578856792,0.0191917414150362,2052.10285248466,-0.312211677876894,0.754911377489116,13,17407.6520126049,17376.595622646,-8691.82600630245,-8675.29781132302,33.0563899588706,1,8.95243410553767e-09
"ReHS","Dexamethasone_Lag12",0.00260404727287578,0.0104171336699967,80.5454242012049,0.249977331132453,0.803241349932807,13,17321.757125009,17747.2129931356,-8648.87856250449,-8860.60649656779,0,1,1
"ReHS","Ceftiofur_Lag12",-0.00426616545897201,0.00496566995496989,2442.4831422465,-0.859131899151337,0.390352057700789,13,17407.6520126049,17363.8815532285,-8691.82600630245,-8668.94077661425,45.7704593763992,1,1.3295345780019e-11
"ReHS","Enroflaxin_Lag12",0.0277863174579151,0.00838915908895103,2491.79117825744,3.31216957066783,0.000938974385029466,13,17407.6520126049,17308.4625794996,-8691.82600630245,-8641.2312897498,101.189433105315,1,8.35940899471304e-24
"ReHS","Tetracycline_Lag12",0.0425457391635868,0.025205576751542,2336.49995084031,1.68794944003747,0.0915543919695954,13,17407.6520126049,17420.0936696639,-8691.82600630245,-8697.04683483194,0,1,1
"ReHS","Lincomycin_Lag12",0.0222687176099379,0.0179321268296653,2443.10048612535,1.24183359963183,0.214417164665049,13,17407.6520126049,17358.2458792993,-8691.82600630245,-8666.12293964963,51.4061333056525,1,7.51035354207563e-13
"ReHS","OtherTreatments_Lag12",-0.00763551940047461,0.0290624369447412,2507.67576883654,-0.26272811928995,0.792781723891501,13,17407.6520126049,17693.9884973159,-8691.82600630245,-8833.99424865794,0,1,1
"ReHS","TotalTreatments_Lag12",0.00635193441613799,0.00383153002114333,2392.55776551995,1.65780625000625,0.0974876734568336,13,17321.757125009,17325.2104330008,-8648.87856250449,-8649.60521650039,0,1,1
"ReHS","TreatmentProportion_Lag12",14.6800592762437,8.14912307503692,2480.72195167394,1.80142809736337,0.0717568127117344,13,17407.6520126049,17307.3303382536,-8691.82600630245,-8640.66516912681,102.321674351282,1,4.71999553245537e-24
"ReHS","WaterMedications_Lag12",0.953879041725546,0.507710124446479,1349.98323349533,1.87878672454187,0.0604889422609037,13,17407.6520126049,17733.4220104788,-8691.82600630245,-8853.71100523939,0,1,1
"ReHS","ReHS_Lag12",-0.139008308286204,0.0188669714949428,2373.09200748564,-7.36781249303654,2.3814891531817e-13,13,16942.1787917608,16684.4831901097,-8459.08939588038,-8329.24159505487,259.695601651027,1,1.99925346996312e-58
"ReHS","WaterIntakeRMS_Lag12",-0.00012686907683424,0.000198015268030387,450.871476395182,-0.640703507846532,0.522040831642709,13,13625.5122941968,13990.1798239365,-6800.75614709841,-6982.08991196826,0,1,1
"ReHS","WaterIntakeHdRMS_Lag12",0.379760628259609,0.281585719605329,1901.294082091,1.34865016873683,0.177609973029719,13,13625.5122941968,13656.5540708324,-6800.75614709841,-6815.27703541619,0,1,1
"ReHS","WaterIntakeVC_Lag12",-0.000255546729838519,0.000382662064938094,1346.22345129862,-0.667813073866782,0.504367386269795,13,11420.6208018695,11329.0477585949,-5698.31040093477,-5651.52387929746,93.5730432746277,1,3.9148325748863e-22
"ReHS","WaterIntakeHdVC_Lag12",-0.0235775800679675,0.0157225810137401,1540.2462472482,-1.49959984606617,0.133923020365234,13,11420.6208018695,11186.2614075683,-5698.31040093477,-5580.13070378414,236.359394301277,1,2.44649814035449e-53
"ReHS","TempReHS_Lag12",0.044245265076287,0.0355899554539441,9.98050802872888,1.24319529237803,0.242207096619898,13,16981.2361402035,17008.8749746249,-8478.61807010173,-8491.43748731243,0,1,1
"ReHS","LowTempRMS_Lag12",0.221123796979193,0.0629312965478659,2399.37639053191,3.51373337447458,0.000450031108716673,13,17243.656982217,17240.2554830558,-8609.82849110851,-8607.12774152788,5.40149916124938,1,0.0201194624044978
"ReHS","HiTempRMS_Lag12",-0.0198022661765098,0.0346042942474679,1273.66241352809,-0.572248809205489,0.567254412674556,13,17259.6219876482,17222.9820309299,-8617.81099382412,-8598.49101546493,38.6399567183871,1,5.09648284960762e-10
"ReHS","TempRangeRMS_Lag12",-0.0844941754746598,0.0399781674098542,2413.48818802599,-2.11350797069885,0.0346596764980019,13,17345.8666413612,17323.934715821,-8660.9333206806,-8648.96735791051,23.9319255401788,1,9.98028854272887e-07
"ReHS","SetPointRMS_Lag12",0.133121940369694,0.0969650000309542,1948.32584444497,1.37288650881449,0.169945622612628,13,17190.3576441,17257.025225026,-8583.17882205,-8615.51261251299,0,1,1
"ReHS","LowTempVC_Lag12",0.101601249745997,0.0465546240181252,1.88732909055183,2.18240941450715,0.168330757448902,13,13275.6455067716,13665.3107711025,-6625.82275338578,-6819.65538555125,0,1,1
"ReHS","AvgTempVC_Lag12",-0.0154311597561025,0.0446428302523792,2028.40628847586,-0.345658186742767,0.729635455304314,13,13112.4620203058,13074.7708967977,-6544.23101015288,-6524.38544839887,39.6911235080315,1,2.97474466862583e-10
"ReHS","HiTempVC_Lag12",-0.0482927308809667,0.0294863159744052,1905.94204150397,-1.63780144399476,0.10162818889518,13,13275.6455067716,13465.6870642168,-6625.82275338578,-6719.84353210841,0,1,1
"ReHS","TempRangeVC_Lag12",-0.120430124518673,0.0333327261401842,438.534439877084,-3.61296954867095,0.000337764226044548,13,13275.6455067716,13619.9570317006,-6625.82275338578,-6796.97851585028,0,1,1
"ReHS","SetPointVC_Lag12",0.182347724526902,0.0622504122829761,86.8048613338579,2.92926131473622,0.00433977015755586,13,6608.55876329065,6607.62001661445,-3292.27938164532,-3290.81000830722,2.93874667620366,1,0.0864778092862918
"ReHS","Days_Lag13",-0.0103868266406757,0.0465663394372111,0.120735395859418,-0.223054394358849,0.932985256062702,13,17212.697337055,17598.0343541065,-8594.34866852749,-8786.01717705326,0,1,1
"ReHS","Inventory_Lag13",-0.000607232319877364,0.000463743702395225,1718.79060335441,-1.30941361950798,0.190569287394709,13,17097.5151407823,17139.4555301135,-8536.75757039113,-8556.72776505673,0,1,1
"ReHS","Euth_Lag13",-0.111032656108608,0.117972376996546,2386.936812941,-0.941175035507326,0.346710406341515,13,17097.5151407823,17513.965816528,-8536.75757039113,-8743.98290826399,0,1,1
"ReHS","Dead_Lag13",0.280926371069883,0.132898285191669,2461.00199542404,2.11384496545402,0.0346288677918166,13,17097.5151407823,17135.1799822304,-8536.75757039113,-8554.5899911152,0,1,1
"ReHS","TotalMortality_Lag13",0.0599916784954199,0.0875632538045096,1440.01163227312,0.685123906306121,0.493376000831915,13,17554.9511946306,17571.640085574,-8765.4755973153,-8772.82004278698,0,1,1
"ReHS","MortalityProportion_Lag13",205.421571834763,148.099140169514,108.545145910133,1.38705445284583,0.168266817673217,13,17554.9511946306,17565.7028696997,-8765.4755973153,-8769.85143484987,0,1,1
"ReHS","Penicillin_Lag13",-0.00444979481188704,0.0193059784304502,2310.98157540702,-0.230487919994184,0.817733050263479,13,17097.5151407823,17146.6003362356,-8536.75757039113,-8560.30016811779,0,1,1
"ReHS","Dexamethasone_Lag13",-0.0102387467261367,0.00941821195477619,1720.16185263878,-1.08712213903239,0.27713513931011,13,17224.3598199806,17193.6262421221,-8600.17990999032,-8583.81312106107,32.7335778584893,1,1.05695506319168e-08
"ReHS","Ceftiofur_Lag13",0.00266146830596702,0.00494636674021044,2502.05811529741,0.538065300401439,0.59057982466558,13,17097.5151407823,17170.3321012551,-8536.75757039113,-8572.16605062755,0,1,1
"ReHS","Enroflaxin_Lag13",0.0287522407503477,0.00838242313333005,503.990378609048,3.43006315632332,0.000652956532383737,13,17097.5151407823,17545.5119202133,-8536.75757039113,-8759.75596010663,0,1,1
"ReHS","Tetracycline_Lag13",0.0102307118431327,0.0249790706197599,12.0417248006833,0.409571356711712,0.68931222327404,13,17097.5151407823,17556.2619445636,-8536.75757039113,-8765.13097228179,0,1,1
"ReHS","Lincomycin_Lag13",0.0321421176353629,0.0179338490080074,2445.14216525766,1.79225985570703,0.0732149397531696,13,17097.5151407823,17153.3249810006,-8536.75757039113,-8563.6624905003,0,1,1
"ReHS","OtherTreatments_Lag13",0.0275031627807174,0.0292311868705409,1916.0451888066,0.940884231027751,0.346882792453013,13,17097.5151407823,17302.4138983947,-8536.75757039113,-8638.20694919737,0,1,1
"ReHS","TotalTreatments_Lag13",0.00854803990331712,0.00381889942412898,2430.41402749572,2.2383516699361,0.0252883459271154,13,17224.3598199806,17138.3401817121,-8600.17990999032,-8556.17009085603,88.0196382685681,1,6.48078291107533e-21
"ReHS","TreatmentProportion_Lag13",15.9638809797749,8.17117757121538,2461.41211835298,1.95368180909578,0.0508519833691737,13,17097.5151407823,17168.2465018715,-8536.75757039113,-8571.12325093574,0,1,1
"ReHS","WaterMedications_Lag13",0.195956998949112,0.501718786569678,1758.91497029351,0.390571380212605,0.696161380901844,13,17097.5151407823,17559.3556314896,-8536.75757039113,-8766.67781574478,0,1,1
"ReHS","ReHS_Lag13",-0.111317391607929,0.0189527638537459,0.054920429032965,-5.87341205045028,0.807496332761834,13,16816.7617674881,16864.2930374218,-8396.38088374406,-8419.14651871092,0,1,1
"ReHS","WaterIntakeRMS_Lag13",-0.000173751973104747,0.000200108859910565,178.894412886774,-0.868287257157938,0.386400413015113,13,13943.943195872,13946.1826903112,-6959.97159793598,-6960.09134515561,0,1,1
"ReHS","WaterIntakeHdRMS_Lag13",0.303332324913385,0.288247377788754,1899.28284622226,1.05233333687318,0.292780505561926,13,13943.943195872,13506.3501977791,-6959.97159793598,-6740.17509888953,439.592998092901,1,1.32747273703563e-97
"ReHS","WaterIntakeVC_Lag13",-0.000441106215666242,0.000393289438103594,1666.65312134576,-1.1215816468228,0.262201924938213,13,11165.183151368,11143.6841261438,-5570.59157568402,-5558.8420630719,23.4990252242296,1,1.24977071080501e-06
"ReHS","WaterIntakeHdVC_Lag13",0.00343100363755436,0.0164967825819408,1687.12227502752,0.207980169497434,0.835269553924101,13,11165.183151368,11236.9334068773,-5570.59157568402,-5605.46670343866,0,1,1
"ReHS","TempReHS_Lag13",0.0551934425374222,0.0358218518019134,987.508015404177,1.54077580474146,0.123691721404444,13,16735.663290267,16776.1274486274,-8355.83164513351,-8375.06372431368,0,1,1
"ReHS","LowTempRMS_Lag13",0.205415833572148,0.0628953547914253,2314.0236193752,3.26599371691839,0.00110673224096032,13,17081.0986337481,17072.9488457191,-8528.54931687406,-8523.47442285956,10.1497880289899,1,0.00144317835899022
"ReHS","HiTempRMS_Lag13",0.0089100810918694,0.034104010346073,2432.70013067512,0.26126197480747,0.793912603723819,13,17179.7565780515,17137.1557271135,-8577.87828902577,-8555.57786355673,44.6008509380699,1,2.41586638086522e-11
"ReHS","TempRangeRMS_Lag13",-0.0671911145413009,0.0400285485501359,146.644714741394,-1.67857983801595,0.0953636645105267,13,17524.3895298308,17516.614580219,-8750.19476491541,-8745.3072901095,9.7749496118231,1,0.0017690556904527
"ReHS","SetPointRMS_Lag13",0.209506584989247,0.0945660570905683,1534.20264692025,2.21545226093753,0.0268753983448774,13,17437.8376398602,17162.5079899851,-8706.91881993011,-8568.25399499255,277.329649875126,1,2.86761927359819e-62
"ReHS","LowTempVC_Lag13",0.0527078338641291,0.0474972699133378,1980.55409031688,1.10970238837513,0.267262010649956,13,13433.2861201841,13429.1197377339,-6704.64306009207,-6701.55986886697,6.16638245019931,1,0.0130200583359631
"ReHS","AvgTempVC_Lag13",0.000890643958340222,0.0458809971635935,1316.76342442482,0.0194120444933779,0.984515343029377,13,13137.5350047626,13143.9577312444,-6556.7675023813,-6558.97886562222,0,1,1
"ReHS","HiTempVC_Lag13",-0.0140140663426378,0.0296943683594054,1933.37218314697,-0.471943574384836,0.637020322655546,13,13433.2861201841,13473.4116317992,-6704.64306009207,-6723.70581589962,0,1,1
"ReHS","TempRangeVC_Lag13",-0.0406938798843733,0.0340912299149972,1957.06865691372,-1.19367590978205,0.232749438890138,13,13433.2861201841,13320.7259932762,-6704.64306009207,-6647.36299663811,114.560126907934,1,9.82417829353336e-27
"ReHS","SetPointVC_Lag13",0.351824536928301,0.0620310888617848,156.104846839109,5.67174530358838,6.67445945745158e-08,13,6578.42793975362,6445.06094321152,-3277.21396987681,-3209.53047160576,135.366996542102,1,2.74449708853781e-31
"ReHS","Days_Lag14",-0.0292805663331664,0.0521136302519768,0.720190985580378,-0.561860039141213,0.700612088472399,13,17318.8576795281,17360.7342511243,-8647.42883976404,-8667.36712556215,0,1,1
"ReHS","Inventory_Lag14",-0.00104513705915253,0.000460800249026478,1798.57104748079,-2.26809135055931,0.0234417644142933,13,17022.5445419708,17243.1961663046,-8499.2722709854,-8608.59808315232,0,1,1
"ReHS","Euth_Lag14",-0.125377875195975,0.120636497806913,2393.29681380769,-1.03930300924892,0.298768819548493,13,17022.5445419708,17311.3977441236,-8499.2722709854,-8642.6988720618,0,1,1
"ReHS","Dead_Lag14",0.153539699138475,0.133940706834299,2509.6378161932,1.14632588379888,0.251769621960865,13,17022.5445419708,16971.0351510912,-8499.2722709854,-8472.5175755456,53.5093908796043,1,2.57359660196091e-13
"ReHS","TotalMortality_Lag14",-0.0197352482540101,0.0883900768569483,2485.26362477115,-0.22327447781214,0.823340239267606,13,17421.5857267591,17009.2456286041,-8698.79286337955,-8491.62281430206,414.340098154975,1,4.16303958066967e-92
"ReHS","MortalityProportion_Lag14",76.90360276166,148.951650379518,2461.74011502551,0.516299098168535,0.605691897929864,13,17421.5857267591,16985.5523893247,-8698.79286337955,-8479.77619466236,438.033337434365,1,2.90048044570482e-97
"ReHS","Penicillin_Lag14",-0.0095485961153991,0.0184431818967059,1232.84467160276,-0.517730409474764,0.604739263970397,13,17022.5445419708,17427.9040890694,-8499.2722709854,-8700.95204453471,0,1,1
"ReHS","Dexamethasone_Lag14",-0.010329737861919,0.0104433230350853,1066.88431693109,-0.989123656063817,0.322826913935981,13,17016.6975519036,16967.3811523896,-8496.3487759518,-8470.69057619482,51.3163995139694,1,7.86161363907097e-13
"ReHS","Ceftiofur_Lag14",-0.00353426988248307,0.00495337296485488,2425.16010630642,-0.713507726464247,0.475600288658598,13,17022.5445419708,17030.6711324718,-8499.2722709854,-8502.33556623588,0,1,1
"ReHS","Enroflaxin_Lag14",0.0304204383563678,0.00836441625122636,2344.22381799468,3.63688719483654,0.000281903667852975,13,17022.5445419708,17412.8192968385,-8499.2722709854,-8693.40964841927,0,1,1
"ReHS","Tetracycline_Lag14",-0.0254234551053455,0.0250445899439975,2245.94615529816,-1.01512762485611,0.310154336447843,13,17022.5445419708,17302.7680895028,-8499.2722709854,-8638.38404475138,0,1,1
"ReHS","Lincomycin_Lag14",0.0417485360199919,0.0181792928434577,2482.90260174737,2.29648844867012,0.0217308710775316,13,17022.5445419708,17098.3442218617,-8499.2722709854,-8536.17211093083,0,1,1
"ReHS","OtherTreatments_Lag14",0.0301493668318504,0.0296448851394613,2401.18211626781,1.01701749526152,0.309247567393255,13,17022.5445419708,17285.6423787526,-8499.2722709854,-8629.82118937628,0,1,1
"ReHS","TotalTreatments_Lag14",0.00429144296047864,0.00378400018051766,2375.68147322723,1.13410220818001,0.256866100950012,13,17016.6975519036,17243.9201590802,-8496.3487759518,-8608.96007954012,0,1,1
"ReHS","TreatmentProportion_Lag14",11.1456365620327,8.17327248651184,2481.00404882888,1.36366878510733,0.172795545853647,13,17022.5445419708,17002.2322565096,-8499.2722709854,-8488.11612825478,22.3122854612448,1,2.31719396630257e-06
"ReHS","WaterMedications_Lag14",-0.323697858779506,0.513682686427768,2434.30888488462,-0.630151389821123,0.528654684381314,13,17022.5445419708,17272.5353835339,-8499.2722709854,-8623.26769176694,0,1,1
"ReHS","ReHS_Lag14",-0.105787654155503,0.0189846171591246,27.5873589910183,-5.57228272073203,6.11642926872033e-06,13,16474.9069412589,16619.3281881224,-8225.45347062945,-8296.66409406122,0,1,1
"ReHS","WaterIntakeRMS_Lag14",-0.000271819629056755,0.000202308839438267,1873.98969786693,-1.34358750616875,0.179244474391886,13,13467.0416372686,13491.2473009886,-6721.52081863429,-6732.62365049429,0,1,1
"ReHS","WaterIntakeHdRMS_Lag14",0.21989078826553,0.290004233894168,1826.52455116175,0.75823302754185,0.448409311929419,13,13467.0416372686,13538.166010205,-6721.52081863429,-6756.08300510252,0,1,1
"ReHS","WaterIntakeVC_Lag14",-0.000300904893285608,0.000395919739119704,1647.56959769549,-0.760014880679216,0.447354427520294,13,11161.0573878167,11159.7797376141,-5568.52869390834,-5566.88986880705,3.27765020258994,1,0.0702294122171406
"ReHS","WaterIntakeHdVC_Lag14",-0.000819784068496751,0.0161927934324776,1574.98614132367,-0.0506264760255956,0.959629584561282,13,11161.0573878167,11157.2100331054,-5568.52869390834,-5565.6050165527,5.84735471128806,1,0.0156004843384824
"ReHS","TempReHS_Lag14",0.0377364106651857,0.0360930179876528,1845.39277909422,1.0455321491291,0.29591401854352,13,16244.6288832064,16587.9071291207,-8110.31444160322,-8280.95356456035,0,1,1
"ReHS","LowTempRMS_Lag14",0.197527565386034,0.0623986116321586,1143.86157992085,3.16557628798641,0.00158863100057195,13,17020.0417732891,17177.6240411416,-8498.02088664455,-8575.81202057079,0,1,1
"ReHS","HiTempRMS_Lag14",0.00167012173027093,0.0343677633808461,2352.44797033066,0.0485955897613554,0.961245709878505,13,17180.8468181995,17168.317744408,-8578.42340909977,-8571.15887220401,14.5290737915057,1,0.000138013082082179
"ReHS","TempRangeRMS_Lag14",-0.0819834180894095,0.0402978331781624,2378.28274248127,-2.03443737848011,0.0420182495866122,13,17274.0735637523,16992.8556232537,-8625.03678187615,-8483.42781162683,283.217940498645,1,1.49405020417202e-63
"ReHS","SetPointRMS_Lag14",0.19209179226319,0.0900479662409113,316.694544092194,2.13321633216317,0.033675411460735,13,16929.0991564208,17199.7231884923,-8452.54957821042,-8586.86159424613,0,1,1
"ReHS","LowTempVC_Lag14",0.0661074590235006,0.047959763371601,1923.62369389215,1.37839418662865,0.168241904109851,13,13408.3080759578,13027.4406972927,-6692.1540379789,-6500.72034864634,382.867378665123,1,2.95592862809995e-85
"ReHS","AvgTempVC_Lag14",0.013607502739006,0.044989285557225,1716.14010749856,0.302460965326904,0.762337339315824,13,13201.4673427806,13192.0900031999,-6588.73367139028,-6583.04500159994,11.3773395806711,1,0.000743455236528391
"ReHS","HiTempVC_Lag14",0.0121067472935091,0.0298956574401903,1899.09837855544,0.404966752035144,0.685547560311797,13,13408.3080759578,13407.9929083249,-6692.1540379789,-6690.99645416243,2.31516763295258,1,0.128117488098945
"ReHS","TempRangeVC_Lag14",-0.0111107262975217,0.034225240246375,936.525833028161,-0.324635450840948,0.74552949083901,13,13408.3080759578,13400.1358138347,-6692.1540379789,-6687.06790691734,10.172262123122,1,0.00142569246905506
"ReHS","SetPointVC_Lag14",0.0179816968360391,0.0410506987853611,0.912137545972179,0.438036315290483,0.742576426712459,13,6330.3366780439,6422.28220268029,-3153.16833902195,-3198.14110134014,0,1,1
