,Airspace id,Fullname,Date (America/Chicago),Temperature shock - color,Temperature (°C) - data,ReHS - color,ReHS - data
161,389,"House 1, Floor 1, Room 3",2021-02-08,blue,,blue,
162,389,"House 1, Floor 1, Room 3",2021-02-09,blue,,blue,
163,389,"House 1, Floor 1, Room 3",2021-02-10,green,,blue,
0,389,"House 1, Floor 1, Room 3",2021-02-11,green,20.72,blue,
164,389,"House 1, Floor 1, Room 3",2021-02-12,green,,blue,
165,389,"House 1, Floor 1, Room 3",2021-02-13,blue,,blue,
166,389,"House 1, Floor 1, Room 3",2021-02-14,blue,,blue,
167,389,"House 1, Floor 1, Room 3",2021-02-15,blue,,blue,
168,389,"House 1, Floor 1, Room 3",2021-02-16,blue,,blue,
169,389,"House 1, Floor 1, Room 3",2021-02-17,blue,,blue,
170,389,"House 1, Floor 1, Room 3",2021-02-18,blue,,blue,
171,389,"House 1, Floor 1, Room 3",2021-02-19,blue,,blue,
172,389,"House 1, Floor 1, Room 3",2021-02-20,blue,,blue,
173,389,"House 1, Floor 1, Room 3",2021-02-21,blue,,blue,
174,389,"House 1, Floor 1, Room 3",2021-02-22,blue,,blue,
175,389,"House 1, Floor 1, Room 3",2021-02-23,blue,,blue,
1,389,"House 1, Floor 1, Room 3",2021-02-24,blue,18.15,blue,
176,389,"House 1, Floor 1, Room 3",2021-02-25,blue,,blue,
177,389,"House 1, Floor 1, Room 3",2021-02-26,blue,,blue,
178,389,"House 1, Floor 1, Room 3",2021-02-27,blue,,blue,
179,389,"House 1, Floor 1, Room 3",2021-02-28,blue,,blue,
180,389,"House 1, Floor 1, Room 3",2021-03-01,blue,,blue,
2,389,"House 1, Floor 1, Room 3",2021-03-02,green,13.95,green,
3,389,"House 1, Floor 1, Room 3",2021-03-03,green,15.35,green,98.0
4,389,"House 1, Floor 1, Room 3",2021-03-04,red,17.13,green,97.0
5,389,"House 1, Floor 1, Room 3",2021-03-05,green,16.5,green,99.0
6,389,"House 1, Floor 1, Room 3",2021-03-06,green,16.72,green,98.0
7,389,"House 1, Floor 1, Room 3",2021-03-07,green,16.93,green,97.0
8,389,"House 1, Floor 1, Room 3",2021-03-08,green,18.28,green,99.0
9,389,"House 1, Floor 1, Room 3",2021-03-09,green,17.78,green,95.0
10,389,"House 1, Floor 1, Room 3",2021-03-10,green,18.04,green,94.0
11,389,"House 1, Floor 1, Room 3",2021-03-11,green,18.33,green,91.0
12,389,"House 1, Floor 1, Room 3",2021-03-12,green,16.95,green,95.0
13,389,"House 1, Floor 1, Room 3",2021-03-13,green,17.18,green,87.0
14,389,"House 1, Floor 1, Room 3",2021-03-14,green,16.86,green,92.0
15,389,"House 1, Floor 1, Room 3",2021-03-15,green,16.57,green,95.0
16,389,"House 1, Floor 1, Room 3",2021-03-16,green,16.8,green,94.0
17,389,"House 1, Floor 1, Room 3",2021-03-17,yellow,22.94,green,90.0
18,389,"House 1, Floor 1, Room 3",2021-03-18,green,27.29,green,88.0
19,389,"House 1, Floor 1, Room 3",2021-03-19,yellow,27.34,green,79.0
20,389,"House 1, Floor 1, Room 3",2021-03-20,yellow,27.53,green,86.0
21,389,"House 1, Floor 1, Room 3",2021-03-21,yellow,27.36,green,90.0
22,389,"House 1, Floor 1, Room 3",2021-03-22,green,27.31,green,90.0
23,389,"House 1, Floor 1, Room 3",2021-03-23,green,26.56,green,66.0
24,389,"House 1, Floor 1, Room 3",2021-03-24,green,27.41,green,95.0
25,389,"House 1, Floor 1, Room 3",2021-03-25,green,26.68,green,97.0
26,389,"House 1, Floor 1, Room 3",2021-03-26,green,26.91,green,94.0
27,389,"House 1, Floor 1, Room 3",2021-03-27,green,27.68,green,96.0
28,389,"House 1, Floor 1, Room 3",2021-03-28,yellow,26.34,green,95.0
29,389,"House 1, Floor 1, Room 3",2021-03-29,green,26.6,green,94.0
30,389,"House 1, Floor 1, Room 3",2021-03-30,green,26.54,green,99.0
31,389,"House 1, Floor 1, Room 3",2021-03-31,green,25.68,green,98.0
32,389,"House 1, Floor 1, Room 3",2021-04-01,yellow,25.51,green,98.0
33,389,"House 1, Floor 1, Room 3",2021-04-02,green,25.48,green,98.0
34,389,"House 1, Floor 1, Room 3",2021-04-03,green,25.64,green,99.0
35,389,"House 1, Floor 1, Room 3",2021-04-04,green,25.95,green,99.0
36,389,"House 1, Floor 1, Room 3",2021-04-05,green,25.98,green,99.0
37,389,"House 1, Floor 1, Room 3",2021-04-06,green,26.42,green,98.0
38,389,"House 1, Floor 1, Room 3",2021-04-07,green,26.7,green,98.0
39,389,"House 1, Floor 1, Room 3",2021-04-08,green,24.22,green,96.0
40,389,"House 1, Floor 1, Room 3",2021-04-09,green,25.55,green,94.0
41,389,"House 1, Floor 1, Room 3",2021-04-10,green,24.23,green,94.0
42,389,"House 1, Floor 1, Room 3",2021-04-11,green,23.29,green,96.0
43,389,"House 1, Floor 1, Room 3",2021-04-12,green,23.66,green,94.0
44,389,"House 1, Floor 1, Room 3",2021-04-13,yellow,23.25,green,93.0
45,389,"House 1, Floor 1, Room 3",2021-04-14,yellow,23.31,green,93.0
46,389,"House 1, Floor 1, Room 3",2021-04-15,green,22.99,green,96.0
47,389,"House 1, Floor 1, Room 3",2021-04-16,green,22.98,green,90.0
48,389,"House 1, Floor 1, Room 3",2021-04-17,green,22.55,green,95.0
49,389,"House 1, Floor 1, Room 3",2021-04-18,green,22.99,green,94.0
50,389,"House 1, Floor 1, Room 3",2021-04-19,green,23.41,green,92.0
51,389,"House 1, Floor 1, Room 3",2021-04-20,green,22.35,green,95.0
52,389,"House 1, Floor 1, Room 3",2021-04-21,yellow,22.46,green,91.0
53,389,"House 1, Floor 1, Room 3",2021-04-22,yellow,22.81,green,89.0
54,389,"House 1, Floor 1, Room 3",2021-04-23,green,22.35,green,86.0
55,389,"House 1, Floor 1, Room 3",2021-04-24,green,22.69,green,93.0
56,389,"House 1, Floor 1, Room 3",2021-04-25,green,23.05,green,90.0
57,389,"House 1, Floor 1, Room 3",2021-04-26,green,24.17,green,93.0
58,389,"House 1, Floor 1, Room 3",2021-04-27,green,25.79,green,95.0
59,389,"House 1, Floor 1, Room 3",2021-04-28,green,25.12,green,92.0
60,389,"House 1, Floor 1, Room 3",2021-04-29,green,24.02,green,97.0
61,389,"House 1, Floor 1, Room 3",2021-04-30,green,23.6,green,95.0
62,389,"House 1, Floor 1, Room 3",2021-05-01,green,23.64,green,94.0
63,389,"House 1, Floor 1, Room 3",2021-05-02,green,23.82,green,95.0
64,389,"House 1, Floor 1, Room 3",2021-05-03,green,24.32,green,95.0
65,389,"House 1, Floor 1, Room 3",2021-05-04,green,23.13,green,94.0
66,389,"House 1, Floor 1, Room 3",2021-05-05,green,22.35,green,94.0
67,389,"House 1, Floor 1, Room 3",2021-05-06,green,21.49,green,95.0
68,389,"House 1, Floor 1, Room 3",2021-05-07,green,20.6,green,95.0
181,389,"House 1, Floor 1, Room 3",2021-05-08,green,,green,95.0
182,389,"House 1, Floor 1, Room 3",2021-05-09,green,,green,93.0
69,389,"House 1, Floor 1, Room 3",2021-05-10,green,22.07,green,94.0
70,389,"House 1, Floor 1, Room 3",2021-05-11,green,21.95,green,96.0
71,389,"House 1, Floor 1, Room 3",2021-05-12,green,22.12,green,93.0
72,389,"House 1, Floor 1, Room 3",2021-05-13,yellow,22.74,green,96.0
73,389,"House 1, Floor 1, Room 3",2021-05-14,green,22.97,green,94.0
74,389,"House 1, Floor 1, Room 3",2021-05-15,green,22.41,green,94.0
75,389,"House 1, Floor 1, Room 3",2021-05-16,green,24.04,green,95.0
76,389,"House 1, Floor 1, Room 3",2021-05-17,green,24.79,green,96.0
77,389,"House 1, Floor 1, Room 3",2021-05-18,green,24.69,green,92.0
78,389,"House 1, Floor 1, Room 3",2021-05-19,blue,25.03,green,87.0
79,389,"House 1, Floor 1, Room 3",2021-05-20,yellow,26.67,green,88.0
80,389,"House 1, Floor 1, Room 3",2021-05-21,yellow,26.49,green,94.0
81,389,"House 1, Floor 1, Room 3",2021-05-22,yellow,26.7,green,90.0
82,389,"House 1, Floor 1, Room 3",2021-05-23,yellow,27.64,green,90.0
83,389,"House 1, Floor 1, Room 3",2021-05-24,yellow,27.41,green,94.0
84,389,"House 1, Floor 1, Room 3",2021-05-25,yellow,28.01,green,95.0
85,389,"House 1, Floor 1, Room 3",2021-05-26,yellow,26.73,green,95.0
86,389,"House 1, Floor 1, Room 3",2021-05-27,green,25.75,green,90.0
87,389,"House 1, Floor 1, Room 3",2021-05-28,green,23.86,green,89.0
88,389,"House 1, Floor 1, Room 3",2021-05-29,green,22.32,green,96.0
89,389,"House 1, Floor 1, Room 3",2021-05-30,green,23.52,green,95.0
90,389,"House 1, Floor 1, Room 3",2021-05-31,green,24.26,green,95.0
91,389,"House 1, Floor 1, Room 3",2021-06-01,green,24.6,green,95.0
92,389,"House 1, Floor 1, Room 3",2021-06-02,green,24.49,green,94.0
93,389,"House 1, Floor 1, Room 3",2021-06-03,green,25.79,green,98.0
94,389,"House 1, Floor 1, Room 3",2021-06-04,yellow,27.16,green,91.0
95,389,"House 1, Floor 1, Room 3",2021-06-05,yellow,27.4,green,91.0
96,389,"House 1, Floor 1, Room 3",2021-06-06,green,26.77,green,94.0
97,389,"House 1, Floor 1, Room 3",2021-06-07,green,26.7,green,94.0
98,389,"House 1, Floor 1, Room 3",2021-06-08,green,26.22,green,95.0
99,389,"House 1, Floor 1, Room 3",2021-06-09,green,27.18,green,95.0
100,389,"House 1, Floor 1, Room 3",2021-06-10,yellow,28.23,green,93.0
101,389,"House 1, Floor 1, Room 3",2021-06-11,yellow,29.71,green,96.0
102,389,"House 1, Floor 1, Room 3",2021-06-12,yellow,30.37,green,96.0
103,389,"House 1, Floor 1, Room 3",2021-06-13,yellow,28.79,green,96.0
104,389,"House 1, Floor 1, Room 3",2021-06-14,red,28.69,green,93.0
105,389,"House 1, Floor 1, Room 3",2021-06-15,yellow,27.11,green,88.0
106,389,"House 1, Floor 1, Room 3",2021-06-16,yellow,26.97,green,92.0
107,389,"House 1, Floor 1, Room 3",2021-06-17,red,27.87,green,93.0
108,389,"House 1, Floor 1, Room 3",2021-06-18,red,30.53,green,94.0
109,389,"House 1, Floor 1, Room 3",2021-06-19,green,27.75,green,94.0
110,389,"House 1, Floor 1, Room 3",2021-06-20,green,29.02,green,97.0
111,389,"House 1, Floor 1, Room 3",2021-06-21,green,25.84,green,89.0
112,389,"House 1, Floor 1, Room 3",2021-06-22,green,24.65,green,94.0
113,389,"House 1, Floor 1, Room 3",2021-06-23,yellow,25.74,green,98.0
114,389,"House 1, Floor 1, Room 3",2021-06-24,green,26.49,green,96.0
115,389,"House 1, Floor 1, Room 3",2021-06-25,green,27.02,green,98.0
116,389,"House 1, Floor 1, Room 3",2021-06-26,yellow,28.68,green,96.0
117,389,"House 1, Floor 1, Room 3",2021-06-27,yellow,28.36,green,98.0
118,389,"House 1, Floor 1, Room 3",2021-06-28,green,28.31,green,96.0
119,389,"House 1, Floor 1, Room 3",2021-06-29,yellow,29.4,green,98.0
120,389,"House 1, Floor 1, Room 3",2021-06-30,yellow,27.64,green,94.0
121,389,"House 1, Floor 1, Room 3",2021-07-01,yellow,26.66,green,95.0
122,389,"House 1, Floor 1, Room 3",2021-07-02,green,25.31,green,92.0
123,389,"House 1, Floor 1, Room 3",2021-07-03,green,25.81,green,98.0
124,389,"House 1, Floor 1, Room 3",2021-07-04,yellow,27.45,green,98.0
125,389,"House 1, Floor 1, Room 3",2021-07-05,yellow,28.33,green,99.0
126,389,"House 1, Floor 1, Room 3",2021-07-06,yellow,28.99,green,95.0
127,389,"House 1, Floor 1, Room 3",2021-07-07,yellow,28.55,green,97.0
128,389,"House 1, Floor 1, Room 3",2021-07-08,yellow,27.77,green,96.0
129,389,"House 1, Floor 1, Room 3",2021-07-09,green,26.56,green,95.0
130,389,"House 1, Floor 1, Room 3",2021-07-10,green,25.67,green,93.0
131,389,"House 1, Floor 1, Room 3",2021-07-11,green,26.22,green,96.0
132,389,"House 1, Floor 1, Room 3",2021-07-12,green,26.26,green,96.0
133,389,"House 1, Floor 1, Room 3",2021-07-13,green,26.41,green,95.0
134,389,"House 1, Floor 1, Room 3",2021-07-14,yellow,27.71,green,97.0
135,389,"House 1, Floor 1, Room 3",2021-07-15,yellow,27.99,green,96.0
136,389,"House 1, Floor 1, Room 3",2021-07-16,green,25.67,green,99.0
137,389,"House 1, Floor 1, Room 3",2021-07-17,green,26.61,green,98.0
138,389,"House 1, Floor 1, Room 3",2021-07-18,yellow,26.97,green,95.0
139,389,"House 1, Floor 1, Room 3",2021-07-19,yellow,27.13,green,96.0
140,389,"House 1, Floor 1, Room 3",2021-07-20,yellow,27.05,green,97.0
141,389,"House 1, Floor 1, Room 3",2021-07-21,yellow,27.77,green,96.0
142,389,"House 1, Floor 1, Room 3",2021-07-22,yellow,27.75,green,98.0
143,389,"House 1, Floor 1, Room 3",2021-07-23,yellow,27.91,green,96.0
144,389,"House 1, Floor 1, Room 3",2021-07-24,yellow,29.13,green,93.0
145,389,"House 1, Floor 1, Room 3",2021-07-25,yellow,27.93,green,94.0
146,389,"House 1, Floor 1, Room 3",2021-07-26,yellow,27.95,green,92.0
147,389,"House 1, Floor 1, Room 3",2021-07-27,yellow,27.83,green,95.0
148,389,"House 1, Floor 1, Room 3",2021-07-28,yellow,27.89,green,91.0
149,389,"House 1, Floor 1, Room 3",2021-07-29,green,28.53,green,90.0
150,389,"House 1, Floor 1, Room 3",2021-07-30,green,25.92,green,93.0
151,389,"House 1, Floor 1, Room 3",2021-07-31,green,23.56,green,87.0
152,389,"House 1, Floor 1, Room 3",2021-08-01,yellow,25.76,green,95.0
153,389,"House 1, Floor 1, Room 3",2021-08-02,red,25.29,green,96.0
154,389,"House 1, Floor 1, Room 3",2021-08-03,red,25.85,green,97.0
155,389,"House 1, Floor 1, Room 3",2021-08-04,red,26.02,green,96.0
156,389,"House 1, Floor 1, Room 3",2021-08-05,yellow,26.16,green,96.0
157,389,"House 1, Floor 1, Room 3",2021-08-06,yellow,26.23,green,96.0
158,389,"House 1, Floor 1, Room 3",2021-08-07,yellow,26.83,green,97.0
159,389,"House 1, Floor 1, Room 3",2021-08-08,yellow,26.77,green,98.0
160,389,"House 1, Floor 1, Room 3",2021-08-09,green,26.77,green,
183,389,"House 1, Floor 1, Room 3",2021-08-09,green,25.89,green,95.0
184,389,"House 1, Floor 1, Room 3",2021-08-10,green,27.99,green,94.0
185,389,"House 1, Floor 1, Room 3",2021-08-11,yellow,28.78,green,96.0
186,389,"House 1, Floor 1, Room 3",2021-08-12,green,27.86,green,94.0
187,389,"House 1, Floor 1, Room 3",2021-08-13,green,26.83,green,95.0
188,389,"House 1, Floor 1, Room 3",2021-08-14,yellow,25.49,green,91.0
189,389,"House 1, Floor 1, Room 3",2021-08-15,green,25.17,green,93.0
190,389,"House 1, Floor 1, Room 3",2021-08-16,yellow,25.48,green,92.0
191,389,"House 1, Floor 1, Room 3",2021-08-17,yellow,26.11,green,95.0
192,389,"House 1, Floor 1, Room 3",2021-08-18,yellow,26.17,green,96.0
193,389,"House 1, Floor 1, Room 3",2021-08-19,yellow,25.88,green,94.0
194,389,"House 1, Floor 1, Room 3",2021-08-20,yellow,26.42,green,96.0
195,389,"House 1, Floor 1, Room 3",2021-08-21,green,24.8,green,97.0
196,389,"House 1, Floor 1, Room 3",2021-08-22,yellow,26.74,green,93.0
197,389,"House 1, Floor 1, Room 3",2021-08-23,yellow,26.92,green,97.0
198,389,"House 1, Floor 1, Room 3",2021-08-24,yellow,28.0,green,97.0
199,389,"House 1, Floor 1, Room 3",2021-08-25,yellow,28.09,green,96.0
200,389,"House 1, Floor 1, Room 3",2021-08-26,green,26.9,green,94.0
201,389,"House 1, Floor 1, Room 3",2021-08-27,green,25.64,green,96.0
202,389,"House 1, Floor 1, Room 3",2021-08-28,yellow,26.58,green,96.0
203,389,"House 1, Floor 1, Room 3",2021-08-29,yellow,27.14,green,95.0
204,389,"House 1, Floor 1, Room 3",2021-08-30,green,23.7,green,92.0
205,389,"House 1, Floor 1, Room 3",2021-08-31,yellow,24.49,green,91.0
206,389,"House 1, Floor 1, Room 3",2021-09-01,red,23.58,green,94.0
207,389,"House 1, Floor 1, Room 3",2021-09-02,yellow,21.44,green,98.0
208,389,"House 1, Floor 1, Room 3",2021-09-03,green,21.71,green,96.0
209,389,"House 1, Floor 1, Room 3",2021-09-04,green,22.48,green,98.0
210,389,"House 1, Floor 1, Room 3",2021-09-05,yellow,23.82,green,98.0
211,389,"House 1, Floor 1, Room 3",2021-09-06,green,23.75,green,98.0
212,389,"House 1, Floor 1, Room 3",2021-09-07,yellow,25.06,green,97.0
213,389,"House 1, Floor 1, Room 3",2021-09-08,red,22.36,green,95.0
214,389,"House 1, Floor 1, Room 3",2021-09-09,yellow,20.14,green,94.0
215,389,"House 1, Floor 1, Room 3",2021-09-10,green,21.24,green,97.0
216,389,"House 1, Floor 1, Room 3",2021-09-11,green,23.03,green,97.0
217,389,"House 1, Floor 1, Room 3",2021-09-12,green,23.61,green,97.0
218,389,"House 1, Floor 1, Room 3",2021-09-13,green,24.14,green,97.0
219,389,"House 1, Floor 1, Room 3",2021-09-14,yellow,24.4,green,98.0
220,389,"House 1, Floor 1, Room 3",2021-09-15,yellow,21.71,green,98.0
221,389,"House 1, Floor 1, Room 3",2021-09-16,green,22.58,green,98.0
222,389,"House 1, Floor 1, Room 3",2021-09-17,yellow,24.85,green,96.0
223,389,"House 1, Floor 1, Room 3",2021-09-18,yellow,25.97,green,96.0
224,389,"House 1, Floor 1, Room 3",2021-09-19,green,24.36,green,97.0
225,389,"House 1, Floor 1, Room 3",2021-09-20,green,25.01,green,99.0
226,389,"House 1, Floor 1, Room 3",2021-09-21,green,22.9,green,98.0
227,389,"House 1, Floor 1, Room 3",2021-09-22,green,19.23,green,98.0
228,389,"House 1, Floor 1, Room 3",2021-09-23,yellow,18.97,green,97.0
229,389,"House 1, Floor 1, Room 3",2021-09-24,blue,20.13,blue,97.0
230,389,"House 1, Floor 1, Room 3",2021-09-25,yellow,20.95,green,97.0
231,389,"House 1, Floor 1, Room 3",2021-09-26,green,20.68,green,98.0
232,389,"House 1, Floor 1, Room 3",2021-09-27,yellow,23.78,green,99.0
233,389,"House 1, Floor 1, Room 3",2021-09-28,yellow,25.38,green,98.0
234,389,"House 1, Floor 1, Room 3",2021-09-29,green,25.81,green,98.0
235,389,"House 1, Floor 1, Room 3",2021-09-30,green,28.3,green,98.0
236,389,"House 1, Floor 1, Room 3",2021-10-01,green,28.06,green,88.0
237,389,"House 1, Floor 1, Room 3",2021-10-02,green,27.13,green,94.0
238,389,"House 1, Floor 1, Room 3",2021-10-03,green,27.2,green,95.0
239,389,"House 1, Floor 1, Room 3",2021-10-04,green,27.71,green,94.0
240,389,"House 1, Floor 1, Room 3",2021-10-05,green,28.21,green,92.0
241,389,"House 1, Floor 1, Room 3",2021-10-06,green,27.92,green,93.0
242,389,"House 1, Floor 1, Room 3",2021-10-07,green,28.26,green,93.0
243,389,"House 1, Floor 1, Room 3",2021-10-08,green,28.02,green,89.0
244,389,"House 1, Floor 1, Room 3",2021-10-09,green,28.86,green,95.0
245,389,"House 1, Floor 1, Room 3",2021-10-10,green,29.3,green,95.0
246,389,"House 1, Floor 1, Room 3",2021-10-11,green,28.14,green,94.0
247,389,"House 1, Floor 1, Room 3",2021-10-12,green,27.32,green,95.0
248,389,"House 1, Floor 1, Room 3",2021-10-13,green,27.1,green,95.0
249,389,"House 1, Floor 1, Room 3",2021-10-14,green,27.91,green,96.0
250,389,"House 1, Floor 1, Room 3",2021-10-15,green,26.57,green,93.0
251,389,"House 1, Floor 1, Room 3",2021-10-16,yellow,24.84,green,96.0
252,389,"House 1, Floor 1, Room 3",2021-10-17,yellow,25.19,green,96.0
253,389,"House 1, Floor 1, Room 3",2021-10-18,yellow,25.08,green,98.0
254,389,"House 1, Floor 1, Room 3",2021-10-19,green,24.52,green,97.0
255,389,"House 1, Floor 1, Room 3",2021-10-20,green,24.92,green,97.0
256,389,"House 1, Floor 1, Room 3",2021-10-21,green,24.22,green,96.0
257,389,"House 1, Floor 1, Room 3",2021-10-22,green,23.16,green,92.0
258,389,"House 1, Floor 1, Room 3",2021-10-23,green,23.27,green,90.0
259,389,"House 1, Floor 1, Room 3",2021-10-24,green,25.17,green,95.0
260,389,"House 1, Floor 1, Room 3",2021-10-25,green,24.05,green,93.0
261,389,"House 1, Floor 1, Room 3",2021-10-26,yellow,24.76,green,96.0
262,389,"House 1, Floor 1, Room 3",2021-10-27,green,23.61,green,94.0
263,389,"House 1, Floor 1, Room 3",2021-10-28,green,23.22,green,96.0
264,389,"House 1, Floor 1, Room 3",2021-10-29,green,23.67,green,94.0
265,389,"House 1, Floor 1, Room 3",2021-10-30,green,22.93,green,94.0
266,389,"House 1, Floor 1, Room 3",2021-10-31,yellow,22.67,green,96.0
267,389,"House 1, Floor 1, Room 3",2021-11-01,green,22.18,green,93.0
268,389,"House 1, Floor 1, Room 3",2021-11-02,yellow,22.29,green,94.0
269,389,"House 1, Floor 1, Room 3",2021-11-03,yellow,22.35,green,94.0
270,389,"House 1, Floor 1, Room 3",2021-11-04,yellow,22.45,green,79.0
271,389,"House 1, Floor 1, Room 3",2021-11-05,yellow,22.45,green,90.0
272,389,"House 1, Floor 1, Room 3",2021-11-06,yellow,22.66,green,94.0
273,389,"House 1, Floor 1, Room 3",2021-11-07,green,23.0,green,94.0
274,389,"House 1, Floor 1, Room 3",2021-11-08,green,23.49,green,91.0
275,389,"House 1, Floor 1, Room 3",2021-11-09,green,23.14,green,88.0
276,389,"House 1, Floor 1, Room 3",2021-11-10,green,23.3,green,91.0
277,389,"House 1, Floor 1, Room 3",2021-11-11,green,22.84,green,91.0
278,389,"House 1, Floor 1, Room 3",2021-11-12,green,21.95,green,94.0
279,389,"House 1, Floor 1, Room 3",2021-11-13,green,21.7,green,91.0
280,389,"House 1, Floor 1, Room 3",2021-11-14,green,21.56,green,91.0
281,389,"House 1, Floor 1, Room 3",2021-11-15,green,21.4,green,96.0
282,389,"House 1, Floor 1, Room 3",2021-11-16,green,22.48,green,94.0
283,389,"House 1, Floor 1, Room 3",2021-11-17,green,22.75,green,94.0
284,389,"House 1, Floor 1, Room 3",2021-11-18,green,20.61,green,94.0
285,389,"House 1, Floor 1, Room 3",2021-11-19,green,20.26,green,81.0
286,389,"House 1, Floor 1, Room 3",2021-11-20,green,20.97,green,84.0
287,389,"House 1, Floor 1, Room 3",2021-11-21,green,20.98,green,84.0
288,389,"House 1, Floor 1, Room 3",2021-11-22,green,19.96,red,36.0
289,389,"House 1, Floor 1, Room 3",2021-11-23,green,20.32,red,28.0
290,389,"House 1, Floor 1, Room 3",2021-11-24,green,21.57,red,28.0
291,389,"House 1, Floor 1, Room 3",2021-11-25,green,21.47,red,23.0
292,389,"House 1, Floor 1, Room 3",2021-11-26,green,20.68,red,28.0
293,389,"House 1, Floor 1, Room 3",2021-11-27,green,21.27,red,32.0
294,389,"House 1, Floor 1, Room 3",2021-11-28,green,20.9,yellow,54.0
295,389,"House 1, Floor 1, Room 3",2021-11-29,green,20.52,yellow,50.0
296,389,"House 1, Floor 1, Room 3",2021-11-30,green,21.38,green,79.0
297,389,"House 1, Floor 1, Room 3",2021-12-01,green,21.78,green,88.0
298,389,"House 1, Floor 1, Room 3",2021-12-02,green,22.52,green,91.0
299,389,"House 1, Floor 1, Room 3",2021-12-03,green,22.61,green,75.0
300,389,"House 1, Floor 1, Room 3",2021-12-04,green,21.02,yellow,53.0
301,389,"House 1, Floor 1, Room 3",2021-12-05,green,21.85,yellow,53.0
302,389,"House 1, Floor 1, Room 3",2021-12-06,green,20.66,red,37.0
303,389,"House 1, Floor 1, Room 3",2021-12-07,green,20.07,red,31.0
304,389,"House 1, Floor 1, Room 3",2021-12-08,green,20.54,red,27.0
305,389,"House 1, Floor 1, Room 3",2021-12-09,green,21.31,red,32.0
306,389,"House 1, Floor 1, Room 3",2021-12-10,green,22.95,red,31.0
307,389,"House 1, Floor 1, Room 3",2021-12-11,green,21.31,yellow,53.0
308,389,"House 1, Floor 1, Room 3",2021-12-12,green,20.71,green,78.0
309,389,"House 1, Floor 1, Room 3",2021-12-13,green,20.94,green,79.0
310,389,"House 1, Floor 1, Room 3",2021-12-14,green,21.81,green,85.0
311,389,"House 1, Floor 1, Room 3",2021-12-15,green,23.62,green,88.0
312,389,"House 1, Floor 1, Room 3",2021-12-16,green,22.44,green,91.0
313,389,"House 1, Floor 1, Room 3",2021-12-17,green,20.46,green,87.0
314,389,"House 1, Floor 1, Room 3",2021-12-18,green,20.92,green,91.0
315,389,"House 1, Floor 1, Room 3",2021-12-19,green,20.44,green,93.0
316,389,"House 1, Floor 1, Room 3",2021-12-20,green,20.39,green,90.0
317,389,"House 1, Floor 1, Room 3",2021-12-21,green,20.57,green,90.0
318,389,"House 1, Floor 1, Room 3",2021-12-22,green,20.36,green,84.0
319,389,"House 1, Floor 1, Room 3",2021-12-23,green,21.27,green,90.0
320,389,"House 1, Floor 1, Room 3",2021-12-24,green,22.96,green,78.0
321,389,"House 1, Floor 1, Room 3",2021-12-25,green,23.48,green,76.0
322,389,"House 1, Floor 1, Room 3",2021-12-26,green,21.96,green,88.0
323,389,"House 1, Floor 1, Room 3",2021-12-27,green,23.23,green,88.0
324,389,"House 1, Floor 1, Room 3",2021-12-28,green,21.52,green,91.0
325,389,"House 1, Floor 1, Room 3",2021-12-29,green,21.29,green,94.0
326,389,"House 1, Floor 1, Room 3",2021-12-30,green,21.76,green,96.0
327,389,"House 1, Floor 1, Room 3",2021-12-31,green,22.91,green,91.0
328,389,"House 1, Floor 1, Room 3",2022-01-01,green,21.65,green,96.0
329,389,"House 1, Floor 1, Room 3",2022-01-02,green,20.0,green,94.0
330,389,"House 1, Floor 1, Room 3",2022-01-03,green,19.7,green,96.0
331,389,"House 1, Floor 1, Room 3",2022-01-04,green,19.97,green,96.0
332,389,"House 1, Floor 1, Room 3",2022-01-05,green,20.23,green,96.0
333,389,"House 1, Floor 1, Room 3",2022-01-06,green,19.18,green,94.0
334,389,"House 1, Floor 1, Room 3",2022-01-07,green,19.22,green,94.0
335,389,"House 1, Floor 1, Room 3",2022-01-08,green,20.08,green,96.0
336,389,"House 1, Floor 1, Room 3",2022-01-09,green,20.6,green,96.0
337,389,"House 1, Floor 1, Room 3",2022-01-10,green,19.72,green,96.0
338,389,"House 1, Floor 1, Room 3",2022-01-11,green,19.9,green,91.0
339,389,"House 1, Floor 1, Room 3",2022-01-12,green,21.21,green,90.0
340,389,"House 1, Floor 1, Room 3",2022-01-13,green,21.12,green,94.0
341,389,"House 1, Floor 1, Room 3",2022-01-14,green,20.92,green,96.0
342,389,"House 1, Floor 1, Room 3",2022-01-15,green,20.62,green,96.0
343,389,"House 1, Floor 1, Room 3",2022-01-16,green,19.93,green,96.0
344,389,"House 1, Floor 1, Room 3",2022-01-17,green,19.93,green,96.0
345,389,"House 1, Floor 1, Room 3",2022-01-18,green,20.67,green,97.0
346,389,"House 1, Floor 1, Room 3",2022-01-19,green,20.21,green,96.0
347,389,"House 1, Floor 1, Room 3",2022-01-20,green,18.89,green,96.0
348,389,"House 1, Floor 1, Room 3",2022-01-21,green,19.01,green,97.0
349,389,"House 1, Floor 1, Room 3",2022-01-22,green,19.53,green,96.0
350,389,"House 1, Floor 1, Room 3",2022-01-23,green,19.95,green,97.0
351,389,"House 1, Floor 1, Room 3",2022-01-24,green,20.27,green,97.0
352,389,"House 1, Floor 1, Room 3",2022-01-25,green,19.19,green,98.0
353,389,"House 1, Floor 1, Room 3",2022-01-26,green,19.01,green,97.0
354,389,"House 1, Floor 1, Room 3",2022-01-27,green,19.78,green,94.0
355,389,"House 1, Floor 1, Room 3",2022-01-28,green,19.34,green,96.0
356,389,"House 1, Floor 1, Room 3",2022-01-29,green,19.1,green,94.0
357,389,"House 1, Floor 1, Room 3",2022-01-30,green,19.76,green,99.0
358,389,"House 1, Floor 1, Room 3",2022-01-31,green,19.86,green,96.0
359,389,"House 1, Floor 1, Room 3",2022-02-01,green,21.18,green,97.0
360,389,"House 1, Floor 1, Room 3",2022-02-02,green,20.0,green,99.0
361,389,"House 1, Floor 1, Room 3",2022-02-03,green,19.04,green,94.0
362,389,"House 1, Floor 1, Room 3",2022-02-04,green,18.94,green,96.0
363,389,"House 1, Floor 1, Room 3",2022-02-05,green,18.51,green,94.0
364,389,"House 1, Floor 1, Room 3",2022-02-06,green,19.13,green,87.0
365,389,"House 1, Floor 1, Room 3",2022-02-07,green,19.13,green,
366,389,"House 1, Floor 1, Room 3",2022-02-07,green,19.37,green,94.0
367,389,"House 1, Floor 1, Room 3",2022-02-08,green,20.05,green,96.0
368,389,"House 1, Floor 1, Room 3",2022-02-09,green,20.34,green,96.0
369,389,"House 1, Floor 1, Room 3",2022-02-10,green,19.91,green,97.0
370,389,"House 1, Floor 1, Room 3",2022-02-11,green,20.1,green,97.0
371,389,"House 1, Floor 1, Room 3",2022-02-12,green,18.48,green,96.0
372,389,"House 1, Floor 1, Room 3",2022-02-13,green,18.38,green,94.0
373,389,"House 1, Floor 1, Room 3",2022-02-14,green,18.38,green,94.0
374,389,"House 1, Floor 1, Room 3",2022-02-15,green,19.47,green,96.0
375,389,"House 1, Floor 1, Room 3",2022-02-16,green,21.27,green,94.0
376,389,"House 1, Floor 1, Room 3",2022-02-17,red,18.39,green,94.0
377,389,"House 1, Floor 1, Room 3",2022-02-18,green,17.64,green,93.0
378,389,"House 1, Floor 1, Room 3",2022-02-19,green,17.67,green,96.0
379,389,"House 1, Floor 1, Room 3",2022-02-20,green,18.84,green,81.0
380,389,"House 1, Floor 1, Room 3",2022-02-21,yellow,20.09,green,85.0
381,389,"House 1, Floor 1, Room 3",2022-02-22,green,19.99,green,94.0
382,389,"House 1, Floor 1, Room 3",2022-02-23,green,16.81,green,89.0
383,389,"House 1, Floor 1, Room 3",2022-02-24,green,16.68,green,95.0
384,389,"House 1, Floor 1, Room 3",2022-02-25,green,16.67,green,95.0
385,389,"House 1, Floor 1, Room 3",2022-02-26,green,16.98,green,90.0
386,389,"House 1, Floor 1, Room 3",2022-02-27,green,17.41,green,92.0
387,389,"House 1, Floor 1, Room 3",2022-02-28,green,17.68,green,89.0
388,389,"House 1, Floor 1, Room 3",2022-03-01,green,18.52,green,66.0
389,389,"House 1, Floor 1, Room 3",2022-03-02,green,19.29,green,82.0
390,389,"House 1, Floor 1, Room 3",2022-03-03,red,16.2,green,87.0
391,389,"House 1, Floor 1, Room 3",2022-03-04,green,16.74,green,86.0
392,389,"House 1, Floor 1, Room 3",2022-03-05,green,19.22,green,89.0
393,389,"House 1, Floor 1, Room 3",2022-03-06,green,18.0,green,89.0
394,389,"House 1, Floor 1, Room 3",2022-03-07,yellow,15.71,green,86.0
395,389,"House 1, Floor 1, Room 3",2022-03-08,green,15.74,green,87.0
396,389,"House 1, Floor 1, Room 3",2022-03-09,red,15.82,green,84.0
397,389,"House 1, Floor 1, Room 3",2022-03-10,red,15.16,green,84.0
398,389,"House 1, Floor 1, Room 3",2022-03-11,red,15.03,green,97.0
399,389,"House 1, Floor 1, Room 3",2022-03-12,red,15.22,green,97.0
400,389,"House 1, Floor 1, Room 3",2022-03-13,yellow,15.2,green,96.0
401,389,"House 1, Floor 1, Room 3",2022-03-14,green,15.43,green,96.0
402,389,"House 1, Floor 1, Room 3",2022-03-15,yellow,16.85,green,97.0
403,389,"House 1, Floor 1, Room 3",2022-03-16,yellow,17.38,green,96.0
404,389,"House 1, Floor 1, Room 3",2022-03-17,yellow,17.34,green,97.0
405,389,"House 1, Floor 1, Room 3",2022-03-18,green,13.93,green,97.0
406,389,"House 1, Floor 1, Room 3",2022-03-19,yellow,13.39,green,96.0
407,389,"House 1, Floor 1, Room 3",2022-03-20,yellow,14.47,green,97.0
408,389,"House 1, Floor 1, Room 3",2022-03-21,green,15.47,green,97.0
409,389,"House 1, Floor 1, Room 3",2022-03-22,green,12.83,green,96.0
410,389,"House 1, Floor 1, Room 3",2022-03-23,green,12.58,green,97.0
411,389,"House 1, Floor 1, Room 3",2022-03-24,blue,9.5,blue,
412,389,"House 1, Floor 1, Room 3",2022-03-25,blue,,blue,
413,389,"House 1, Floor 1, Room 3",2022-03-26,blue,,blue,
414,389,"House 1, Floor 1, Room 3",2022-03-27,blue,,blue,
415,389,"House 1, Floor 1, Room 3",2022-03-28,blue,,blue,
416,389,"House 1, Floor 1, Room 3",2022-03-29,blue,,blue,
417,389,"House 1, Floor 1, Room 3",2022-03-30,blue,,blue,
418,389,"House 1, Floor 1, Room 3",2022-03-31,blue,,blue,
419,389,"House 1, Floor 1, Room 3",2022-04-01,blue,,blue,
581,390,"House 1, Floor 1, Room 4",2021-02-08,blue,,blue,
582,390,"House 1, Floor 1, Room 4",2021-02-09,blue,,blue,
583,390,"House 1, Floor 1, Room 4",2021-02-10,green,,blue,
578,390,"House 1, Floor 1, Room 4",2021-02-11,green,21.02,blue,
584,390,"House 1, Floor 1, Room 4",2021-02-12,green,,blue,
585,390,"House 1, Floor 1, Room 4",2021-02-13,blue,,blue,
586,390,"House 1, Floor 1, Room 4",2021-02-14,blue,,blue,
587,390,"House 1, Floor 1, Room 4",2021-02-15,blue,,blue,
588,390,"House 1, Floor 1, Room 4",2021-02-16,blue,,blue,
589,390,"House 1, Floor 1, Room 4",2021-02-17,blue,,blue,
590,390,"House 1, Floor 1, Room 4",2021-02-18,blue,,blue,
591,390,"House 1, Floor 1, Room 4",2021-02-19,blue,,blue,
592,390,"House 1, Floor 1, Room 4",2021-02-20,blue,,blue,
593,390,"House 1, Floor 1, Room 4",2021-02-21,blue,,blue,
594,390,"House 1, Floor 1, Room 4",2021-02-22,blue,,blue,
595,390,"House 1, Floor 1, Room 4",2021-02-23,blue,,blue,
579,390,"House 1, Floor 1, Room 4",2021-02-24,blue,17.84,blue,
596,390,"House 1, Floor 1, Room 4",2021-02-25,blue,,blue,
597,390,"House 1, Floor 1, Room 4",2021-02-26,blue,,blue,
598,390,"House 1, Floor 1, Room 4",2021-02-27,blue,,blue,
599,390,"House 1, Floor 1, Room 4",2021-02-28,blue,,blue,
600,390,"House 1, Floor 1, Room 4",2021-03-01,green,,blue,
420,390,"House 1, Floor 1, Room 4",2021-03-02,green,16.48,green,
421,390,"House 1, Floor 1, Room 4",2021-03-03,green,16.73,green,99.0
422,390,"House 1, Floor 1, Room 4",2021-03-04,yellow,17.1,green,97.0
423,390,"House 1, Floor 1, Room 4",2021-03-05,green,19.4,green,98.0
424,390,"House 1, Floor 1, Room 4",2021-03-06,yellow,26.81,green,96.0
425,390,"House 1, Floor 1, Room 4",2021-03-07,green,28.33,green,96.0
426,390,"House 1, Floor 1, Room 4",2021-03-08,yellow,27.93,green,98.0
427,390,"House 1, Floor 1, Room 4",2021-03-09,yellow,27.77,red,75.0
428,390,"House 1, Floor 1, Room 4",2021-03-10,yellow,27.8,green,30.0
429,390,"House 1, Floor 1, Room 4",2021-03-11,yellow,27.29,yellow,66.0
430,390,"House 1, Floor 1, Room 4",2021-03-12,green,27.58,red,51.0
431,390,"House 1, Floor 1, Room 4",2021-03-13,yellow,27.85,red,31.0
432,390,"House 1, Floor 1, Room 4",2021-03-14,yellow,27.96,red,26.0
433,390,"House 1, Floor 1, Room 4",2021-03-15,yellow,27.71,green,68.0
434,390,"House 1, Floor 1, Room 4",2021-03-16,green,27.45,red,36.0
435,390,"House 1, Floor 1, Room 4",2021-03-17,yellow,27.74,red,21.0
436,390,"House 1, Floor 1, Room 4",2021-03-18,yellow,27.4,green,64.0
437,390,"House 1, Floor 1, Room 4",2021-03-19,yellow,27.76,yellow,49.0
438,390,"House 1, Floor 1, Room 4",2021-03-20,yellow,27.91,yellow,45.0
439,390,"House 1, Floor 1, Room 4",2021-03-21,yellow,28.0,yellow,53.0
440,390,"House 1, Floor 1, Room 4",2021-03-22,green,27.87,green,76.0
441,390,"House 1, Floor 1, Room 4",2021-03-23,green,27.11,green,64.0
442,390,"House 1, Floor 1, Room 4",2021-03-24,green,27.59,green,72.0
443,390,"House 1, Floor 1, Room 4",2021-03-25,green,27.15,green,83.0
444,390,"House 1, Floor 1, Room 4",2021-03-26,green,27.44,green,64.0
445,390,"House 1, Floor 1, Room 4",2021-03-27,green,28.02,green,87.0
446,390,"House 1, Floor 1, Room 4",2021-03-28,green,27.17,green,90.0
447,390,"House 1, Floor 1, Room 4",2021-03-29,green,27.57,green,95.0
448,390,"House 1, Floor 1, Room 4",2021-03-30,green,27.43,green,98.0
449,390,"House 1, Floor 1, Room 4",2021-03-31,green,27.28,green,96.0
450,390,"House 1, Floor 1, Room 4",2021-04-01,green,27.5,green,97.0
451,390,"House 1, Floor 1, Room 4",2021-04-02,yellow,26.88,green,96.0
452,390,"House 1, Floor 1, Room 4",2021-04-03,green,26.52,green,97.0
453,390,"House 1, Floor 1, Room 4",2021-04-04,green,26.63,green,97.0
454,390,"House 1, Floor 1, Room 4",2021-04-05,green,26.61,green,96.0
455,390,"House 1, Floor 1, Room 4",2021-04-06,green,26.66,green,97.0
456,390,"House 1, Floor 1, Room 4",2021-04-07,green,26.88,green,96.0
457,390,"House 1, Floor 1, Room 4",2021-04-08,green,24.81,green,93.0
458,390,"House 1, Floor 1, Room 4",2021-04-09,green,25.99,green,98.0
459,390,"House 1, Floor 1, Room 4",2021-04-10,green,24.46,green,97.0
460,390,"House 1, Floor 1, Room 4",2021-04-11,green,23.58,green,96.0
461,390,"House 1, Floor 1, Room 4",2021-04-12,green,24.35,green,98.0
462,390,"House 1, Floor 1, Room 4",2021-04-13,green,23.91,green,99.0
463,390,"House 1, Floor 1, Room 4",2021-04-14,green,39.8,green,96.0
464,390,"House 1, Floor 1, Room 4",2021-04-15,green,43.61,green,98.0
465,390,"House 1, Floor 1, Room 4",2021-04-16,green,23.09,green,98.0
466,390,"House 1, Floor 1, Room 4",2021-04-17,green,22.34,green,96.0
467,390,"House 1, Floor 1, Room 4",2021-04-18,green,22.96,green,97.0
468,390,"House 1, Floor 1, Room 4",2021-04-19,green,23.05,green,96.0
469,390,"House 1, Floor 1, Room 4",2021-04-20,green,22.83,green,95.0
470,390,"House 1, Floor 1, Room 4",2021-04-21,green,22.6,green,94.0
471,390,"House 1, Floor 1, Room 4",2021-04-22,green,22.59,green,96.0
472,390,"House 1, Floor 1, Room 4",2021-04-23,green,22.26,green,93.0
473,390,"House 1, Floor 1, Room 4",2021-04-24,green,22.02,green,91.0
474,390,"House 1, Floor 1, Room 4",2021-04-25,green,22.66,green,95.0
475,390,"House 1, Floor 1, Room 4",2021-04-26,green,23.93,green,92.0
476,390,"House 1, Floor 1, Room 4",2021-04-27,green,25.4,green,98.0
477,390,"House 1, Floor 1, Room 4",2021-04-28,green,25.0,green,96.0
478,390,"House 1, Floor 1, Room 4",2021-04-29,green,23.69,green,95.0
479,390,"House 1, Floor 1, Room 4",2021-04-30,green,23.21,green,95.0
480,390,"House 1, Floor 1, Room 4",2021-05-01,green,23.49,green,96.0
481,390,"House 1, Floor 1, Room 4",2021-05-02,green,23.45,green,97.0
482,390,"House 1, Floor 1, Room 4",2021-05-03,green,24.21,green,98.0
483,390,"House 1, Floor 1, Room 4",2021-05-04,green,22.62,green,99.0
484,390,"House 1, Floor 1, Room 4",2021-05-05,green,22.0,green,98.0
485,390,"House 1, Floor 1, Room 4",2021-05-06,green,21.46,green,97.0
486,390,"House 1, Floor 1, Room 4",2021-05-07,green,21.43,green,95.0
601,390,"House 1, Floor 1, Room 4",2021-05-08,green,,green,95.0
602,390,"House 1, Floor 1, Room 4",2021-05-09,green,,green,98.0
487,390,"House 1, Floor 1, Room 4",2021-05-10,green,21.75,green,95.0
488,390,"House 1, Floor 1, Room 4",2021-05-11,green,21.82,green,96.0
489,390,"House 1, Floor 1, Room 4",2021-05-12,green,21.79,green,98.0
490,390,"House 1, Floor 1, Room 4",2021-05-13,yellow,22.38,green,96.0
491,390,"House 1, Floor 1, Room 4",2021-05-14,green,22.63,green,96.0
492,390,"House 1, Floor 1, Room 4",2021-05-15,green,22.29,green,93.0
493,390,"House 1, Floor 1, Room 4",2021-05-16,green,23.9,green,96.0
494,390,"House 1, Floor 1, Room 4",2021-05-17,green,24.75,green,95.0
495,390,"House 1, Floor 1, Room 4",2021-05-18,green,24.4,green,97.0
496,390,"House 1, Floor 1, Room 4",2021-05-19,blue,25.15,green,95.0
497,390,"House 1, Floor 1, Room 4",2021-05-20,green,26.46,green,98.0
498,390,"House 1, Floor 1, Room 4",2021-05-21,green,26.36,green,97.0
499,390,"House 1, Floor 1, Room 4",2021-05-22,green,26.41,green,92.0
500,390,"House 1, Floor 1, Room 4",2021-05-23,yellow,27.2,green,95.0
501,390,"House 1, Floor 1, Room 4",2021-05-24,green,27.44,green,95.0
502,390,"House 1, Floor 1, Room 4",2021-05-25,yellow,27.92,green,93.0
503,390,"House 1, Floor 1, Room 4",2021-05-26,yellow,26.64,green,96.0
504,390,"House 1, Floor 1, Room 4",2021-05-27,green,25.66,green,97.0
505,390,"House 1, Floor 1, Room 4",2021-05-28,green,23.9,green,94.0
506,390,"House 1, Floor 1, Room 4",2021-05-29,green,22.91,green,98.0
507,390,"House 1, Floor 1, Room 4",2021-05-30,green,23.28,green,97.0
508,390,"House 1, Floor 1, Room 4",2021-05-31,green,24.06,green,96.0
509,390,"House 1, Floor 1, Room 4",2021-06-01,green,24.14,green,96.0
510,390,"House 1, Floor 1, Room 4",2021-06-02,green,24.32,green,97.0
511,390,"House 1, Floor 1, Room 4",2021-06-03,green,25.56,green,95.0
512,390,"House 1, Floor 1, Room 4",2021-06-04,yellow,26.84,green,92.0
513,390,"House 1, Floor 1, Room 4",2021-06-05,yellow,27.41,green,96.0
514,390,"House 1, Floor 1, Room 4",2021-06-06,green,26.67,green,96.0
515,390,"House 1, Floor 1, Room 4",2021-06-07,green,26.55,green,95.0
516,390,"House 1, Floor 1, Room 4",2021-06-08,green,25.88,green,96.0
517,390,"House 1, Floor 1, Room 4",2021-06-09,green,26.54,green,96.0
518,390,"House 1, Floor 1, Room 4",2021-06-10,yellow,27.81,green,95.0
519,390,"House 1, Floor 1, Room 4",2021-06-11,yellow,29.42,green,96.0
520,390,"House 1, Floor 1, Room 4",2021-06-12,yellow,30.11,green,95.0
521,390,"House 1, Floor 1, Room 4",2021-06-13,yellow,28.45,green,93.0
522,390,"House 1, Floor 1, Room 4",2021-06-14,yellow,28.37,green,97.0
523,390,"House 1, Floor 1, Room 4",2021-06-15,yellow,26.76,green,95.0
524,390,"House 1, Floor 1, Room 4",2021-06-16,yellow,26.72,green,92.0
525,390,"House 1, Floor 1, Room 4",2021-06-17,yellow,27.58,green,96.0
526,390,"House 1, Floor 1, Room 4",2021-06-18,yellow,30.52,green,97.0
527,390,"House 1, Floor 1, Room 4",2021-06-19,green,27.52,green,96.0
528,390,"House 1, Floor 1, Room 4",2021-06-20,green,29.02,green,94.0
529,390,"House 1, Floor 1, Room 4",2021-06-21,green,25.11,green,93.0
530,390,"House 1, Floor 1, Room 4",2021-06-22,yellow,24.16,green,88.0
531,390,"House 1, Floor 1, Room 4",2021-06-23,yellow,25.36,green,92.0
532,390,"House 1, Floor 1, Room 4",2021-06-24,green,26.16,green,94.0
533,390,"House 1, Floor 1, Room 4",2021-06-25,green,26.74,green,96.0
534,390,"House 1, Floor 1, Room 4",2021-06-26,yellow,28.33,green,92.0
535,390,"House 1, Floor 1, Room 4",2021-06-27,yellow,28.26,green,95.0
536,390,"House 1, Floor 1, Room 4",2021-06-28,green,27.93,green,95.0
537,390,"House 1, Floor 1, Room 4",2021-06-29,yellow,29.1,green,97.0
538,390,"House 1, Floor 1, Room 4",2021-06-30,yellow,27.11,green,97.0
539,390,"House 1, Floor 1, Room 4",2021-07-01,yellow,25.71,green,96.0
540,390,"House 1, Floor 1, Room 4",2021-07-02,yellow,24.32,green,96.0
541,390,"House 1, Floor 1, Room 4",2021-07-03,yellow,24.99,green,98.0
542,390,"House 1, Floor 1, Room 4",2021-07-04,yellow,26.57,green,97.0
543,390,"House 1, Floor 1, Room 4",2021-07-05,yellow,27.49,green,96.0
544,390,"House 1, Floor 1, Room 4",2021-07-06,yellow,28.39,green,96.0
545,390,"House 1, Floor 1, Room 4",2021-07-07,green,28.11,green,95.0
546,390,"House 1, Floor 1, Room 4",2021-07-08,yellow,27.34,green,92.0
547,390,"House 1, Floor 1, Room 4",2021-07-09,green,25.49,green,97.0
548,390,"House 1, Floor 1, Room 4",2021-07-10,green,24.38,green,96.0
549,390,"House 1, Floor 1, Room 4",2021-07-11,green,25.09,green,94.0
550,390,"House 1, Floor 1, Room 4",2021-07-12,green,25.71,green,95.0
551,390,"House 1, Floor 1, Room 4",2021-07-13,green,25.77,green,96.0
552,390,"House 1, Floor 1, Room 4",2021-07-14,yellow,26.88,green,98.0
553,390,"House 1, Floor 1, Room 4",2021-07-15,yellow,27.71,green,96.0
554,390,"House 1, Floor 1, Room 4",2021-07-16,green,24.89,green,96.0
555,390,"House 1, Floor 1, Room 4",2021-07-17,green,25.76,green,97.0
556,390,"House 1, Floor 1, Room 4",2021-07-18,yellow,25.83,green,97.0
557,390,"House 1, Floor 1, Room 4",2021-07-19,yellow,25.85,green,95.0
558,390,"House 1, Floor 1, Room 4",2021-07-20,yellow,26.3,green,95.0
559,390,"House 1, Floor 1, Room 4",2021-07-21,yellow,27.09,green,96.0
560,390,"House 1, Floor 1, Room 4",2021-07-22,yellow,27.71,green,96.0
561,390,"House 1, Floor 1, Room 4",2021-07-23,yellow,27.77,green,95.0
562,390,"House 1, Floor 1, Room 4",2021-07-24,yellow,28.68,green,95.0
563,390,"House 1, Floor 1, Room 4",2021-07-25,yellow,27.66,green,96.0
564,390,"House 1, Floor 1, Room 4",2021-07-26,yellow,27.96,green,95.0
565,390,"House 1, Floor 1, Room 4",2021-07-27,yellow,27.89,green,96.0
566,390,"House 1, Floor 1, Room 4",2021-07-28,yellow,28.09,green,97.0
567,390,"House 1, Floor 1, Room 4",2021-07-29,green,28.6,green,95.0
568,390,"House 1, Floor 1, Room 4",2021-07-30,green,25.9,green,95.0
569,390,"House 1, Floor 1, Room 4",2021-07-31,green,23.98,green,95.0
570,390,"House 1, Floor 1, Room 4",2021-08-01,green,25.14,green,94.0
571,390,"House 1, Floor 1, Room 4",2021-08-02,yellow,24.68,green,96.0
572,390,"House 1, Floor 1, Room 4",2021-08-03,yellow,24.72,green,95.0
573,390,"House 1, Floor 1, Room 4",2021-08-04,yellow,25.06,green,94.0
574,390,"House 1, Floor 1, Room 4",2021-08-05,green,25.36,green,96.0
575,390,"House 1, Floor 1, Room 4",2021-08-06,green,26.01,green,98.0
576,390,"House 1, Floor 1, Room 4",2021-08-07,yellow,26.89,green,90.0
577,390,"House 1, Floor 1, Room 4",2021-08-08,yellow,26.95,green,96.0
580,390,"House 1, Floor 1, Room 4",2021-08-09,green,26.95,green,
603,390,"House 1, Floor 1, Room 4",2021-08-09,green,26.06,green,94.0
604,390,"House 1, Floor 1, Room 4",2021-08-10,green,28.07,green,94.0
605,390,"House 1, Floor 1, Room 4",2021-08-11,yellow,29.02,green,93.0
606,390,"House 1, Floor 1, Room 4",2021-08-12,green,28.11,green,83.0
607,390,"House 1, Floor 1, Room 4",2021-08-13,green,26.94,green,97.0
608,390,"House 1, Floor 1, Room 4",2021-08-14,yellow,25.33,green,94.0
609,390,"House 1, Floor 1, Room 4",2021-08-15,green,25.0,green,94.0
610,390,"House 1, Floor 1, Room 4",2021-08-16,yellow,25.57,green,91.0
611,390,"House 1, Floor 1, Room 4",2021-08-17,yellow,26.39,green,89.0
612,390,"House 1, Floor 1, Room 4",2021-08-18,yellow,26.48,green,96.0
613,390,"House 1, Floor 1, Room 4",2021-08-19,yellow,26.35,green,97.0
614,390,"House 1, Floor 1, Room 4",2021-08-20,yellow,26.88,green,97.0
615,390,"House 1, Floor 1, Room 4",2021-08-21,green,25.3,green,97.0
616,390,"House 1, Floor 1, Room 4",2021-08-22,yellow,27.09,green,97.0
617,390,"House 1, Floor 1, Room 4",2021-08-23,yellow,27.46,green,95.0
618,390,"House 1, Floor 1, Room 4",2021-08-24,red,28.23,green,96.0
619,390,"House 1, Floor 1, Room 4",2021-08-25,yellow,28.42,green,98.0
620,390,"House 1, Floor 1, Room 4",2021-08-26,green,27.27,green,97.0
621,390,"House 1, Floor 1, Room 4",2021-08-27,green,26.2,green,97.0
622,390,"House 1, Floor 1, Room 4",2021-08-28,yellow,27.06,green,99.0
623,390,"House 1, Floor 1, Room 4",2021-08-29,green,27.56,green,97.0
624,390,"House 1, Floor 1, Room 4",2021-08-30,green,24.25,green,96.0
625,390,"House 1, Floor 1, Room 4",2021-08-31,yellow,24.76,green,97.0
626,390,"House 1, Floor 1, Room 4",2021-09-01,yellow,23.41,green,97.0
627,390,"House 1, Floor 1, Room 4",2021-09-02,yellow,21.1,green,98.0
628,390,"House 1, Floor 1, Room 4",2021-09-03,green,21.42,green,98.0
629,390,"House 1, Floor 1, Room 4",2021-09-04,green,22.59,green,98.0
630,390,"House 1, Floor 1, Room 4",2021-09-05,green,23.56,green,96.0
631,390,"House 1, Floor 1, Room 4",2021-09-06,green,23.22,green,98.0
632,390,"House 1, Floor 1, Room 4",2021-09-07,green,24.68,green,98.0
633,390,"House 1, Floor 1, Room 4",2021-09-08,green,23.89,green,98.0
634,390,"House 1, Floor 1, Room 4",2021-09-09,green,22.56,green,98.0
635,390,"House 1, Floor 1, Room 4",2021-09-10,yellow,21.62,green,97.0
636,390,"House 1, Floor 1, Room 4",2021-09-11,green,23.07,green,98.0
637,390,"House 1, Floor 1, Room 4",2021-09-12,green,24.26,green,96.0
638,390,"House 1, Floor 1, Room 4",2021-09-13,yellow,24.84,green,98.0
639,390,"House 1, Floor 1, Room 4",2021-09-14,red,24.51,green,98.0
640,390,"House 1, Floor 1, Room 4",2021-09-15,green,20.09,green,97.0
641,390,"House 1, Floor 1, Room 4",2021-09-16,green,21.67,green,98.0
642,390,"House 1, Floor 1, Room 4",2021-09-17,green,24.33,green,96.0
643,390,"House 1, Floor 1, Room 4",2021-09-18,yellow,25.36,green,98.0
644,390,"House 1, Floor 1, Room 4",2021-09-19,yellow,24.57,green,97.0
645,390,"House 1, Floor 1, Room 4",2021-09-20,green,27.76,green,96.0
646,390,"House 1, Floor 1, Room 4",2021-09-21,green,26.74,green,91.0
647,390,"House 1, Floor 1, Room 4",2021-09-22,yellow,27.57,green,96.0
648,390,"House 1, Floor 1, Room 4",2021-09-23,green,27.1,green,95.0
649,390,"House 1, Floor 1, Room 4",2021-09-24,blue,27.3,blue,91.0
650,390,"House 1, Floor 1, Room 4",2021-09-25,green,27.26,green,96.0
651,390,"House 1, Floor 1, Room 4",2021-09-26,yellow,27.33,green,98.0
652,390,"House 1, Floor 1, Room 4",2021-09-27,green,28.42,green,98.0
653,390,"House 1, Floor 1, Room 4",2021-09-28,yellow,28.45,green,95.0
654,390,"House 1, Floor 1, Room 4",2021-09-29,yellow,28.23,green,98.0
655,390,"House 1, Floor 1, Room 4",2021-09-30,green,27.99,green,98.0
656,390,"House 1, Floor 1, Room 4",2021-10-01,green,27.46,green,96.0
657,390,"House 1, Floor 1, Room 4",2021-10-02,green,26.75,green,93.0
658,390,"House 1, Floor 1, Room 4",2021-10-03,green,26.8,green,93.0
659,390,"House 1, Floor 1, Room 4",2021-10-04,green,27.41,green,96.0
660,390,"House 1, Floor 1, Room 4",2021-10-05,green,27.15,green,92.0
661,390,"House 1, Floor 1, Room 4",2021-10-06,green,26.7,green,96.0
662,390,"House 1, Floor 1, Room 4",2021-10-07,green,27.76,green,98.0
663,390,"House 1, Floor 1, Room 4",2021-10-08,green,27.79,green,95.0
664,390,"House 1, Floor 1, Room 4",2021-10-09,green,28.88,green,97.0
665,390,"House 1, Floor 1, Room 4",2021-10-10,green,29.18,green,98.0
666,390,"House 1, Floor 1, Room 4",2021-10-11,green,28.22,green,98.0
667,390,"House 1, Floor 1, Room 4",2021-10-12,green,27.53,green,94.0
668,390,"House 1, Floor 1, Room 4",2021-10-13,green,27.86,green,95.0
669,390,"House 1, Floor 1, Room 4",2021-10-14,green,28.4,green,97.0
670,390,"House 1, Floor 1, Room 4",2021-10-15,green,27.9,green,95.0
671,390,"House 1, Floor 1, Room 4",2021-10-16,yellow,26.9,green,98.0
672,390,"House 1, Floor 1, Room 4",2021-10-17,green,26.8,green,94.0
673,390,"House 1, Floor 1, Room 4",2021-10-18,green,26.62,green,97.0
674,390,"House 1, Floor 1, Room 4",2021-10-19,green,26.27,green,96.0
675,390,"House 1, Floor 1, Room 4",2021-10-20,green,26.42,green,95.0
676,390,"House 1, Floor 1, Room 4",2021-10-21,green,26.06,green,93.0
677,390,"House 1, Floor 1, Room 4",2021-10-22,green,24.98,green,89.0
678,390,"House 1, Floor 1, Room 4",2021-10-23,green,25.25,green,90.0
679,390,"House 1, Floor 1, Room 4",2021-10-24,green,26.53,green,97.0
680,390,"House 1, Floor 1, Room 4",2021-10-25,green,25.11,green,96.0
681,390,"House 1, Floor 1, Room 4",2021-10-26,green,24.72,green,95.0
682,390,"House 1, Floor 1, Room 4",2021-10-27,green,24.73,green,94.0
683,390,"House 1, Floor 1, Room 4",2021-10-28,green,24.97,green,96.0
684,390,"House 1, Floor 1, Room 4",2021-10-29,green,24.44,green,94.0
685,390,"House 1, Floor 1, Room 4",2021-10-30,green,24.24,green,94.0
686,390,"House 1, Floor 1, Room 4",2021-10-31,green,23.78,green,97.0
687,390,"House 1, Floor 1, Room 4",2021-11-01,green,22.93,green,94.0
688,390,"House 1, Floor 1, Room 4",2021-11-02,green,23.0,green,96.0
689,390,"House 1, Floor 1, Room 4",2021-11-03,green,23.05,green,97.0
690,390,"House 1, Floor 1, Room 4",2021-11-04,yellow,22.56,green,93.0
691,390,"House 1, Floor 1, Room 4",2021-11-05,green,22.64,green,93.0
692,390,"House 1, Floor 1, Room 4",2021-11-06,green,22.84,green,94.0
693,390,"House 1, Floor 1, Room 4",2021-11-07,green,22.88,green,85.0
694,390,"House 1, Floor 1, Room 4",2021-11-08,green,23.11,green,85.0
695,390,"House 1, Floor 1, Room 4",2021-11-09,green,22.8,green,94.0
696,390,"House 1, Floor 1, Room 4",2021-11-10,green,22.79,green,96.0
697,390,"House 1, Floor 1, Room 4",2021-11-11,green,22.46,green,93.0
698,390,"House 1, Floor 1, Room 4",2021-11-12,green,22.0,green,94.0
699,390,"House 1, Floor 1, Room 4",2021-11-13,green,21.65,green,96.0
700,390,"House 1, Floor 1, Room 4",2021-11-14,green,21.47,green,94.0
701,390,"House 1, Floor 1, Room 4",2021-11-15,green,21.27,green,94.0
702,390,"House 1, Floor 1, Room 4",2021-11-16,green,22.13,green,94.0
703,390,"House 1, Floor 1, Room 4",2021-11-17,green,22.45,green,93.0
704,390,"House 1, Floor 1, Room 4",2021-11-18,green,20.84,green,91.0
705,390,"House 1, Floor 1, Room 4",2021-11-19,green,20.57,green,84.0
706,390,"House 1, Floor 1, Room 4",2021-11-20,green,20.46,green,82.0
707,390,"House 1, Floor 1, Room 4",2021-11-21,green,20.68,green,64.0
708,390,"House 1, Floor 1, Room 4",2021-11-22,green,19.99,red,35.0
709,390,"House 1, Floor 1, Room 4",2021-11-23,green,20.15,red,31.0
710,390,"House 1, Floor 1, Room 4",2021-11-24,green,20.98,red,24.0
711,390,"House 1, Floor 1, Room 4",2021-11-25,green,21.26,red,26.0
712,390,"House 1, Floor 1, Room 4",2021-11-26,green,20.73,red,32.0
713,390,"House 1, Floor 1, Room 4",2021-11-27,green,20.94,red,33.0
714,390,"House 1, Floor 1, Room 4",2021-11-28,green,20.87,red,37.0
715,390,"House 1, Floor 1, Room 4",2021-11-29,green,20.46,yellow,51.0
716,390,"House 1, Floor 1, Room 4",2021-11-30,green,21.21,yellow,51.0
717,390,"House 1, Floor 1, Room 4",2021-12-01,green,21.43,green,76.0
718,390,"House 1, Floor 1, Room 4",2021-12-02,green,22.21,green,78.0
719,390,"House 1, Floor 1, Room 4",2021-12-03,green,22.02,green,70.0
720,390,"House 1, Floor 1, Room 4",2021-12-04,green,21.15,red,33.0
721,390,"House 1, Floor 1, Room 4",2021-12-05,green,21.73,red,26.0
722,390,"House 1, Floor 1, Room 4",2021-12-06,green,20.77,red,24.0
723,390,"House 1, Floor 1, Room 4",2021-12-07,green,20.47,red,20.0
724,390,"House 1, Floor 1, Room 4",2021-12-08,green,20.76,red,21.0
725,390,"House 1, Floor 1, Room 4",2021-12-09,green,21.61,red,25.0
726,390,"House 1, Floor 1, Room 4",2021-12-10,green,23.15,red,33.0
727,390,"House 1, Floor 1, Room 4",2021-12-11,green,21.47,yellow,51.0
728,390,"House 1, Floor 1, Room 4",2021-12-12,green,20.96,green,79.0
729,390,"House 1, Floor 1, Room 4",2021-12-13,green,21.4,green,88.0
730,390,"House 1, Floor 1, Room 4",2021-12-14,green,21.69,green,94.0
731,390,"House 1, Floor 1, Room 4",2021-12-15,green,23.41,green,93.0
732,390,"House 1, Floor 1, Room 4",2021-12-16,green,22.23,green,94.0
733,390,"House 1, Floor 1, Room 4",2021-12-17,green,21.12,green,93.0
734,390,"House 1, Floor 1, Room 4",2021-12-18,green,21.36,green,93.0
735,390,"House 1, Floor 1, Room 4",2021-12-19,green,20.86,green,94.0
736,390,"House 1, Floor 1, Room 4",2021-12-20,green,20.85,green,91.0
737,390,"House 1, Floor 1, Room 4",2021-12-21,green,21.17,green,94.0
738,390,"House 1, Floor 1, Room 4",2021-12-22,green,20.62,green,93.0
739,390,"House 1, Floor 1, Room 4",2021-12-23,green,21.46,green,91.0
740,390,"House 1, Floor 1, Room 4",2021-12-24,green,23.26,green,93.0
741,390,"House 1, Floor 1, Room 4",2021-12-25,green,23.89,green,93.0
742,390,"House 1, Floor 1, Room 4",2021-12-26,green,23.47,green,96.0
743,390,"House 1, Floor 1, Room 4",2021-12-27,green,23.78,green,97.0
744,390,"House 1, Floor 1, Room 4",2021-12-28,green,22.19,green,96.0
745,390,"House 1, Floor 1, Room 4",2021-12-29,green,22.18,green,94.0
746,390,"House 1, Floor 1, Room 4",2021-12-30,green,22.5,green,96.0
747,390,"House 1, Floor 1, Room 4",2021-12-31,green,23.47,green,96.0
748,390,"House 1, Floor 1, Room 4",2022-01-01,green,22.92,green,94.0
749,390,"House 1, Floor 1, Room 4",2022-01-02,green,20.51,green,91.0
750,390,"House 1, Floor 1, Room 4",2022-01-03,green,20.42,green,91.0
751,390,"House 1, Floor 1, Room 4",2022-01-04,green,20.63,green,96.0
752,390,"House 1, Floor 1, Room 4",2022-01-05,green,20.75,green,94.0
753,390,"House 1, Floor 1, Room 4",2022-01-06,green,20.27,green,93.0
754,390,"House 1, Floor 1, Room 4",2022-01-07,green,20.34,green,94.0
755,390,"House 1, Floor 1, Room 4",2022-01-08,green,20.94,green,93.0
756,390,"House 1, Floor 1, Room 4",2022-01-09,green,21.22,green,96.0
757,390,"House 1, Floor 1, Room 4",2022-01-10,green,20.68,green,94.0
758,390,"House 1, Floor 1, Room 4",2022-01-11,green,20.75,green,90.0
759,390,"House 1, Floor 1, Room 4",2022-01-12,green,21.68,green,96.0
760,390,"House 1, Floor 1, Room 4",2022-01-13,green,21.64,green,96.0
761,390,"House 1, Floor 1, Room 4",2022-01-14,green,21.68,green,94.0
762,390,"House 1, Floor 1, Room 4",2022-01-15,green,21.41,green,94.0
763,390,"House 1, Floor 1, Room 4",2022-01-16,green,20.76,green,98.0
764,390,"House 1, Floor 1, Room 4",2022-01-17,green,21.07,green,96.0
765,390,"House 1, Floor 1, Room 4",2022-01-18,green,21.97,green,97.0
766,390,"House 1, Floor 1, Room 4",2022-01-19,green,21.19,green,96.0
767,390,"House 1, Floor 1, Room 4",2022-01-20,green,20.09,green,96.0
768,390,"House 1, Floor 1, Room 4",2022-01-21,green,19.89,green,96.0
769,390,"House 1, Floor 1, Room 4",2022-01-22,green,20.66,green,96.0
770,390,"House 1, Floor 1, Room 4",2022-01-23,green,20.9,green,97.0
771,390,"House 1, Floor 1, Room 4",2022-01-24,green,21.14,green,96.0
772,390,"House 1, Floor 1, Room 4",2022-01-25,green,20.28,green,96.0
773,390,"House 1, Floor 1, Room 4",2022-01-26,green,19.84,green,96.0
774,390,"House 1, Floor 1, Room 4",2022-01-27,green,20.72,green,94.0
775,390,"House 1, Floor 1, Room 4",2022-01-28,green,20.43,green,97.0
776,390,"House 1, Floor 1, Room 4",2022-01-29,green,20.17,green,96.0
777,390,"House 1, Floor 1, Room 4",2022-01-30,green,20.6,green,96.0
778,390,"House 1, Floor 1, Room 4",2022-01-31,green,20.59,green,97.0
779,390,"House 1, Floor 1, Room 4",2022-02-01,green,21.75,green,97.0
780,390,"House 1, Floor 1, Room 4",2022-02-02,green,20.79,green,96.0
781,390,"House 1, Floor 1, Room 4",2022-02-03,green,20.1,green,94.0
782,390,"House 1, Floor 1, Room 4",2022-02-04,green,20.02,green,90.0
783,390,"House 1, Floor 1, Room 4",2022-02-05,green,19.77,green,96.0
784,390,"House 1, Floor 1, Room 4",2022-02-06,green,20.38,green,96.0
785,390,"House 1, Floor 1, Room 4",2022-02-07,green,20.38,green,
786,390,"House 1, Floor 1, Room 4",2022-02-07,green,20.27,green,96.0
787,390,"House 1, Floor 1, Room 4",2022-02-08,green,20.73,green,93.0
788,390,"House 1, Floor 1, Room 4",2022-02-09,green,21.1,green,94.0
789,390,"House 1, Floor 1, Room 4",2022-02-10,green,20.61,green,97.0
790,390,"House 1, Floor 1, Room 4",2022-02-11,green,20.92,green,96.0
791,390,"House 1, Floor 1, Room 4",2022-02-12,green,19.7,green,94.0
792,390,"House 1, Floor 1, Room 4",2022-02-13,green,19.41,green,96.0
793,390,"House 1, Floor 1, Room 4",2022-02-14,green,19.93,green,96.0
794,390,"House 1, Floor 1, Room 4",2022-02-15,green,20.65,green,94.0
795,390,"House 1, Floor 1, Room 4",2022-02-16,yellow,22.19,green,93.0
796,390,"House 1, Floor 1, Room 4",2022-02-17,green,20.3,green,93.0
797,390,"House 1, Floor 1, Room 4",2022-02-18,green,19.38,green,96.0
798,390,"House 1, Floor 1, Room 4",2022-02-19,green,19.07,green,79.0
799,390,"House 1, Floor 1, Room 4",2022-02-20,green,20.06,green,90.0
800,390,"House 1, Floor 1, Room 4",2022-02-21,yellow,21.55,green,96.0
801,390,"House 1, Floor 1, Room 4",2022-02-22,green,21.47,green,96.0
802,390,"House 1, Floor 1, Room 4",2022-02-23,green,19.04,green,95.0
803,390,"House 1, Floor 1, Room 4",2022-02-24,green,19.14,green,94.0
804,390,"House 1, Floor 1, Room 4",2022-02-25,green,18.56,green,95.0
805,390,"House 1, Floor 1, Room 4",2022-02-26,green,18.6,green,79.0
806,390,"House 1, Floor 1, Room 4",2022-02-27,green,18.85,green,94.0
807,390,"House 1, Floor 1, Room 4",2022-02-28,green,19.62,green,92.0
808,390,"House 1, Floor 1, Room 4",2022-03-01,green,20.02,green,89.0
809,390,"House 1, Floor 1, Room 4",2022-03-02,green,20.64,green,90.0
810,390,"House 1, Floor 1, Room 4",2022-03-03,green,18.09,green,92.0
811,390,"House 1, Floor 1, Room 4",2022-03-04,green,17.81,green,89.0
812,390,"House 1, Floor 1, Room 4",2022-03-05,green,20.4,green,95.0
813,390,"House 1, Floor 1, Room 4",2022-03-06,green,19.61,green,95.0
814,390,"House 1, Floor 1, Room 4",2022-03-07,green,17.18,green,90.0
815,390,"House 1, Floor 1, Room 4",2022-03-08,green,16.61,green,90.0
816,390,"House 1, Floor 1, Room 4",2022-03-09,green,16.74,green,89.0
817,390,"House 1, Floor 1, Room 4",2022-03-10,green,15.91,green,87.0
818,390,"House 1, Floor 1, Room 4",2022-03-11,yellow,15.82,green,96.0
819,390,"House 1, Floor 1, Room 4",2022-03-12,yellow,16.17,green,96.0
820,390,"House 1, Floor 1, Room 4",2022-03-13,yellow,15.63,green,96.0
821,390,"House 1, Floor 1, Room 4",2022-03-14,green,15.81,green,97.0
822,390,"House 1, Floor 1, Room 4",2022-03-15,yellow,16.76,green,96.0
823,390,"House 1, Floor 1, Room 4",2022-03-16,yellow,17.26,green,97.0
824,390,"House 1, Floor 1, Room 4",2022-03-17,yellow,17.03,green,97.0
825,390,"House 1, Floor 1, Room 4",2022-03-18,green,14.89,green,96.0
826,390,"House 1, Floor 1, Room 4",2022-03-19,yellow,14.84,green,96.0
827,390,"House 1, Floor 1, Room 4",2022-03-20,yellow,15.51,green,96.0
828,390,"House 1, Floor 1, Room 4",2022-03-21,green,15.52,green,96.0
829,390,"House 1, Floor 1, Room 4",2022-03-22,green,13.05,green,97.0
830,390,"House 1, Floor 1, Room 4",2022-03-23,green,12.41,green,97.0
831,390,"House 1, Floor 1, Room 4",2022-03-24,green,12.81,green,96.0
832,390,"House 1, Floor 1, Room 4",2022-03-25,green,17.81,green,96.0
833,390,"House 1, Floor 1, Room 4",2022-03-26,green,19.27,green,97.0
834,390,"House 1, Floor 1, Room 4",2022-03-27,green,25.51,green,96.0
835,390,"House 1, Floor 1, Room 4",2022-03-28,yellow,29.09,green,97.0
836,390,"House 1, Floor 1, Room 4",2022-03-29,green,28.14,green,92.0
837,390,"House 1, Floor 1, Room 4",2022-03-30,green,28.48,green,96.0
838,390,"House 1, Floor 1, Room 4",2022-03-31,yellow,27.46,green,97.0
839,390,"House 1, Floor 1, Room 4",2022-04-01,green,28.44,green,93.0
