,Airspace id,Fullname,Date (America/Chicago),Temperature shock - color,Temperature (°C) - data,ReHS - color,ReHS - data
166,342,"Barn 1, Room 2 (south)",2020-12-09,green,,blue,
0,342,"Barn 1, Room 2 (south)",2020-12-10,green,30.0,green,
1,342,"Barn 1, Room 2 (south)",2020-12-11,green,29.83,green,96.0
2,342,"Barn 1, Room 2 (south)",2020-12-12,green,29.56,green,96.0
3,342,"Barn 1, Room 2 (south)",2020-12-13,green,28.88,green,98.0
4,342,"Barn 1, Room 2 (south)",2020-12-14,green,28.76,green,96.0
5,342,"Barn 1, Room 2 (south)",2020-12-15,green,28.48,green,97.0
6,342,"Barn 1, Room 2 (south)",2020-12-16,green,28.41,green,97.0
7,342,"Barn 1, Room 2 (south)",2020-12-17,green,28.21,green,97.0
8,342,"Barn 1, Room 2 (south)",2020-12-18,green,27.97,green,98.0
9,342,"Barn 1, Room 2 (south)",2020-12-19,green,27.63,green,97.0
10,342,"Barn 1, Room 2 (south)",2020-12-20,green,27.31,green,97.0
11,342,"Barn 1, Room 2 (south)",2020-12-21,green,27.14,green,97.0
12,342,"Barn 1, Room 2 (south)",2020-12-22,green,26.95,green,96.0
13,342,"Barn 1, Room 2 (south)",2020-12-23,green,26.63,green,90.0
14,342,"Barn 1, Room 2 (south)",2020-12-24,green,26.33,green,81.0
15,342,"Barn 1, Room 2 (south)",2020-12-25,green,26.41,green,82.0
16,342,"Barn 1, Room 2 (south)",2020-12-26,green,26.45,green,80.0
17,342,"Barn 1, Room 2 (south)",2020-12-27,green,26.3,green,84.0
18,342,"Barn 1, Room 2 (south)",2020-12-28,green,26.04,green,84.0
19,342,"Barn 1, Room 2 (south)",2020-12-29,green,25.77,yellow,74.0
20,342,"Barn 1, Room 2 (south)",2020-12-30,green,25.74,green,56.0
21,342,"Barn 1, Room 2 (south)",2020-12-31,green,25.73,green,84.0
22,342,"Barn 1, Room 2 (south)",2021-01-01,green,25.74,green,75.0
23,342,"Barn 1, Room 2 (south)",2021-01-02,green,25.75,yellow,67.0
24,342,"Barn 1, Room 2 (south)",2021-01-03,green,25.39,yellow,56.0
25,342,"Barn 1, Room 2 (south)",2021-01-04,green,25.99,green,55.0
26,342,"Barn 1, Room 2 (south)",2021-01-05,green,25.62,yellow,70.0
27,342,"Barn 1, Room 2 (south)",2021-01-06,green,25.96,green,57.0
28,342,"Barn 1, Room 2 (south)",2021-01-07,green,25.6,green,64.0
29,342,"Barn 1, Room 2 (south)",2021-01-08,green,25.78,green,77.0
30,342,"Barn 1, Room 2 (south)",2021-01-09,green,25.28,green,84.0
31,342,"Barn 1, Room 2 (south)",2021-01-10,green,25.07,green,84.0
32,342,"Barn 1, Room 2 (south)",2021-01-11,green,25.22,green,88.0
33,342,"Barn 1, Room 2 (south)",2021-01-12,green,25.28,green,83.0
34,342,"Barn 1, Room 2 (south)",2021-01-13,green,25.47,green,80.0
35,342,"Barn 1, Room 2 (south)",2021-01-14,green,25.54,green,74.0
36,342,"Barn 1, Room 2 (south)",2021-01-15,green,24.84,yellow,74.0
37,342,"Barn 1, Room 2 (south)",2021-01-16,green,24.67,green,56.0
38,342,"Barn 1, Room 2 (south)",2021-01-17,green,24.75,green,64.0
39,342,"Barn 1, Room 2 (south)",2021-01-18,green,24.59,green,72.0
40,342,"Barn 1, Room 2 (south)",2021-01-19,green,24.53,green,81.0
41,342,"Barn 1, Room 2 (south)",2021-01-20,green,23.76,green,85.0
42,342,"Barn 1, Room 2 (south)",2021-01-21,green,24.16,green,82.0
43,342,"Barn 1, Room 2 (south)",2021-01-22,green,24.2,green,82.0
44,342,"Barn 1, Room 2 (south)",2021-01-23,green,23.92,green,80.0
45,342,"Barn 1, Room 2 (south)",2021-01-24,green,24.01,green,80.0
46,342,"Barn 1, Room 2 (south)",2021-01-25,green,24.06,green,79.0
47,342,"Barn 1, Room 2 (south)",2021-01-26,green,24.37,green,84.0
48,342,"Barn 1, Room 2 (south)",2021-01-27,green,24.06,green,89.0
49,342,"Barn 1, Room 2 (south)",2021-01-28,green,23.67,green,87.0
50,342,"Barn 1, Room 2 (south)",2021-01-29,green,23.52,green,90.0
51,342,"Barn 1, Room 2 (south)",2021-01-30,green,23.74,yellow,75.0
52,342,"Barn 1, Room 2 (south)",2021-01-31,green,23.92,yellow,45.0
53,342,"Barn 1, Room 2 (south)",2021-02-01,green,24.07,yellow,45.0
54,342,"Barn 1, Room 2 (south)",2021-02-02,green,23.52,yellow,50.0
55,342,"Barn 1, Room 2 (south)",2021-02-03,green,23.67,yellow,48.0
56,342,"Barn 1, Room 2 (south)",2021-02-04,green,23.61,yellow,50.0
57,342,"Barn 1, Room 2 (south)",2021-02-05,green,23.39,yellow,52.0
58,342,"Barn 1, Room 2 (south)",2021-02-06,green,23.37,yellow,51.0
59,342,"Barn 1, Room 2 (south)",2021-02-07,green,23.43,yellow,49.0
60,342,"Barn 1, Room 2 (south)",2021-02-08,green,23.12,yellow,51.0
61,342,"Barn 1, Room 2 (south)",2021-02-09,green,22.8,yellow,48.0
62,342,"Barn 1, Room 2 (south)",2021-02-10,green,22.68,green,55.0
63,342,"Barn 1, Room 2 (south)",2021-02-11,green,22.57,green,67.0
64,342,"Barn 1, Room 2 (south)",2021-02-12,green,22.57,green,66.0
65,342,"Barn 1, Room 2 (south)",2021-02-13,green,22.47,green,69.0
66,342,"Barn 1, Room 2 (south)",2021-02-14,green,22.09,green,73.0
67,342,"Barn 1, Room 2 (south)",2021-02-15,green,21.96,green,80.0
68,342,"Barn 1, Room 2 (south)",2021-02-16,green,21.93,green,76.0
69,342,"Barn 1, Room 2 (south)",2021-02-17,green,22.04,green,77.0
70,342,"Barn 1, Room 2 (south)",2021-02-18,green,21.93,green,80.0
71,342,"Barn 1, Room 2 (south)",2021-02-19,green,21.8,green,85.0
72,342,"Barn 1, Room 2 (south)",2021-02-20,green,21.91,green,78.0
73,342,"Barn 1, Room 2 (south)",2021-02-21,green,22.25,green,75.0
74,342,"Barn 1, Room 2 (south)",2021-02-22,green,21.78,green,71.0
75,342,"Barn 1, Room 2 (south)",2021-02-23,green,21.42,green,80.0
76,342,"Barn 1, Room 2 (south)",2021-02-24,green,21.9,green,84.0
77,342,"Barn 1, Room 2 (south)",2021-02-25,green,21.73,green,84.0
78,342,"Barn 1, Room 2 (south)",2021-02-26,green,21.3,green,86.0
79,342,"Barn 1, Room 2 (south)",2021-02-27,green,21.77,green,82.0
80,342,"Barn 1, Room 2 (south)",2021-02-28,green,21.14,green,82.0
81,342,"Barn 1, Room 2 (south)",2021-03-01,green,21.03,green,87.0
82,342,"Barn 1, Room 2 (south)",2021-03-02,green,20.31,green,85.0
83,342,"Barn 1, Room 2 (south)",2021-03-03,green,21.27,green,73.0
84,342,"Barn 1, Room 2 (south)",2021-03-04,yellow,20.6,green,80.0
85,342,"Barn 1, Room 2 (south)",2021-03-05,green,20.2,green,86.0
86,342,"Barn 1, Room 2 (south)",2021-03-06,green,20.67,green,83.0
87,342,"Barn 1, Room 2 (south)",2021-03-07,yellow,20.58,green,87.0
88,342,"Barn 1, Room 2 (south)",2021-03-08,green,20.84,green,90.0
89,342,"Barn 1, Room 2 (south)",2021-03-09,green,21.14,green,92.0
90,342,"Barn 1, Room 2 (south)",2021-03-10,green,21.2,green,89.0
91,342,"Barn 1, Room 2 (south)",2021-03-11,green,19.68,green,76.0
92,342,"Barn 1, Room 2 (south)",2021-03-12,green,19.71,green,79.0
93,342,"Barn 1, Room 2 (south)",2021-03-13,green,19.94,green,87.0
94,342,"Barn 1, Room 2 (south)",2021-03-14,green,19.76,green,90.0
95,342,"Barn 1, Room 2 (south)",2021-03-15,green,19.3,green,92.0
96,342,"Barn 1, Room 2 (south)",2021-03-16,green,18.83,green,93.0
97,342,"Barn 1, Room 2 (south)",2021-03-17,green,18.89,green,89.0
98,342,"Barn 1, Room 2 (south)",2021-03-18,yellow,19.28,green,93.0
99,342,"Barn 1, Room 2 (south)",2021-03-19,yellow,19.27,green,93.0
100,342,"Barn 1, Room 2 (south)",2021-03-20,green,19.3,green,94.0
101,342,"Barn 1, Room 2 (south)",2021-03-21,green,19.83,green,96.0
102,342,"Barn 1, Room 2 (south)",2021-03-22,green,18.92,green,96.0
103,342,"Barn 1, Room 2 (south)",2021-03-23,green,19.26,green,93.0
104,342,"Barn 1, Room 2 (south)",2021-03-24,green,18.67,green,91.0
105,342,"Barn 1, Room 2 (south)",2021-03-25,green,18.84,yellow,54.0
106,342,"Barn 1, Room 2 (south)",2021-03-26,green,19.17,red,32.0
107,342,"Barn 1, Room 2 (south)",2021-03-27,green,19.12,red,33.0
108,342,"Barn 1, Room 2 (south)",2021-03-28,green,18.4,red,35.0
109,342,"Barn 1, Room 2 (south)",2021-03-29,yellow,20.39,red,36.0
110,342,"Barn 1, Room 2 (south)",2021-03-30,green,18.6,yellow,45.0
111,342,"Barn 1, Room 2 (south)",2021-03-31,green,17.75,green,76.0
112,342,"Barn 1, Room 2 (south)",2021-04-01,yellow,18.37,green,86.0
113,342,"Barn 1, Room 2 (south)",2021-04-02,green,19.36,green,93.0
114,342,"Barn 1, Room 2 (south)",2021-04-03,red,21.23,green,93.0
115,342,"Barn 1, Room 2 (south)",2021-04-04,red,22.27,green,94.0
116,342,"Barn 1, Room 2 (south)",2021-04-05,red,23.41,green,96.0
117,342,"Barn 1, Room 2 (south)",2021-04-06,yellow,21.56,green,98.0
118,342,"Barn 1, Room 2 (south)",2021-04-07,green,20.98,green,97.0
119,342,"Barn 1, Room 2 (south)",2021-04-08,green,46.99,green,98.0
120,342,"Barn 1, Room 2 (south)",2021-04-09,green,28.69,green,96.0
121,342,"Barn 1, Room 2 (south)",2021-04-10,yellow,19.3,green,98.0
122,342,"Barn 1, Room 2 (south)",2021-04-11,green,19.79,green,96.0
123,342,"Barn 1, Room 2 (south)",2021-04-12,yellow,19.63,green,94.0
124,342,"Barn 1, Room 2 (south)",2021-04-13,yellow,18.8,green,96.0
125,342,"Barn 1, Room 2 (south)",2021-04-14,yellow,18.47,green,94.0
126,342,"Barn 1, Room 2 (south)",2021-04-15,green,18.59,green,71.0
127,342,"Barn 1, Room 2 (south)",2021-04-16,green,18.74,green,87.0
128,342,"Barn 1, Room 2 (south)",2021-04-17,green,19.67,green,88.0
129,342,"Barn 1, Room 2 (south)",2021-04-18,red,19.51,green,95.0
130,342,"Barn 1, Room 2 (south)",2021-04-19,green,18.02,green,96.0
131,342,"Barn 1, Room 2 (south)",2021-04-20,green,17.72,green,95.0
132,342,"Barn 1, Room 2 (south)",2021-04-21,green,18.03,green,95.0
133,342,"Barn 1, Room 2 (south)",2021-04-22,green,18.54,green,93.0
134,342,"Barn 1, Room 2 (south)",2021-04-23,green,19.14,green,93.0
135,342,"Barn 1, Room 2 (south)",2021-04-24,yellow,19.02,green,96.0
136,342,"Barn 1, Room 2 (south)",2021-04-25,green,19.78,green,97.0
137,342,"Barn 1, Room 2 (south)",2021-04-26,red,23.62,green,96.0
138,342,"Barn 1, Room 2 (south)",2021-04-27,green,20.77,green,91.0
139,342,"Barn 1, Room 2 (south)",2021-04-28,yellow,19.81,green,97.0
140,342,"Barn 1, Room 2 (south)",2021-04-29,yellow,20.67,green,94.0
141,342,"Barn 1, Room 2 (south)",2021-04-30,yellow,21.08,green,93.0
142,342,"Barn 1, Room 2 (south)",2021-05-01,red,25.07,green,96.0
143,342,"Barn 1, Room 2 (south)",2021-05-02,red,23.17,green,97.0
144,342,"Barn 1, Room 2 (south)",2021-05-03,green,20.2,green,97.0
145,342,"Barn 1, Room 2 (south)",2021-05-04,green,18.82,green,94.0
146,342,"Barn 1, Room 2 (south)",2021-05-05,green,18.86,green,96.0
147,342,"Barn 1, Room 2 (south)",2021-05-06,green,18.95,green,93.0
148,342,"Barn 1, Room 2 (south)",2021-05-07,green,18.16,green,92.0
167,342,"Barn 1, Room 2 (south)",2021-05-08,green,,green,94.0
168,342,"Barn 1, Room 2 (south)",2021-05-09,green,,green,91.0
149,342,"Barn 1, Room 2 (south)",2021-05-10,green,19.05,green,94.0
150,342,"Barn 1, Room 2 (south)",2021-05-11,green,18.6,green,90.0
151,342,"Barn 1, Room 2 (south)",2021-05-12,green,18.57,green,86.0
152,342,"Barn 1, Room 2 (south)",2021-05-13,green,18.94,green,89.0
153,342,"Barn 1, Room 2 (south)",2021-05-14,green,17.73,green,91.0
154,342,"Barn 1, Room 2 (south)",2021-05-15,yellow,19.86,green,90.0
155,342,"Barn 1, Room 2 (south)",2021-05-16,green,18.22,green,95.0
156,342,"Barn 1, Room 2 (south)",2021-05-17,green,17.75,green,98.0
157,342,"Barn 1, Room 2 (south)",2021-05-18,green,17.51,green,97.0
158,342,"Barn 1, Room 2 (south)",2021-05-19,blue,17.8,blue,
169,342,"Barn 1, Room 2 (south)",2021-05-20,blue,,blue,
170,342,"Barn 1, Room 2 (south)",2021-05-21,blue,,blue,
171,342,"Barn 1, Room 2 (south)",2021-05-22,blue,,blue,
172,342,"Barn 1, Room 2 (south)",2021-05-23,blue,,blue,
173,342,"Barn 1, Room 2 (south)",2021-05-24,blue,,blue,
174,342,"Barn 1, Room 2 (south)",2021-05-25,blue,,blue,
175,342,"Barn 1, Room 2 (south)",2021-05-26,blue,,blue,
176,342,"Barn 1, Room 2 (south)",2021-05-27,blue,,blue,
177,342,"Barn 1, Room 2 (south)",2021-05-28,blue,,blue,
178,342,"Barn 1, Room 2 (south)",2021-05-29,blue,,blue,
179,342,"Barn 1, Room 2 (south)",2021-05-30,blue,,blue,
180,342,"Barn 1, Room 2 (south)",2021-05-31,blue,,blue,
181,342,"Barn 1, Room 2 (south)",2021-06-01,blue,,blue,
182,342,"Barn 1, Room 2 (south)",2021-06-02,blue,,blue,
159,342,"Barn 1, Room 2 (south)",2021-06-03,green,28.94,blue,
160,342,"Barn 1, Room 2 (south)",2021-06-04,yellow,29.52,green,77.0
161,342,"Barn 1, Room 2 (south)",2021-06-05,yellow,30.16,green,74.0
162,342,"Barn 1, Room 2 (south)",2021-06-06,yellow,28.04,yellow,45.0
163,342,"Barn 1, Room 2 (south)",2021-06-07,yellow,30.95,green,65.0
164,342,"Barn 1, Room 2 (south)",2021-06-08,yellow,31.47,green,70.0
165,342,"Barn 1, Room 2 (south)",2021-06-09,yellow,31.47,yellow,
183,342,"Barn 1, Room 2 (south)",2021-06-09,yellow,31.68,yellow,47.0
184,342,"Barn 1, Room 2 (south)",2021-06-10,yellow,31.95,yellow,55.0
185,342,"Barn 1, Room 2 (south)",2021-06-11,green,29.34,yellow,55.0
186,342,"Barn 1, Room 2 (south)",2021-06-12,yellow,30.18,green,68.0
187,342,"Barn 1, Room 2 (south)",2021-06-13,yellow,31.23,green,77.0
188,342,"Barn 1, Room 2 (south)",2021-06-14,yellow,30.4,green,78.0
189,342,"Barn 1, Room 2 (south)",2021-06-15,yellow,31.04,green,75.0
190,342,"Barn 1, Room 2 (south)",2021-06-16,green,30.35,green,70.0
191,342,"Barn 1, Room 2 (south)",2021-06-17,green,31.42,green,76.0
192,342,"Barn 1, Room 2 (south)",2021-06-18,yellow,30.35,green,70.0
193,342,"Barn 1, Room 2 (south)",2021-06-19,green,30.32,green,74.0
194,342,"Barn 1, Room 2 (south)",2021-06-20,green,29.23,green,77.0
195,342,"Barn 1, Room 2 (south)",2021-06-21,green,28.42,green,82.0
196,342,"Barn 1, Room 2 (south)",2021-06-22,green,28.56,green,77.0
197,342,"Barn 1, Room 2 (south)",2021-06-23,green,29.63,green,66.0
198,342,"Barn 1, Room 2 (south)",2021-06-24,green,29.38,yellow,43.0
199,342,"Barn 1, Room 2 (south)",2021-06-25,green,29.0,red,35.0
200,342,"Barn 1, Room 2 (south)",2021-06-26,green,27.66,red,31.0
201,342,"Barn 1, Room 2 (south)",2021-06-27,green,28.95,red,35.0
202,342,"Barn 1, Room 2 (south)",2021-06-28,green,28.93,yellow,44.0
203,342,"Barn 1, Room 2 (south)",2021-06-29,green,29.35,red,37.0
204,342,"Barn 1, Room 2 (south)",2021-06-30,green,29.42,red,34.0
205,342,"Barn 1, Room 2 (south)",2021-07-01,green,29.11,yellow,48.0
206,342,"Barn 1, Room 2 (south)",2021-07-02,green,29.25,red,36.0
207,342,"Barn 1, Room 2 (south)",2021-07-03,green,28.96,red,35.0
208,342,"Barn 1, Room 2 (south)",2021-07-04,green,29.18,red,36.0
209,342,"Barn 1, Room 2 (south)",2021-07-05,green,29.68,yellow,46.0
210,342,"Barn 1, Room 2 (south)",2021-07-06,green,29.43,yellow,45.0
211,342,"Barn 1, Room 2 (south)",2021-07-07,green,27.35,yellow,49.0
212,342,"Barn 1, Room 2 (south)",2021-07-08,green,26.5,yellow,47.0
213,342,"Barn 1, Room 2 (south)",2021-07-09,green,27.4,yellow,51.0
214,342,"Barn 1, Room 2 (south)",2021-07-10,green,26.6,yellow,47.0
215,342,"Barn 1, Room 2 (south)",2021-07-11,green,26.93,green,64.0
216,342,"Barn 1, Room 2 (south)",2021-07-12,yellow,26.95,yellow,54.0
217,342,"Barn 1, Room 2 (south)",2021-07-13,green,26.72,yellow,53.0
218,342,"Barn 1, Room 2 (south)",2021-07-14,green,27.22,yellow,52.0
219,342,"Barn 1, Room 2 (south)",2021-07-15,yellow,27.33,yellow,55.0
220,342,"Barn 1, Room 2 (south)",2021-07-16,yellow,27.28,yellow,53.0
221,342,"Barn 1, Room 2 (south)",2021-07-17,green,27.19,green,66.0
222,342,"Barn 1, Room 2 (south)",2021-07-18,yellow,27.57,yellow,54.0
223,342,"Barn 1, Room 2 (south)",2021-07-19,yellow,27.64,green,70.0
224,342,"Barn 1, Room 2 (south)",2021-07-20,yellow,27.85,green,67.0
225,342,"Barn 1, Room 2 (south)",2021-07-21,yellow,27.61,green,70.0
226,342,"Barn 1, Room 2 (south)",2021-07-22,yellow,27.31,green,72.0
227,342,"Barn 1, Room 2 (south)",2021-07-23,green,28.32,green,74.0
228,342,"Barn 1, Room 2 (south)",2021-07-24,red,28.73,green,72.0
229,342,"Barn 1, Room 2 (south)",2021-07-25,yellow,27.39,green,73.0
230,342,"Barn 1, Room 2 (south)",2021-07-26,yellow,27.45,green,71.0
231,342,"Barn 1, Room 2 (south)",2021-07-27,yellow,28.59,green,77.0
232,342,"Barn 1, Room 2 (south)",2021-07-28,yellow,29.72,green,80.0
233,342,"Barn 1, Room 2 (south)",2021-07-29,green,28.79,green,78.0
234,342,"Barn 1, Room 2 (south)",2021-07-30,green,26.15,green,68.0
235,342,"Barn 1, Room 2 (south)",2021-07-31,yellow,26.53,green,64.0
236,342,"Barn 1, Room 2 (south)",2021-08-01,green,26.04,green,70.0
237,342,"Barn 1, Room 2 (south)",2021-08-02,yellow,25.95,green,74.0
238,342,"Barn 1, Room 2 (south)",2021-08-03,yellow,25.77,green,69.0
239,342,"Barn 1, Room 2 (south)",2021-08-04,green,25.88,green,69.0
240,342,"Barn 1, Room 2 (south)",2021-08-05,green,26.08,yellow,54.0
241,342,"Barn 1, Room 2 (south)",2021-08-06,green,26.7,yellow,46.0
242,342,"Barn 1, Room 2 (south)",2021-08-07,green,26.72,yellow,48.0
243,342,"Barn 1, Room 2 (south)",2021-08-08,green,25.97,red,31.0
244,342,"Barn 1, Room 2 (south)",2021-08-09,green,27.89,yellow,49.0
245,342,"Barn 1, Room 2 (south)",2021-08-10,green,27.47,green,66.0
246,342,"Barn 1, Room 2 (south)",2021-08-11,yellow,27.7,green,67.0
247,342,"Barn 1, Room 2 (south)",2021-08-12,yellow,26.26,yellow,54.0
248,342,"Barn 1, Room 2 (south)",2021-08-13,yellow,25.78,green,64.0
249,342,"Barn 1, Room 2 (south)",2021-08-14,yellow,25.48,green,72.0
250,342,"Barn 1, Room 2 (south)",2021-08-15,green,25.47,green,74.0
251,342,"Barn 1, Room 2 (south)",2021-08-16,yellow,25.57,green,79.0
252,342,"Barn 1, Room 2 (south)",2021-08-17,yellow,26.22,green,83.0
253,342,"Barn 1, Room 2 (south)",2021-08-18,yellow,26.26,green,82.0
254,342,"Barn 1, Room 2 (south)",2021-08-19,yellow,26.76,green,90.0
255,342,"Barn 1, Room 2 (south)",2021-08-20,yellow,27.06,green,86.0
256,342,"Barn 1, Room 2 (south)",2021-08-21,green,24.87,green,89.0
257,342,"Barn 1, Room 2 (south)",2021-08-22,green,24.93,green,74.0
258,342,"Barn 1, Room 2 (south)",2021-08-23,yellow,28.24,green,79.0
259,342,"Barn 1, Room 2 (south)",2021-08-24,green,27.61,green,96.0
260,342,"Barn 1, Room 2 (south)",2021-08-25,yellow,27.01,green,95.0
261,342,"Barn 1, Room 2 (south)",2021-08-26,green,25.37,green,95.0
262,342,"Barn 1, Room 2 (south)",2021-08-27,yellow,27.55,green,97.0
263,342,"Barn 1, Room 2 (south)",2021-08-28,yellow,27.76,green,97.0
264,342,"Barn 1, Room 2 (south)",2021-08-29,yellow,25.08,green,94.0
265,342,"Barn 1, Room 2 (south)",2021-08-30,green,24.76,green,88.0
266,342,"Barn 1, Room 2 (south)",2021-08-31,green,24.24,green,87.0
267,342,"Barn 1, Room 2 (south)",2021-09-01,green,24.03,green,91.0
268,342,"Barn 1, Room 2 (south)",2021-09-02,green,23.41,green,91.0
269,342,"Barn 1, Room 2 (south)",2021-09-03,green,24.14,green,91.0
270,342,"Barn 1, Room 2 (south)",2021-09-04,green,24.09,green,90.0
271,342,"Barn 1, Room 2 (south)",2021-09-05,yellow,24.58,green,94.0
272,342,"Barn 1, Room 2 (south)",2021-09-06,yellow,25.4,green,91.0
273,342,"Barn 1, Room 2 (south)",2021-09-07,yellow,24.85,green,93.0
274,342,"Barn 1, Room 2 (south)",2021-09-08,yellow,23.63,green,93.0
275,342,"Barn 1, Room 2 (south)",2021-09-09,green,23.28,green,92.0
276,342,"Barn 1, Room 2 (south)",2021-09-10,yellow,24.25,green,94.0
277,342,"Barn 1, Room 2 (south)",2021-09-11,red,26.22,green,92.0
278,342,"Barn 1, Room 2 (south)",2021-09-12,green,23.65,green,96.0
279,342,"Barn 1, Room 2 (south)",2021-09-13,yellow,24.44,green,96.0
280,342,"Barn 1, Room 2 (south)",2021-09-14,green,22.87,green,92.0
281,342,"Barn 1, Room 2 (south)",2021-09-15,yellow,23.22,green,90.0
282,342,"Barn 1, Room 2 (south)",2021-09-16,red,25.6,green,88.0
283,342,"Barn 1, Room 2 (south)",2021-09-17,yellow,22.58,green,92.0
284,342,"Barn 1, Room 2 (south)",2021-09-18,red,24.21,green,88.0
285,342,"Barn 1, Room 2 (south)",2021-09-19,red,25.99,green,96.0
286,342,"Barn 1, Room 2 (south)",2021-09-20,green,22.16,green,93.0
287,342,"Barn 1, Room 2 (south)",2021-09-21,yellow,21.35,green,84.0
288,342,"Barn 1, Room 2 (south)",2021-09-22,yellow,20.72,green,81.0
289,342,"Barn 1, Room 2 (south)",2021-09-23,yellow,21.21,green,75.0
290,342,"Barn 1, Room 2 (south)",2021-09-24,yellow,21.03,green,83.0
291,342,"Barn 1, Room 2 (south)",2021-09-25,yellow,21.23,green,71.0
292,342,"Barn 1, Room 2 (south)",2021-09-26,red,23.85,green,89.0
293,342,"Barn 1, Room 2 (south)",2021-09-27,red,24.63,green,88.0
294,342,"Barn 1, Room 2 (south)",2021-09-28,red,24.68,green,88.0
295,342,"Barn 1, Room 2 (south)",2021-09-29,yellow,23.78,green,86.0
296,342,"Barn 1, Room 2 (south)",2021-09-30,yellow,23.45,green,90.0
297,342,"Barn 1, Room 2 (south)",2021-10-01,yellow,21.77,green,69.0
298,342,"Barn 1, Room 2 (south)",2021-10-02,green,21.13,yellow,49.0
299,342,"Barn 1, Room 2 (south)",2021-10-03,yellow,21.83,green,82.0
300,342,"Barn 1, Room 2 (south)",2021-10-04,yellow,21.77,green,70.0
301,342,"Barn 1, Room 2 (south)",2021-10-05,green,20.75,yellow,56.0
302,342,"Barn 1, Room 2 (south)",2021-10-06,green,21.06,yellow,51.0
303,342,"Barn 1, Room 2 (south)",2021-10-07,green,21.23,green,79.0
304,342,"Barn 1, Room 2 (south)",2021-10-08,red,22.88,green,80.0
305,342,"Barn 1, Room 2 (south)",2021-10-09,green,22.09,green,86.0
306,342,"Barn 1, Room 2 (south)",2021-10-10,green,20.51,green,66.0
307,342,"Barn 1, Room 2 (south)",2021-10-11,yellow,20.3,green,75.0
308,342,"Barn 1, Room 2 (south)",2021-10-12,green,20.54,yellow,50.0
309,342,"Barn 1, Room 2 (south)",2021-10-13,green,20.63,green,79.0
310,342,"Barn 1, Room 2 (south)",2021-10-14,green,19.19,green,80.0
311,342,"Barn 1, Room 2 (south)",2021-10-15,yellow,19.04,green,80.0
312,342,"Barn 1, Room 2 (south)",2021-10-16,yellow,18.67,green,82.0
313,342,"Barn 1, Room 2 (south)",2021-10-17,yellow,19.54,green,82.0
314,342,"Barn 1, Room 2 (south)",2021-10-18,yellow,20.29,green,81.0
315,342,"Barn 1, Room 2 (south)",2021-10-19,yellow,20.25,green,84.0
316,342,"Barn 1, Room 2 (south)",2021-10-20,green,19.42,green,88.0
317,342,"Barn 1, Room 2 (south)",2021-10-21,green,17.89,green,84.0
318,342,"Barn 1, Room 2 (south)",2021-10-22,green,17.48,green,82.0
319,342,"Barn 1, Room 2 (south)",2021-10-23,green,18.55,green,68.0
320,342,"Barn 1, Room 2 (south)",2021-10-24,green,18.1,green,74.0
321,342,"Barn 1, Room 2 (south)",2021-10-25,green,18.33,green,72.0
322,342,"Barn 1, Room 2 (south)",2021-10-26,green,19.24,yellow,53.0
323,342,"Barn 1, Room 2 (south)",2021-10-27,green,18.98,red,36.0
324,342,"Barn 1, Room 2 (south)",2021-10-28,green,19.22,red,26.0
325,342,"Barn 1, Room 2 (south)",2021-10-29,green,18.64,red,25.0
326,342,"Barn 1, Room 2 (south)",2021-10-30,green,19.66,red,17.0
327,342,"Barn 1, Room 2 (south)",2021-10-31,green,19.04,red,14.0
328,342,"Barn 1, Room 2 (south)",2021-11-01,yellow,19.27,red,20.0
329,342,"Barn 1, Room 2 (south)",2021-11-02,green,18.61,red,28.0
330,342,"Barn 1, Room 2 (south)",2021-11-03,green,18.69,yellow,54.0
331,342,"Barn 1, Room 2 (south)",2021-11-04,green,18.85,yellow,48.0
332,342,"Barn 1, Room 2 (south)",2021-11-05,green,18.92,yellow,48.0
333,342,"Barn 1, Room 2 (south)",2021-11-06,green,19.7,red,33.0
334,342,"Barn 1, Room 2 (south)",2021-11-07,green,19.6,red,33.0
335,342,"Barn 1, Room 2 (south)",2021-11-08,green,19.43,red,34.0
336,342,"Barn 1, Room 2 (south)",2021-11-09,green,19.36,red,35.0
337,342,"Barn 1, Room 2 (south)",2021-11-10,green,18.81,red,35.0
338,342,"Barn 1, Room 2 (south)",2021-11-11,green,17.92,red,31.0
339,342,"Barn 1, Room 2 (south)",2021-11-12,green,17.34,red,35.0
340,342,"Barn 1, Room 2 (south)",2021-11-13,green,17.31,red,34.0
341,342,"Barn 1, Room 2 (south)",2021-11-14,green,16.99,red,31.0
342,342,"Barn 1, Room 2 (south)",2021-11-15,green,17.86,red,29.0
343,342,"Barn 1, Room 2 (south)",2021-11-16,green,17.49,red,25.0
344,342,"Barn 1, Room 2 (south)",2021-11-17,green,17.0,red,26.0
345,342,"Barn 1, Room 2 (south)",2021-11-18,green,15.94,red,23.0
346,342,"Barn 1, Room 2 (south)",2021-11-19,green,16.71,red,29.0
347,342,"Barn 1, Room 2 (south)",2021-11-20,green,15.52,red,28.0
348,342,"Barn 1, Room 2 (south)",2021-11-21,green,10.94,green,97.0
349,342,"Barn 1, Room 2 (south)",2021-11-22,green,10.18,green,96.0
350,342,"Barn 1, Room 2 (south)",2021-11-23,blue,11.69,blue,
351,342,"Barn 1, Room 2 (south)",2021-11-24,blue,,blue,
352,342,"Barn 1, Room 2 (south)",2021-11-25,blue,,blue,
353,342,"Barn 1, Room 2 (south)",2021-11-26,blue,,blue,
354,342,"Barn 1, Room 2 (south)",2021-11-27,blue,,blue,
355,342,"Barn 1, Room 2 (south)",2021-11-28,blue,,blue,
356,342,"Barn 1, Room 2 (south)",2021-11-29,blue,,blue,
357,342,"Barn 1, Room 2 (south)",2021-11-30,blue,,blue,
358,342,"Barn 1, Room 2 (south)",2021-12-01,blue,,blue,
359,342,"Barn 1, Room 2 (south)",2021-12-02,blue,,blue,
360,342,"Barn 1, Room 2 (south)",2021-12-03,blue,,blue,
361,342,"Barn 1, Room 2 (south)",2021-12-04,blue,,blue,
362,342,"Barn 1, Room 2 (south)",2021-12-05,blue,,blue,
363,342,"Barn 1, Room 2 (south)",2021-12-06,blue,,blue,
364,342,"Barn 1, Room 2 (south)",2021-12-07,blue,,blue,
365,342,"Barn 1, Room 2 (south)",2021-12-08,blue,,blue,
467,342,"Barn 1, Room 2 (south)",2021-12-08,blue,,blue,
468,342,"Barn 1, Room 2 (south)",2021-12-09,blue,,blue,
469,342,"Barn 1, Room 2 (south)",2021-12-10,blue,,blue,
470,342,"Barn 1, Room 2 (south)",2021-12-11,blue,,blue,
471,342,"Barn 1, Room 2 (south)",2021-12-12,blue,,blue,
472,342,"Barn 1, Room 2 (south)",2021-12-13,blue,,blue,
473,342,"Barn 1, Room 2 (south)",2021-12-14,blue,,blue,
474,342,"Barn 1, Room 2 (south)",2021-12-15,blue,,blue,
475,342,"Barn 1, Room 2 (south)",2021-12-16,blue,,blue,
476,342,"Barn 1, Room 2 (south)",2021-12-17,blue,,blue,
477,342,"Barn 1, Room 2 (south)",2021-12-18,blue,,blue,
478,342,"Barn 1, Room 2 (south)",2021-12-19,blue,,blue,
479,342,"Barn 1, Room 2 (south)",2021-12-20,blue,,blue,
480,342,"Barn 1, Room 2 (south)",2021-12-21,blue,,blue,
366,342,"Barn 1, Room 2 (south)",2021-12-22,green,28.7,blue,
367,342,"Barn 1, Room 2 (south)",2021-12-23,green,28.14,green,96.0
368,342,"Barn 1, Room 2 (south)",2021-12-24,green,27.85,green,88.0
369,342,"Barn 1, Room 2 (south)",2021-12-25,green,27.93,green,82.0
370,342,"Barn 1, Room 2 (south)",2021-12-26,green,28.13,green,87.0
371,342,"Barn 1, Room 2 (south)",2021-12-27,green,27.63,green,93.0
372,342,"Barn 1, Room 2 (south)",2021-12-28,green,27.5,green,94.0
373,342,"Barn 1, Room 2 (south)",2021-12-29,green,27.86,green,96.0
374,342,"Barn 1, Room 2 (south)",2021-12-30,green,27.95,green,94.0
375,342,"Barn 1, Room 2 (south)",2021-12-31,green,27.86,green,91.0
376,342,"Barn 1, Room 2 (south)",2022-01-01,green,27.85,green,94.0
377,342,"Barn 1, Room 2 (south)",2022-01-02,green,27.79,green,99.0
378,342,"Barn 1, Room 2 (south)",2022-01-03,green,27.72,green,94.0
379,342,"Barn 1, Room 2 (south)",2022-01-04,green,27.56,green,96.0
380,342,"Barn 1, Room 2 (south)",2022-01-05,green,27.3,green,97.0
381,342,"Barn 1, Room 2 (south)",2022-01-06,green,27.15,green,99.0
382,342,"Barn 1, Room 2 (south)",2022-01-07,green,27.15,green,99.0
383,342,"Barn 1, Room 2 (south)",2022-01-08,yellow,27.21,green,98.0
384,342,"Barn 1, Room 2 (south)",2022-01-09,green,26.86,green,97.0
385,342,"Barn 1, Room 2 (south)",2022-01-10,green,26.84,green,96.0
386,342,"Barn 1, Room 2 (south)",2022-01-11,green,26.77,green,98.0
387,342,"Barn 1, Room 2 (south)",2022-01-12,green,26.62,green,96.0
388,342,"Barn 1, Room 2 (south)",2022-01-13,green,26.58,green,97.0
389,342,"Barn 1, Room 2 (south)",2022-01-14,yellow,26.58,green,94.0
390,342,"Barn 1, Room 2 (south)",2022-01-15,green,26.54,green,94.0
391,342,"Barn 1, Room 2 (south)",2022-01-16,green,26.32,green,94.0
392,342,"Barn 1, Room 2 (south)",2022-01-17,green,26.18,green,90.0
393,342,"Barn 1, Room 2 (south)",2022-01-18,green,25.84,green,90.0
394,342,"Barn 1, Room 2 (south)",2022-01-19,green,25.89,green,87.0
395,342,"Barn 1, Room 2 (south)",2022-01-20,green,25.95,green,90.0
396,342,"Barn 1, Room 2 (south)",2022-01-21,yellow,26.03,green,94.0
397,342,"Barn 1, Room 2 (south)",2022-01-22,yellow,24.92,green,93.0
398,342,"Barn 1, Room 2 (south)",2022-01-23,yellow,24.92,green,93.0
399,342,"Barn 1, Room 2 (south)",2022-01-24,yellow,24.28,green,90.0
400,342,"Barn 1, Room 2 (south)",2022-01-25,green,25.4,green,91.0
401,342,"Barn 1, Room 2 (south)",2022-01-26,yellow,25.06,green,93.0
402,342,"Barn 1, Room 2 (south)",2022-01-27,green,23.79,green,96.0
403,342,"Barn 1, Room 2 (south)",2022-01-28,red,24.1,green,96.0
404,342,"Barn 1, Room 2 (south)",2022-01-29,green,23.2,green,90.0
405,342,"Barn 1, Room 2 (south)",2022-01-30,green,22.65,green,91.0
406,342,"Barn 1, Room 2 (south)",2022-01-31,green,22.78,green,93.0
407,342,"Barn 1, Room 2 (south)",2022-02-01,yellow,21.96,green,94.0
408,342,"Barn 1, Room 2 (south)",2022-02-02,green,22.44,green,93.0
409,342,"Barn 1, Room 2 (south)",2022-02-03,green,22.36,green,96.0
410,342,"Barn 1, Room 2 (south)",2022-02-04,green,22.06,green,90.0
411,342,"Barn 1, Room 2 (south)",2022-02-05,green,22.35,green,93.0
412,342,"Barn 1, Room 2 (south)",2022-02-06,green,21.6,green,96.0
413,342,"Barn 1, Room 2 (south)",2022-02-07,green,21.71,green,96.0
414,342,"Barn 1, Room 2 (south)",2022-02-08,green,22.45,green,94.0
415,342,"Barn 1, Room 2 (south)",2022-02-09,green,22.38,green,93.0
416,342,"Barn 1, Room 2 (south)",2022-02-10,green,22.03,green,93.0
417,342,"Barn 1, Room 2 (south)",2022-02-11,yellow,22.13,green,93.0
418,342,"Barn 1, Room 2 (south)",2022-02-12,green,21.16,green,91.0
419,342,"Barn 1, Room 2 (south)",2022-02-13,green,20.46,green,91.0
420,342,"Barn 1, Room 2 (south)",2022-02-14,green,20.75,green,94.0
421,342,"Barn 1, Room 2 (south)",2022-02-15,green,21.89,green,90.0
422,342,"Barn 1, Room 2 (south)",2022-02-16,green,22.29,green,90.0
423,342,"Barn 1, Room 2 (south)",2022-02-17,yellow,20.83,green,91.0
424,342,"Barn 1, Room 2 (south)",2022-02-18,yellow,21.53,green,93.0
425,342,"Barn 1, Room 2 (south)",2022-02-19,yellow,21.17,green,93.0
426,342,"Barn 1, Room 2 (south)",2022-02-20,green,22.53,green,94.0
427,342,"Barn 1, Room 2 (south)",2022-02-21,green,22.03,green,90.0
428,342,"Barn 1, Room 2 (south)",2022-02-22,green,22.52,green,87.0
429,342,"Barn 1, Room 2 (south)",2022-02-23,green,22.39,green,87.0
430,342,"Barn 1, Room 2 (south)",2022-02-24,green,22.51,green,87.0
431,342,"Barn 1, Room 2 (south)",2022-02-25,green,22.57,green,86.0
432,342,"Barn 1, Room 2 (south)",2022-02-26,green,22.67,green,84.0
433,342,"Barn 1, Room 2 (south)",2022-02-27,green,22.87,green,79.0
434,342,"Barn 1, Room 2 (south)",2022-02-28,green,23.5,yellow,46.0
435,342,"Barn 1, Room 2 (south)",2022-03-01,green,23.68,yellow,55.0
436,342,"Barn 1, Room 2 (south)",2022-03-02,green,23.1,yellow,52.0
437,342,"Barn 1, Room 2 (south)",2022-03-03,green,22.11,red,39.0
438,342,"Barn 1, Room 2 (south)",2022-03-04,green,22.09,yellow,49.0
439,342,"Barn 1, Room 2 (south)",2022-03-05,green,22.16,green,78.0
440,342,"Barn 1, Room 2 (south)",2022-03-06,green,21.76,green,86.0
441,342,"Barn 1, Room 2 (south)",2022-03-07,green,21.5,green,87.0
442,342,"Barn 1, Room 2 (south)",2022-03-08,green,22.02,green,87.0
443,342,"Barn 1, Room 2 (south)",2022-03-09,green,21.8,green,90.0
444,342,"Barn 1, Room 2 (south)",2022-03-10,green,21.49,green,81.0
445,342,"Barn 1, Room 2 (south)",2022-03-11,green,21.3,green,87.0
446,342,"Barn 1, Room 2 (south)",2022-03-12,yellow,21.02,green,86.0
447,342,"Barn 1, Room 2 (south)",2022-03-13,green,21.87,green,90.0
448,342,"Barn 1, Room 2 (south)",2022-03-14,green,21.49,green,84.0
449,342,"Barn 1, Room 2 (south)",2022-03-15,green,21.25,green,82.0
450,342,"Barn 1, Room 2 (south)",2022-03-16,yellow,21.69,green,90.0
451,342,"Barn 1, Room 2 (south)",2022-03-17,green,20.45,green,87.0
452,342,"Barn 1, Room 2 (south)",2022-03-18,green,20.91,green,86.0
453,342,"Barn 1, Room 2 (south)",2022-03-19,green,21.05,green,87.0
454,342,"Barn 1, Room 2 (south)",2022-03-20,yellow,21.25,green,90.0
455,342,"Barn 1, Room 2 (south)",2022-03-21,yellow,21.44,green,96.0
456,342,"Barn 1, Room 2 (south)",2022-03-22,green,20.02,green,92.0
457,342,"Barn 1, Room 2 (south)",2022-03-23,green,19.97,green,94.0
458,342,"Barn 1, Room 2 (south)",2022-03-24,green,20.31,green,94.0
459,342,"Barn 1, Room 2 (south)",2022-03-25,green,20.15,green,96.0
460,342,"Barn 1, Room 2 (south)",2022-03-26,green,19.4,green,91.0
461,342,"Barn 1, Room 2 (south)",2022-03-27,green,19.89,green,91.0
462,342,"Barn 1, Room 2 (south)",2022-03-28,green,19.74,green,93.0
463,342,"Barn 1, Room 2 (south)",2022-03-29,yellow,20.05,green,91.0
464,342,"Barn 1, Room 2 (south)",2022-03-30,green,19.05,green,92.0
465,342,"Barn 1, Room 2 (south)",2022-03-31,green,18.94,green,93.0
466,342,"Barn 1, Room 2 (south)",2022-04-01,yellow,19.47,green,94.0
656,343,"Barn 1, Room 1 (north)",2020-12-09,green,,blue,
481,343,"Barn 1, Room 1 (north)",2020-12-10,green,28.9,green,
482,343,"Barn 1, Room 1 (north)",2020-12-11,green,28.64,green,93.0
483,343,"Barn 1, Room 1 (north)",2020-12-12,green,28.84,green,94.0
484,343,"Barn 1, Room 1 (north)",2020-12-13,green,28.81,green,98.0
485,343,"Barn 1, Room 1 (north)",2020-12-14,green,28.73,green,98.0
486,343,"Barn 1, Room 1 (north)",2020-12-15,green,28.45,green,96.0
487,343,"Barn 1, Room 1 (north)",2020-12-16,green,28.14,green,96.0
488,343,"Barn 1, Room 1 (north)",2020-12-17,green,28.0,green,94.0
489,343,"Barn 1, Room 1 (north)",2020-12-18,green,27.87,green,94.0
490,343,"Barn 1, Room 1 (north)",2020-12-19,green,27.62,green,94.0
491,343,"Barn 1, Room 1 (north)",2020-12-20,green,27.37,green,97.0
492,343,"Barn 1, Room 1 (north)",2020-12-21,green,27.34,green,94.0
493,343,"Barn 1, Room 1 (north)",2020-12-22,green,26.8,green,96.0
494,343,"Barn 1, Room 1 (north)",2020-12-23,green,26.87,green,95.0
495,343,"Barn 1, Room 1 (north)",2020-12-24,green,26.6,green,95.0
496,343,"Barn 1, Room 1 (north)",2020-12-25,green,26.23,green,92.0
497,343,"Barn 1, Room 1 (north)",2020-12-26,green,26.12,green,95.0
498,343,"Barn 1, Room 1 (north)",2020-12-27,green,26.05,green,89.0
499,343,"Barn 1, Room 1 (north)",2020-12-28,green,25.86,green,93.0
500,343,"Barn 1, Room 1 (north)",2020-12-29,green,25.81,green,89.0
501,343,"Barn 1, Room 1 (north)",2020-12-30,green,25.75,green,85.0
502,343,"Barn 1, Room 1 (north)",2020-12-31,green,25.41,green,86.0
503,343,"Barn 1, Room 1 (north)",2021-01-01,green,25.45,green,76.0
504,343,"Barn 1, Room 1 (north)",2021-01-02,green,25.07,green,68.0
505,343,"Barn 1, Room 1 (north)",2021-01-03,green,24.64,green,84.0
506,343,"Barn 1, Room 1 (north)",2021-01-04,green,24.68,green,82.0
507,343,"Barn 1, Room 1 (north)",2021-01-05,green,24.44,green,91.0
508,343,"Barn 1, Room 1 (north)",2021-01-06,green,24.05,green,89.0
509,343,"Barn 1, Room 1 (north)",2021-01-07,green,23.88,green,92.0
510,343,"Barn 1, Room 1 (north)",2021-01-08,green,24.46,green,75.0
511,343,"Barn 1, Room 1 (north)",2021-01-09,green,24.36,green,72.0
512,343,"Barn 1, Room 1 (north)",2021-01-10,green,24.45,green,77.0
513,343,"Barn 1, Room 1 (north)",2021-01-11,green,24.23,green,74.0
514,343,"Barn 1, Room 1 (north)",2021-01-12,green,24.17,green,80.0
515,343,"Barn 1, Room 1 (north)",2021-01-13,green,24.23,green,80.0
516,343,"Barn 1, Room 1 (north)",2021-01-14,green,24.53,green,84.0
517,343,"Barn 1, Room 1 (north)",2021-01-15,green,23.45,yellow,84.0
518,343,"Barn 1, Room 1 (north)",2021-01-16,green,24.46,green,56.0
519,343,"Barn 1, Room 1 (north)",2021-01-17,green,24.16,green,64.0
520,343,"Barn 1, Room 1 (north)",2021-01-18,green,23.6,green,74.0
521,343,"Barn 1, Room 1 (north)",2021-01-19,green,23.74,green,80.0
522,343,"Barn 1, Room 1 (north)",2021-01-20,green,22.77,green,87.0
523,343,"Barn 1, Room 1 (north)",2021-01-21,green,23.0,green,84.0
524,343,"Barn 1, Room 1 (north)",2021-01-22,green,22.85,green,78.0
525,343,"Barn 1, Room 1 (north)",2021-01-23,green,22.78,green,79.0
526,343,"Barn 1, Room 1 (north)",2021-01-24,green,23.3,green,78.0
527,343,"Barn 1, Room 1 (north)",2021-01-25,green,23.38,green,71.0
528,343,"Barn 1, Room 1 (north)",2021-01-26,green,23.38,green,72.0
529,343,"Barn 1, Room 1 (north)",2021-01-27,green,22.94,green,64.0
530,343,"Barn 1, Room 1 (north)",2021-01-28,green,22.24,green,71.0
531,343,"Barn 1, Room 1 (north)",2021-01-29,green,22.29,green,82.0
532,343,"Barn 1, Room 1 (north)",2021-01-30,green,22.67,yellow,78.0
533,343,"Barn 1, Room 1 (north)",2021-01-31,green,23.33,yellow,68.0
534,343,"Barn 1, Room 1 (north)",2021-02-01,green,23.51,yellow,64.0
535,343,"Barn 1, Room 1 (north)",2021-02-02,green,23.28,yellow,66.0
536,343,"Barn 1, Room 1 (north)",2021-02-03,green,23.01,green,75.0
537,343,"Barn 1, Room 1 (north)",2021-02-04,green,23.38,green,68.0
538,343,"Barn 1, Room 1 (north)",2021-02-05,green,23.05,yellow,75.0
539,343,"Barn 1, Room 1 (north)",2021-02-06,green,23.13,yellow,68.0
540,343,"Barn 1, Room 1 (north)",2021-02-07,green,22.9,green,75.0
541,343,"Barn 1, Room 1 (north)",2021-02-08,green,22.87,green,69.0
542,343,"Barn 1, Room 1 (north)",2021-02-09,green,22.67,green,73.0
543,343,"Barn 1, Room 1 (north)",2021-02-10,green,22.54,green,77.0
544,343,"Barn 1, Room 1 (north)",2021-02-11,green,22.6,green,80.0
545,343,"Barn 1, Room 1 (north)",2021-02-12,green,22.61,green,80.0
546,343,"Barn 1, Room 1 (north)",2021-02-13,green,22.57,green,83.0
547,343,"Barn 1, Room 1 (north)",2021-02-14,green,22.49,green,80.0
548,343,"Barn 1, Room 1 (north)",2021-02-15,green,21.95,green,81.0
549,343,"Barn 1, Room 1 (north)",2021-02-16,green,21.76,green,82.0
550,343,"Barn 1, Room 1 (north)",2021-02-17,green,21.9,green,80.0
551,343,"Barn 1, Room 1 (north)",2021-02-18,green,22.14,green,80.0
552,343,"Barn 1, Room 1 (north)",2021-02-19,green,21.91,green,83.0
553,343,"Barn 1, Room 1 (north)",2021-02-20,green,21.4,green,89.0
554,343,"Barn 1, Room 1 (north)",2021-02-21,green,21.95,green,89.0
555,343,"Barn 1, Room 1 (north)",2021-02-22,green,21.88,green,94.0
556,343,"Barn 1, Room 1 (north)",2021-02-23,yellow,21.63,green,92.0
557,343,"Barn 1, Room 1 (north)",2021-02-24,green,21.5,green,95.0
558,343,"Barn 1, Room 1 (north)",2021-02-25,green,21.7,green,93.0
559,343,"Barn 1, Room 1 (north)",2021-02-26,yellow,21.2,green,94.0
560,343,"Barn 1, Room 1 (north)",2021-02-27,green,21.18,green,95.0
561,343,"Barn 1, Room 1 (north)",2021-02-28,yellow,20.74,green,95.0
562,343,"Barn 1, Room 1 (north)",2021-03-01,green,20.9,green,96.0
563,343,"Barn 1, Room 1 (north)",2021-03-02,green,20.99,green,95.0
564,343,"Barn 1, Room 1 (north)",2021-03-03,green,21.49,green,96.0
565,343,"Barn 1, Room 1 (north)",2021-03-04,yellow,20.64,green,96.0
566,343,"Barn 1, Room 1 (north)",2021-03-05,yellow,20.62,green,91.0
567,343,"Barn 1, Room 1 (north)",2021-03-06,green,20.79,green,96.0
568,343,"Barn 1, Room 1 (north)",2021-03-07,green,20.56,green,96.0
569,343,"Barn 1, Room 1 (north)",2021-03-08,green,20.8,green,96.0
570,343,"Barn 1, Room 1 (north)",2021-03-09,green,21.25,green,91.0
571,343,"Barn 1, Room 1 (north)",2021-03-10,green,21.0,green,96.0
572,343,"Barn 1, Room 1 (north)",2021-03-11,yellow,19.04,green,96.0
573,343,"Barn 1, Room 1 (north)",2021-03-12,green,18.7,green,96.0
574,343,"Barn 1, Room 1 (north)",2021-03-13,green,18.9,green,97.0
575,343,"Barn 1, Room 1 (north)",2021-03-14,green,18.63,green,97.0
576,343,"Barn 1, Room 1 (north)",2021-03-15,green,17.52,green,96.0
577,343,"Barn 1, Room 1 (north)",2021-03-16,green,17.38,green,97.0
578,343,"Barn 1, Room 1 (north)",2021-03-17,green,17.42,green,96.0
579,343,"Barn 1, Room 1 (north)",2021-03-18,yellow,18.07,green,95.0
580,343,"Barn 1, Room 1 (north)",2021-03-19,red,17.84,green,97.0
581,343,"Barn 1, Room 1 (north)",2021-03-20,yellow,18.49,green,97.0
582,343,"Barn 1, Room 1 (north)",2021-03-21,green,19.59,green,94.0
583,343,"Barn 1, Room 1 (north)",2021-03-22,green,17.66,green,95.0
584,343,"Barn 1, Room 1 (north)",2021-03-23,green,21.1,green,96.0
585,343,"Barn 1, Room 1 (north)",2021-03-24,green,18.92,green,95.0
586,343,"Barn 1, Room 1 (north)",2021-03-25,green,17.31,green,82.0
587,343,"Barn 1, Room 1 (north)",2021-03-26,green,17.98,yellow,51.0
588,343,"Barn 1, Room 1 (north)",2021-03-27,green,17.59,red,44.0
589,343,"Barn 1, Room 1 (north)",2021-03-28,yellow,17.15,red,51.0
590,343,"Barn 1, Room 1 (north)",2021-03-29,yellow,20.23,yellow,75.0
591,343,"Barn 1, Room 1 (north)",2021-03-30,green,17.09,red,52.0
592,343,"Barn 1, Room 1 (north)",2021-03-31,green,16.55,yellow,68.0
593,343,"Barn 1, Room 1 (north)",2021-04-01,green,17.25,green,86.0
594,343,"Barn 1, Room 1 (north)",2021-04-02,yellow,18.83,green,96.0
595,343,"Barn 1, Room 1 (north)",2021-04-03,yellow,20.37,green,96.0
596,343,"Barn 1, Room 1 (north)",2021-04-04,red,22.03,green,97.0
597,343,"Barn 1, Room 1 (north)",2021-04-05,yellow,23.77,green,97.0
598,343,"Barn 1, Room 1 (north)",2021-04-06,yellow,22.2,green,97.0
599,343,"Barn 1, Room 1 (north)",2021-04-07,green,20.64,green,99.0
600,343,"Barn 1, Room 1 (north)",2021-04-08,green,18.21,green,96.0
601,343,"Barn 1, Room 1 (north)",2021-04-09,green,18.05,green,98.0
602,343,"Barn 1, Room 1 (north)",2021-04-10,yellow,18.02,green,96.0
603,343,"Barn 1, Room 1 (north)",2021-04-11,green,18.31,green,97.0
604,343,"Barn 1, Room 1 (north)",2021-04-12,yellow,18.04,green,97.0
605,343,"Barn 1, Room 1 (north)",2021-04-13,yellow,17.27,green,97.0
606,343,"Barn 1, Room 1 (north)",2021-04-14,yellow,16.56,green,97.0
607,343,"Barn 1, Room 1 (north)",2021-04-15,green,16.87,green,98.0
608,343,"Barn 1, Room 1 (north)",2021-04-16,green,17.37,green,97.0
609,343,"Barn 1, Room 1 (north)",2021-04-17,green,18.16,green,95.0
610,343,"Barn 1, Room 1 (north)",2021-04-18,yellow,18.87,green,96.0
611,343,"Barn 1, Room 1 (north)",2021-04-19,green,53.43,green,95.0
612,343,"Barn 1, Room 1 (north)",2021-04-20,green,60.4,green,88.0
613,343,"Barn 1, Room 1 (north)",2021-04-21,green,16.14,green,87.0
614,343,"Barn 1, Room 1 (north)",2021-04-22,green,18.04,green,87.0
615,343,"Barn 1, Room 1 (north)",2021-04-23,yellow,18.7,green,94.0
616,343,"Barn 1, Room 1 (north)",2021-04-24,yellow,17.77,green,96.0
617,343,"Barn 1, Room 1 (north)",2021-04-25,green,18.79,green,96.0
618,343,"Barn 1, Room 1 (north)",2021-04-26,red,23.34,green,95.0
619,343,"Barn 1, Room 1 (north)",2021-04-27,green,20.38,green,93.0
620,343,"Barn 1, Room 1 (north)",2021-04-28,green,19.36,green,95.0
621,343,"Barn 1, Room 1 (north)",2021-04-29,yellow,20.15,green,94.0
622,343,"Barn 1, Room 1 (north)",2021-04-30,yellow,20.95,green,94.0
623,343,"Barn 1, Room 1 (north)",2021-05-01,red,25.2,green,98.0
624,343,"Barn 1, Room 1 (north)",2021-05-02,red,23.65,green,97.0
625,343,"Barn 1, Room 1 (north)",2021-05-03,green,19.83,green,96.0
626,343,"Barn 1, Room 1 (north)",2021-05-04,yellow,18.03,green,75.0
627,343,"Barn 1, Room 1 (north)",2021-05-05,yellow,18.45,green,92.0
628,343,"Barn 1, Room 1 (north)",2021-05-06,yellow,18.26,green,94.0
629,343,"Barn 1, Room 1 (north)",2021-05-07,yellow,17.6,green,92.0
657,343,"Barn 1, Room 1 (north)",2021-05-08,green,,green,91.0
658,343,"Barn 1, Room 1 (north)",2021-05-09,yellow,,green,89.0
630,343,"Barn 1, Room 1 (north)",2021-05-10,green,18.43,green,94.0
631,343,"Barn 1, Room 1 (north)",2021-05-11,green,18.19,green,94.0
632,343,"Barn 1, Room 1 (north)",2021-05-12,green,18.73,green,87.0
633,343,"Barn 1, Room 1 (north)",2021-05-13,yellow,19.05,green,97.0
634,343,"Barn 1, Room 1 (north)",2021-05-14,green,18.05,green,94.0
635,343,"Barn 1, Room 1 (north)",2021-05-15,yellow,20.23,green,97.0
636,343,"Barn 1, Room 1 (north)",2021-05-16,green,18.41,green,96.0
637,343,"Barn 1, Room 1 (north)",2021-05-17,green,18.43,green,98.0
638,343,"Barn 1, Room 1 (north)",2021-05-18,green,19.09,green,95.0
639,343,"Barn 1, Room 1 (north)",2021-05-19,blue,20.81,green,98.0
640,343,"Barn 1, Room 1 (north)",2021-05-20,blue,20.51,green,98.0
641,343,"Barn 1, Room 1 (north)",2021-05-21,blue,21.9,green,99.0
642,343,"Barn 1, Room 1 (north)",2021-05-22,blue,21.96,green,99.0
643,343,"Barn 1, Room 1 (north)",2021-05-23,blue,23.25,green,98.0
644,343,"Barn 1, Room 1 (north)",2021-05-24,blue,23.63,green,99.0
645,343,"Barn 1, Room 1 (north)",2021-05-25,blue,24.26,green,99.0
646,343,"Barn 1, Room 1 (north)",2021-05-26,blue,21.29,green,98.0
647,343,"Barn 1, Room 1 (north)",2021-05-27,blue,18.18,green,99.0
648,343,"Barn 1, Room 1 (north)",2021-05-28,blue,13.06,blue,
659,343,"Barn 1, Room 1 (north)",2021-05-29,blue,,blue,
660,343,"Barn 1, Room 1 (north)",2021-05-30,blue,,blue,
661,343,"Barn 1, Room 1 (north)",2021-05-31,blue,,blue,
662,343,"Barn 1, Room 1 (north)",2021-06-01,blue,,blue,
663,343,"Barn 1, Room 1 (north)",2021-06-02,blue,,blue,
649,343,"Barn 1, Room 1 (north)",2021-06-03,green,26.41,blue,
650,343,"Barn 1, Room 1 (north)",2021-06-04,red,29.46,blue,
651,343,"Barn 1, Room 1 (north)",2021-06-05,yellow,27.48,green,97.0
652,343,"Barn 1, Room 1 (north)",2021-06-06,yellow,25.41,green,96.0
653,343,"Barn 1, Room 1 (north)",2021-06-07,yellow,26.64,green,99.0
654,343,"Barn 1, Room 1 (north)",2021-06-08,yellow,27.84,green,98.0
655,343,"Barn 1, Room 1 (north)",2021-06-09,red,27.84,green,
789,343,"Barn 1, Room 1 (north)",2021-06-09,red,28.29,green,96.0
790,343,"Barn 1, Room 1 (north)",2021-06-10,yellow,29.86,green,98.0
791,343,"Barn 1, Room 1 (north)",2021-06-11,green,29.11,green,80.0
792,343,"Barn 1, Room 1 (north)",2021-06-12,green,29.57,yellow,49.0
793,343,"Barn 1, Room 1 (north)",2021-06-13,yellow,31.56,green,79.0
794,343,"Barn 1, Room 1 (north)",2021-06-14,green,30.16,green,87.0
795,343,"Barn 1, Room 1 (north)",2021-06-15,yellow,30.83,green,88.0
796,343,"Barn 1, Room 1 (north)",2021-06-16,green,30.93,green,89.0
797,343,"Barn 1, Room 1 (north)",2021-06-17,yellow,31.65,green,90.0
798,343,"Barn 1, Room 1 (north)",2021-06-18,yellow,30.34,green,82.0
799,343,"Barn 1, Room 1 (north)",2021-06-19,green,29.98,green,74.0
800,343,"Barn 1, Room 1 (north)",2021-06-20,green,29.57,green,70.0
801,343,"Barn 1, Room 1 (north)",2021-06-21,green,29.54,green,77.0
802,343,"Barn 1, Room 1 (north)",2021-06-22,green,29.23,green,80.0
803,343,"Barn 1, Room 1 (north)",2021-06-23,green,30.44,green,90.0
804,343,"Barn 1, Room 1 (north)",2021-06-24,green,29.35,green,84.0
805,343,"Barn 1, Room 1 (north)",2021-06-25,green,29.09,green,84.0
806,343,"Barn 1, Room 1 (north)",2021-06-26,green,28.33,green,75.0
807,343,"Barn 1, Room 1 (north)",2021-06-27,green,29.01,green,81.0
808,343,"Barn 1, Room 1 (north)",2021-06-28,green,29.42,green,76.0
809,343,"Barn 1, Room 1 (north)",2021-06-29,green,29.44,green,77.0
810,343,"Barn 1, Room 1 (north)",2021-06-30,green,29.28,green,69.0
811,343,"Barn 1, Room 1 (north)",2021-07-01,green,28.97,green,66.0
812,343,"Barn 1, Room 1 (north)",2021-07-02,yellow,28.94,green,71.0
813,343,"Barn 1, Room 1 (north)",2021-07-03,yellow,29.34,green,64.0
814,343,"Barn 1, Room 1 (north)",2021-07-04,green,29.43,green,65.0
815,343,"Barn 1, Room 1 (north)",2021-07-05,yellow,29.99,green,67.0
816,343,"Barn 1, Room 1 (north)",2021-07-06,green,29.75,green,70.0
817,343,"Barn 1, Room 1 (north)",2021-07-07,green,27.04,yellow,56.0
818,343,"Barn 1, Room 1 (north)",2021-07-08,green,26.6,green,66.0
819,343,"Barn 1, Room 1 (north)",2021-07-09,green,27.54,green,71.0
820,343,"Barn 1, Room 1 (north)",2021-07-10,green,26.5,yellow,55.0
821,343,"Barn 1, Room 1 (north)",2021-07-11,green,26.73,green,66.0
822,343,"Barn 1, Room 1 (north)",2021-07-12,yellow,27.3,green,76.0
823,343,"Barn 1, Room 1 (north)",2021-07-13,green,27.53,green,64.0
824,343,"Barn 1, Room 1 (north)",2021-07-14,green,27.44,yellow,50.0
825,343,"Barn 1, Room 1 (north)",2021-07-15,yellow,27.2,yellow,49.0
826,343,"Barn 1, Room 1 (north)",2021-07-16,yellow,27.39,yellow,53.0
827,343,"Barn 1, Room 1 (north)",2021-07-17,yellow,27.58,yellow,44.0
828,343,"Barn 1, Room 1 (north)",2021-07-18,yellow,27.54,yellow,52.0
829,343,"Barn 1, Room 1 (north)",2021-07-19,yellow,27.36,yellow,57.0
830,343,"Barn 1, Room 1 (north)",2021-07-20,yellow,27.4,yellow,55.0
831,343,"Barn 1, Room 1 (north)",2021-07-21,yellow,27.61,yellow,56.0
832,343,"Barn 1, Room 1 (north)",2021-07-22,yellow,27.6,yellow,57.0
833,343,"Barn 1, Room 1 (north)",2021-07-23,yellow,28.8,green,66.0
834,343,"Barn 1, Room 1 (north)",2021-07-24,yellow,28.68,green,70.0
835,343,"Barn 1, Room 1 (north)",2021-07-25,yellow,28.15,yellow,56.0
836,343,"Barn 1, Room 1 (north)",2021-07-26,yellow,27.87,yellow,54.0
664,343,"Barn 1, Room 1 (north)",2021-07-27,yellow,29.44,yellow,55.0
665,343,"Barn 1, Room 1 (north)",2021-07-28,yellow,30.18,green,78.0
666,343,"Barn 1, Room 1 (north)",2021-07-29,yellow,28.76,green,71.0
667,343,"Barn 1, Room 1 (north)",2021-07-30,green,27.13,yellow,50.0
668,343,"Barn 1, Room 1 (north)",2021-07-31,green,27.16,yellow,54.0
669,343,"Barn 1, Room 1 (north)",2021-08-01,green,26.58,yellow,56.0
670,343,"Barn 1, Room 1 (north)",2021-08-02,green,26.44,green,65.0
671,343,"Barn 1, Room 1 (north)",2021-08-03,green,26.68,green,71.0
672,343,"Barn 1, Room 1 (north)",2021-08-04,green,26.88,green,71.0
673,343,"Barn 1, Room 1 (north)",2021-08-05,green,27.11,yellow,55.0
674,343,"Barn 1, Room 1 (north)",2021-08-06,green,27.69,green,70.0
675,343,"Barn 1, Room 1 (north)",2021-08-07,green,27.52,green,64.0
676,343,"Barn 1, Room 1 (north)",2021-08-08,green,26.87,red,35.0
677,343,"Barn 1, Room 1 (north)",2021-08-09,green,28.39,red,32.0
678,343,"Barn 1, Room 1 (north)",2021-08-10,green,27.98,red,36.0
679,343,"Barn 1, Room 1 (north)",2021-08-11,yellow,28.03,red,36.0
680,343,"Barn 1, Room 1 (north)",2021-08-12,yellow,26.93,yellow,44.0
681,343,"Barn 1, Room 1 (north)",2021-08-13,yellow,26.47,red,35.0
682,343,"Barn 1, Room 1 (north)",2021-08-14,yellow,26.37,red,37.0
683,343,"Barn 1, Room 1 (north)",2021-08-15,yellow,26.31,yellow,50.0
684,343,"Barn 1, Room 1 (north)",2021-08-16,yellow,26.55,yellow,50.0
685,343,"Barn 1, Room 1 (north)",2021-08-17,yellow,27.11,yellow,57.0
686,343,"Barn 1, Room 1 (north)",2021-08-18,yellow,27.01,green,71.0
687,343,"Barn 1, Room 1 (north)",2021-08-19,yellow,27.46,green,74.0
688,343,"Barn 1, Room 1 (north)",2021-08-20,yellow,27.61,green,81.0
689,343,"Barn 1, Room 1 (north)",2021-08-21,green,25.26,green,75.0
690,343,"Barn 1, Room 1 (north)",2021-08-22,green,25.85,green,74.0
691,343,"Barn 1, Room 1 (north)",2021-08-23,yellow,28.89,green,82.0
692,343,"Barn 1, Room 1 (north)",2021-08-24,green,28.07,green,89.0
693,343,"Barn 1, Room 1 (north)",2021-08-25,yellow,27.04,green,87.0
694,343,"Barn 1, Room 1 (north)",2021-08-26,green,26.0,green,90.0
695,343,"Barn 1, Room 1 (north)",2021-08-27,yellow,28.0,green,87.0
696,343,"Barn 1, Room 1 (north)",2021-08-28,yellow,28.16,green,93.0
697,343,"Barn 1, Room 1 (north)",2021-08-29,green,25.3,green,88.0
698,343,"Barn 1, Room 1 (north)",2021-08-30,yellow,25.68,green,80.0
699,343,"Barn 1, Room 1 (north)",2021-08-31,green,24.76,green,78.0
700,343,"Barn 1, Room 1 (north)",2021-09-01,green,24.94,green,72.0
701,343,"Barn 1, Room 1 (north)",2021-09-02,green,24.38,green,80.0
702,343,"Barn 1, Room 1 (north)",2021-09-03,green,24.65,green,87.0
703,343,"Barn 1, Room 1 (north)",2021-09-04,green,24.41,green,88.0
704,343,"Barn 1, Room 1 (north)",2021-09-05,yellow,25.47,green,88.0
705,343,"Barn 1, Room 1 (north)",2021-09-06,yellow,26.26,green,87.0
706,343,"Barn 1, Room 1 (north)",2021-09-07,green,24.95,green,94.0
707,343,"Barn 1, Room 1 (north)",2021-09-08,green,24.23,green,88.0
708,343,"Barn 1, Room 1 (north)",2021-09-09,green,24.38,green,85.0
709,343,"Barn 1, Room 1 (north)",2021-09-10,yellow,25.4,green,76.0
710,343,"Barn 1, Room 1 (north)",2021-09-11,red,26.95,green,75.0
711,343,"Barn 1, Room 1 (north)",2021-09-12,green,24.14,green,93.0
712,343,"Barn 1, Room 1 (north)",2021-09-13,yellow,25.15,green,87.0
713,343,"Barn 1, Room 1 (north)",2021-09-14,green,23.53,green,86.0
714,343,"Barn 1, Room 1 (north)",2021-09-15,yellow,24.57,green,86.0
715,343,"Barn 1, Room 1 (north)",2021-09-16,yellow,26.24,green,90.0
716,343,"Barn 1, Room 1 (north)",2021-09-17,green,23.07,green,92.0
717,343,"Barn 1, Room 1 (north)",2021-09-18,yellow,25.27,green,78.0
718,343,"Barn 1, Room 1 (north)",2021-09-19,red,26.56,green,81.0
719,343,"Barn 1, Room 1 (north)",2021-09-20,green,22.61,green,86.0
720,343,"Barn 1, Room 1 (north)",2021-09-21,yellow,22.03,green,81.0
721,343,"Barn 1, Room 1 (north)",2021-09-22,green,21.9,green,75.0
722,343,"Barn 1, Room 1 (north)",2021-09-23,yellow,22.74,green,71.0
723,343,"Barn 1, Room 1 (north)",2021-09-24,green,21.62,green,86.0
724,343,"Barn 1, Room 1 (north)",2021-09-25,yellow,22.46,green,78.0
725,343,"Barn 1, Room 1 (north)",2021-09-26,red,24.54,green,86.0
726,343,"Barn 1, Room 1 (north)",2021-09-27,red,24.65,green,86.0
727,343,"Barn 1, Room 1 (north)",2021-09-28,red,24.99,green,86.0
728,343,"Barn 1, Room 1 (north)",2021-09-29,yellow,24.17,green,83.0
729,343,"Barn 1, Room 1 (north)",2021-09-30,yellow,23.77,green,87.0
730,343,"Barn 1, Room 1 (north)",2021-10-01,yellow,22.41,green,86.0
731,343,"Barn 1, Room 1 (north)",2021-10-02,green,21.16,green,86.0
732,343,"Barn 1, Room 1 (north)",2021-10-03,yellow,21.47,green,86.0
733,343,"Barn 1, Room 1 (north)",2021-10-04,yellow,21.77,green,88.0
734,343,"Barn 1, Room 1 (north)",2021-10-05,green,21.39,green,86.0
735,343,"Barn 1, Room 1 (north)",2021-10-06,green,21.39,green,86.0
736,343,"Barn 1, Room 1 (north)",2021-10-07,yellow,21.74,green,92.0
737,343,"Barn 1, Room 1 (north)",2021-10-08,red,23.32,green,87.0
738,343,"Barn 1, Room 1 (north)",2021-10-09,green,22.28,green,80.0
739,343,"Barn 1, Room 1 (north)",2021-10-10,green,20.48,green,77.0
740,343,"Barn 1, Room 1 (north)",2021-10-11,green,20.26,green,70.0
741,343,"Barn 1, Room 1 (north)",2021-10-12,green,20.54,green,79.0
742,343,"Barn 1, Room 1 (north)",2021-10-13,green,20.57,green,85.0
743,343,"Barn 1, Room 1 (north)",2021-10-14,yellow,19.45,green,87.0
744,343,"Barn 1, Room 1 (north)",2021-10-15,green,19.1,green,89.0
745,343,"Barn 1, Room 1 (north)",2021-10-16,green,19.25,green,83.0
746,343,"Barn 1, Room 1 (north)",2021-10-17,yellow,20.07,green,91.0
747,343,"Barn 1, Room 1 (north)",2021-10-18,yellow,20.68,green,93.0
748,343,"Barn 1, Room 1 (north)",2021-10-19,yellow,20.16,green,94.0
749,343,"Barn 1, Room 1 (north)",2021-10-20,green,19.11,green,93.0
750,343,"Barn 1, Room 1 (north)",2021-10-21,green,18.42,green,90.0
751,343,"Barn 1, Room 1 (north)",2021-10-22,green,18.4,green,93.0
752,343,"Barn 1, Room 1 (north)",2021-10-23,green,18.53,green,92.0
753,343,"Barn 1, Room 1 (north)",2021-10-24,green,18.57,green,90.0
754,343,"Barn 1, Room 1 (north)",2021-10-25,green,18.53,yellow,56.0
755,343,"Barn 1, Room 1 (north)",2021-10-26,green,19.14,yellow,46.0
756,343,"Barn 1, Room 1 (north)",2021-10-27,green,19.34,red,33.0
757,343,"Barn 1, Room 1 (north)",2021-10-28,green,19.54,yellow,50.0
758,343,"Barn 1, Room 1 (north)",2021-10-29,green,20.67,red,37.0
759,343,"Barn 1, Room 1 (north)",2021-10-30,green,21.24,red,35.0
760,343,"Barn 1, Room 1 (north)",2021-10-31,green,21.14,red,36.0
761,343,"Barn 1, Room 1 (north)",2021-11-01,green,20.87,yellow,47.0
762,343,"Barn 1, Room 1 (north)",2021-11-02,yellow,20.55,green,85.0
763,343,"Barn 1, Room 1 (north)",2021-11-03,green,20.47,green,82.0
764,343,"Barn 1, Room 1 (north)",2021-11-04,green,20.41,green,76.0
765,343,"Barn 1, Room 1 (north)",2021-11-05,green,20.67,green,76.0
766,343,"Barn 1, Room 1 (north)",2021-11-06,green,21.11,green,72.0
767,343,"Barn 1, Room 1 (north)",2021-11-07,green,21.06,green,69.0
768,343,"Barn 1, Room 1 (north)",2021-11-08,green,20.78,yellow,56.0
769,343,"Barn 1, Room 1 (north)",2021-11-09,green,20.74,yellow,56.0
770,343,"Barn 1, Room 1 (north)",2021-11-10,green,20.7,yellow,52.0
771,343,"Barn 1, Room 1 (north)",2021-11-11,green,20.02,yellow,55.0
772,343,"Barn 1, Room 1 (north)",2021-11-12,green,19.51,yellow,56.0
773,343,"Barn 1, Room 1 (north)",2021-11-13,green,19.16,yellow,51.0
774,343,"Barn 1, Room 1 (north)",2021-11-14,green,19.24,yellow,46.0
775,343,"Barn 1, Room 1 (north)",2021-11-15,green,19.18,yellow,54.0
776,343,"Barn 1, Room 1 (north)",2021-11-16,green,18.23,yellow,57.0
777,343,"Barn 1, Room 1 (north)",2021-11-17,green,18.29,yellow,49.0
778,343,"Barn 1, Room 1 (north)",2021-11-18,green,17.35,yellow,52.0
779,343,"Barn 1, Room 1 (north)",2021-11-19,green,17.53,yellow,51.0
780,343,"Barn 1, Room 1 (north)",2021-11-20,green,18.71,yellow,45.0
781,343,"Barn 1, Room 1 (north)",2021-11-21,green,19.07,red,33.0
782,343,"Barn 1, Room 1 (north)",2021-11-22,green,18.66,red,32.0
783,343,"Barn 1, Room 1 (north)",2021-11-23,blue,14.14,blue,89.0
784,343,"Barn 1, Room 1 (north)",2021-11-24,blue,11.32,blue,97.0
785,343,"Barn 1, Room 1 (north)",2021-11-25,blue,10.28,blue,97.0
786,343,"Barn 1, Room 1 (north)",2021-11-26,blue,11.0,blue,97.0
787,343,"Barn 1, Room 1 (north)",2021-11-27,blue,11.19,blue,97.0
788,343,"Barn 1, Room 1 (north)",2021-11-28,blue,10.69,blue,
837,343,"Barn 1, Room 1 (north)",2021-11-29,blue,,blue,
838,343,"Barn 1, Room 1 (north)",2021-11-30,blue,,blue,
839,343,"Barn 1, Room 1 (north)",2021-12-01,blue,,blue,
840,343,"Barn 1, Room 1 (north)",2021-12-02,blue,,blue,
841,343,"Barn 1, Room 1 (north)",2021-12-03,blue,,blue,
842,343,"Barn 1, Room 1 (north)",2021-12-04,blue,,blue,
843,343,"Barn 1, Room 1 (north)",2021-12-05,blue,,blue,
844,343,"Barn 1, Room 1 (north)",2021-12-06,blue,,blue,
845,343,"Barn 1, Room 1 (north)",2021-12-07,blue,,blue,
846,343,"Barn 1, Room 1 (north)",2021-12-08,blue,,blue,
949,343,"Barn 1, Room 1 (north)",2021-12-08,blue,,blue,
950,343,"Barn 1, Room 1 (north)",2021-12-09,blue,,blue,
951,343,"Barn 1, Room 1 (north)",2021-12-10,blue,,blue,
952,343,"Barn 1, Room 1 (north)",2021-12-11,blue,,blue,
953,343,"Barn 1, Room 1 (north)",2021-12-12,blue,,blue,
847,343,"Barn 1, Room 1 (north)",2021-12-13,green,25.97,blue,
954,343,"Barn 1, Room 1 (north)",2021-12-14,green,,blue,
955,343,"Barn 1, Room 1 (north)",2021-12-15,green,,blue,
956,343,"Barn 1, Room 1 (north)",2021-12-16,green,,blue,
957,343,"Barn 1, Room 1 (north)",2021-12-17,green,,blue,
958,343,"Barn 1, Room 1 (north)",2021-12-18,green,,blue,
959,343,"Barn 1, Room 1 (north)",2021-12-19,green,,blue,
960,343,"Barn 1, Room 1 (north)",2021-12-20,green,,blue,
961,343,"Barn 1, Room 1 (north)",2021-12-21,green,,blue,
947,343,"Barn 1, Room 1 (north)",2021-12-22,green,27.18,blue,
848,343,"Barn 1, Room 1 (north)",2021-12-23,green,27.52,green,93.0
849,343,"Barn 1, Room 1 (north)",2021-12-24,green,27.41,green,88.0
850,343,"Barn 1, Room 1 (north)",2021-12-25,green,27.36,green,93.0
851,343,"Barn 1, Room 1 (north)",2021-12-26,green,27.32,green,97.0
852,343,"Barn 1, Room 1 (north)",2021-12-27,green,27.18,green,99.0
853,343,"Barn 1, Room 1 (north)",2021-12-28,green,27.09,green,97.0
854,343,"Barn 1, Room 1 (north)",2021-12-29,green,26.99,green,99.0
855,343,"Barn 1, Room 1 (north)",2021-12-30,green,26.88,green,96.0
856,343,"Barn 1, Room 1 (north)",2021-12-31,yellow,26.7,green,97.0
857,343,"Barn 1, Room 1 (north)",2022-01-01,green,26.57,green,98.0
858,343,"Barn 1, Room 1 (north)",2022-01-02,green,26.48,green,99.0
859,343,"Barn 1, Room 1 (north)",2022-01-03,green,26.57,green,98.0
860,343,"Barn 1, Room 1 (north)",2022-01-04,green,26.65,green,97.0
861,343,"Barn 1, Room 1 (north)",2022-01-05,green,26.33,green,97.0
862,343,"Barn 1, Room 1 (north)",2022-01-06,green,26.11,green,97.0
863,343,"Barn 1, Room 1 (north)",2022-01-07,green,25.99,green,97.0
864,343,"Barn 1, Room 1 (north)",2022-01-08,green,26.2,green,96.0
865,343,"Barn 1, Room 1 (north)",2022-01-09,green,26.05,green,94.0
866,343,"Barn 1, Room 1 (north)",2022-01-10,green,26.01,green,94.0
867,343,"Barn 1, Room 1 (north)",2022-01-11,green,26.46,green,94.0
868,343,"Barn 1, Room 1 (north)",2022-01-12,green,26.57,green,97.0
869,343,"Barn 1, Room 1 (north)",2022-01-13,green,26.44,green,96.0
870,343,"Barn 1, Room 1 (north)",2022-01-14,green,26.36,green,94.0
871,343,"Barn 1, Room 1 (north)",2022-01-15,green,26.35,green,94.0
872,343,"Barn 1, Room 1 (north)",2022-01-16,green,26.08,green,96.0
873,343,"Barn 1, Room 1 (north)",2022-01-17,green,25.85,green,93.0
874,343,"Barn 1, Room 1 (north)",2022-01-18,green,25.76,green,91.0
875,343,"Barn 1, Room 1 (north)",2022-01-19,green,25.53,green,87.0
876,343,"Barn 1, Room 1 (north)",2022-01-20,green,25.29,green,88.0
877,343,"Barn 1, Room 1 (north)",2022-01-21,green,24.54,green,90.0
878,343,"Barn 1, Room 1 (north)",2022-01-22,green,24.39,green,88.0
879,343,"Barn 1, Room 1 (north)",2022-01-23,yellow,24.42,green,90.0
880,343,"Barn 1, Room 1 (north)",2022-01-24,green,24.73,green,93.0
881,343,"Barn 1, Room 1 (north)",2022-01-25,green,24.66,green,93.0
882,343,"Barn 1, Room 1 (north)",2022-01-26,yellow,23.76,green,90.0
883,343,"Barn 1, Room 1 (north)",2022-01-27,green,24.2,green,88.0
884,343,"Barn 1, Room 1 (north)",2022-01-28,green,23.71,green,85.0
885,343,"Barn 1, Room 1 (north)",2022-01-29,green,23.72,green,85.0
886,343,"Barn 1, Room 1 (north)",2022-01-30,green,23.3,green,90.0
887,343,"Barn 1, Room 1 (north)",2022-01-31,green,23.59,green,93.0
888,343,"Barn 1, Room 1 (north)",2022-02-01,green,23.9,green,87.0
889,343,"Barn 1, Room 1 (north)",2022-02-02,green,24.28,green,93.0
890,343,"Barn 1, Room 1 (north)",2022-02-03,green,23.28,green,91.0
891,343,"Barn 1, Room 1 (north)",2022-02-04,green,23.36,green,91.0
892,343,"Barn 1, Room 1 (north)",2022-02-05,green,23.23,green,96.0
893,343,"Barn 1, Room 1 (north)",2022-02-06,yellow,23.56,green,94.0
894,343,"Barn 1, Room 1 (north)",2022-02-07,green,23.0,green,94.0
895,343,"Barn 1, Room 1 (north)",2022-02-08,green,24.05,green,96.0
896,343,"Barn 1, Room 1 (north)",2022-02-09,green,24.07,green,94.0
897,343,"Barn 1, Room 1 (north)",2022-02-10,green,23.72,green,94.0
898,343,"Barn 1, Room 1 (north)",2022-02-11,yellow,23.62,green,94.0
899,343,"Barn 1, Room 1 (north)",2022-02-12,green,22.99,green,93.0
900,343,"Barn 1, Room 1 (north)",2022-02-13,yellow,23.27,green,93.0
901,343,"Barn 1, Room 1 (north)",2022-02-14,green,23.46,green,96.0
902,343,"Barn 1, Room 1 (north)",2022-02-15,green,23.63,green,96.0
903,343,"Barn 1, Room 1 (north)",2022-02-16,green,24.17,green,96.0
904,343,"Barn 1, Room 1 (north)",2022-02-17,green,23.51,green,96.0
905,343,"Barn 1, Room 1 (north)",2022-02-18,yellow,23.31,green,94.0
906,343,"Barn 1, Room 1 (north)",2022-02-19,green,22.81,green,94.0
907,343,"Barn 1, Room 1 (north)",2022-02-20,green,23.82,green,96.0
908,343,"Barn 1, Room 1 (north)",2022-02-21,green,23.76,green,96.0
909,343,"Barn 1, Room 1 (north)",2022-02-22,green,23.55,green,93.0
910,343,"Barn 1, Room 1 (north)",2022-02-23,green,23.31,green,79.0
911,343,"Barn 1, Room 1 (north)",2022-02-24,green,23.53,green,73.0
912,343,"Barn 1, Room 1 (north)",2022-02-25,green,23.4,green,90.0
913,343,"Barn 1, Room 1 (north)",2022-02-26,green,23.76,green,90.0
914,343,"Barn 1, Room 1 (north)",2022-02-27,green,23.55,green,78.0
915,343,"Barn 1, Room 1 (north)",2022-02-28,green,23.85,green,73.0
916,343,"Barn 1, Room 1 (north)",2022-03-01,green,24.07,yellow,45.0
917,343,"Barn 1, Room 1 (north)",2022-03-02,green,23.96,red,39.0
918,343,"Barn 1, Room 1 (north)",2022-03-03,green,23.58,red,28.0
919,343,"Barn 1, Room 1 (north)",2022-03-04,green,23.86,yellow,50.0
920,343,"Barn 1, Room 1 (north)",2022-03-05,green,23.68,green,81.0
921,343,"Barn 1, Room 1 (north)",2022-03-06,green,23.29,green,87.0
922,343,"Barn 1, Room 1 (north)",2022-03-07,green,22.99,green,86.0
923,343,"Barn 1, Room 1 (north)",2022-03-08,green,23.27,green,90.0
924,343,"Barn 1, Room 1 (north)",2022-03-09,green,23.21,green,90.0
925,343,"Barn 1, Room 1 (north)",2022-03-10,green,23.49,green,89.0
926,343,"Barn 1, Room 1 (north)",2022-03-11,green,22.5,green,87.0
927,343,"Barn 1, Room 1 (north)",2022-03-12,green,22.88,green,89.0
928,343,"Barn 1, Room 1 (north)",2022-03-13,green,23.66,green,90.0
929,343,"Barn 1, Room 1 (north)",2022-03-14,green,23.39,green,87.0
930,343,"Barn 1, Room 1 (north)",2022-03-15,green,22.69,green,92.0
931,343,"Barn 1, Room 1 (north)",2022-03-16,yellow,22.73,green,90.0
932,343,"Barn 1, Room 1 (north)",2022-03-17,green,21.08,green,92.0
933,343,"Barn 1, Room 1 (north)",2022-03-18,green,20.73,green,89.0
934,343,"Barn 1, Room 1 (north)",2022-03-19,yellow,20.96,green,92.0
935,343,"Barn 1, Room 1 (north)",2022-03-20,yellow,22.17,green,89.0
936,343,"Barn 1, Room 1 (north)",2022-03-21,yellow,22.1,green,94.0
937,343,"Barn 1, Room 1 (north)",2022-03-22,green,20.95,green,93.0
938,343,"Barn 1, Room 1 (north)",2022-03-23,green,21.07,green,93.0
939,343,"Barn 1, Room 1 (north)",2022-03-24,green,20.09,green,91.0
940,343,"Barn 1, Room 1 (north)",2022-03-25,yellow,20.56,green,91.0
941,343,"Barn 1, Room 1 (north)",2022-03-26,yellow,19.83,green,93.0
942,343,"Barn 1, Room 1 (north)",2022-03-27,yellow,19.91,green,93.0
943,343,"Barn 1, Room 1 (north)",2022-03-28,green,19.4,green,94.0
944,343,"Barn 1, Room 1 (north)",2022-03-29,green,19.67,green,91.0
945,343,"Barn 1, Room 1 (north)",2022-03-30,green,19.06,green,91.0
946,343,"Barn 1, Room 1 (north)",2022-03-31,yellow,18.57,green,92.0
948,343,"Barn 1, Room 1 (north)",2022-04-01,green,19.1,green,92.0
