,Airspace id,Fullname,Date (America/Chicago),Temperature shock - color,Temperature (°C) - data,ReHS - color,ReHS - data
167,353,"Barn 1, Room 1",2020-12-21,green,,blue,
168,353,"Barn 1, Room 1",2020-12-22,green,,blue,
169,353,"Barn 1, Room 1",2020-12-23,green,,blue,
170,353,"Barn 1, Room 1",2020-12-24,blue,,blue,
171,353,"Barn 1, Room 1",2020-12-25,blue,,blue,
172,353,"Barn 1, Room 1",2020-12-26,blue,,blue,
173,353,"Barn 1, Room 1",2020-12-27,blue,,blue,
174,353,"Barn 1, Room 1",2020-12-28,blue,,blue,
175,353,"Barn 1, Room 1",2020-12-29,blue,,blue,
176,353,"Barn 1, Room 1",2020-12-30,blue,,blue,
177,353,"Barn 1, Room 1",2020-12-31,blue,,blue,
178,353,"Barn 1, Room 1",2021-01-01,blue,,blue,
179,353,"Barn 1, Room 1",2021-01-02,blue,,blue,
180,353,"Barn 1, Room 1",2021-01-03,blue,,blue,
0,353,"Barn 1, Room 1",2021-01-04,green,17.2,green,
1,353,"Barn 1, Room 1",2021-01-05,green,17.15,green,97.0
2,353,"Barn 1, Room 1",2021-01-06,green,16.92,green,96.0
3,353,"Barn 1, Room 1",2021-01-07,green,17.13,green,98.0
4,353,"Barn 1, Room 1",2021-01-08,green,17.08,green,96.0
5,353,"Barn 1, Room 1",2021-01-09,green,17.17,green,94.0
6,353,"Barn 1, Room 1",2021-01-10,green,17.25,green,96.0
7,353,"Barn 1, Room 1",2021-01-11,green,22.69,green,97.0
8,353,"Barn 1, Room 1",2021-01-12,green,27.36,green,98.0
9,353,"Barn 1, Room 1",2021-01-13,yellow,16.83,green,96.0
10,353,"Barn 1, Room 1",2021-01-14,green,16.76,green,98.0
11,353,"Barn 1, Room 1",2021-01-15,green,16.99,green,96.0
12,353,"Barn 1, Room 1",2021-01-16,green,16.81,green,93.0
13,353,"Barn 1, Room 1",2021-01-17,red,18.58,green,98.0
14,353,"Barn 1, Room 1",2021-01-18,green,30.59,green,96.0
15,353,"Barn 1, Room 1",2021-01-19,yellow,30.65,green,96.0
16,353,"Barn 1, Room 1",2021-01-20,yellow,30.79,green,95.0
17,353,"Barn 1, Room 1",2021-01-21,yellow,29.3,green,93.0
18,353,"Barn 1, Room 1",2021-01-22,green,29.56,green,92.0
19,353,"Barn 1, Room 1",2021-01-23,green,29.8,green,97.0
20,353,"Barn 1, Room 1",2021-01-24,yellow,29.16,green,96.0
21,353,"Barn 1, Room 1",2021-01-25,green,28.61,green,92.0
22,353,"Barn 1, Room 1",2021-01-26,blue,29.1,green,81.0
23,353,"Barn 1, Room 1",2021-01-27,green,29.28,green,95.0
24,353,"Barn 1, Room 1",2021-01-28,blue,29.01,green,97.0
25,353,"Barn 1, Room 1",2021-01-29,green,28.22,green,95.0
26,353,"Barn 1, Room 1",2021-01-30,red,29.01,green,97.0
27,353,"Barn 1, Room 1",2021-01-31,yellow,30.57,green,96.0
28,353,"Barn 1, Room 1",2021-02-01,green,28.28,green,93.0
29,353,"Barn 1, Room 1",2021-02-02,green,26.57,green,92.0
30,353,"Barn 1, Room 1",2021-02-03,green,26.62,green,92.0
31,353,"Barn 1, Room 1",2021-02-04,green,25.8,green,86.0
32,353,"Barn 1, Room 1",2021-02-05,green,25.9,green,92.0
33,353,"Barn 1, Room 1",2021-02-06,green,25.39,green,93.0
34,353,"Barn 1, Room 1",2021-02-07,green,25.1,green,89.0
35,353,"Barn 1, Room 1",2021-02-08,green,25.1,green,93.0
36,353,"Barn 1, Room 1",2021-02-09,green,24.75,green,83.0
37,353,"Barn 1, Room 1",2021-02-10,green,24.2,green,86.0
38,353,"Barn 1, Room 1",2021-02-11,green,23.69,green,91.0
39,353,"Barn 1, Room 1",2021-02-12,yellow,24.02,green,92.0
40,353,"Barn 1, Room 1",2021-02-13,green,24.0,green,91.0
41,353,"Barn 1, Room 1",2021-02-14,green,23.7,green,89.0
42,353,"Barn 1, Room 1",2021-02-15,green,23.8,green,94.0
43,353,"Barn 1, Room 1",2021-02-16,green,23.33,green,94.0
44,353,"Barn 1, Room 1",2021-02-17,green,22.98,green,94.0
45,353,"Barn 1, Room 1",2021-02-18,green,22.46,green,93.0
46,353,"Barn 1, Room 1",2021-02-19,yellow,22.49,green,93.0
47,353,"Barn 1, Room 1",2021-02-20,blue,23.12,green,94.0
48,353,"Barn 1, Room 1",2021-02-21,yellow,22.73,green,94.0
49,353,"Barn 1, Room 1",2021-02-22,yellow,22.44,green,91.0
50,353,"Barn 1, Room 1",2021-02-23,yellow,22.7,green,88.0
51,353,"Barn 1, Room 1",2021-02-24,yellow,22.41,green,91.0
52,353,"Barn 1, Room 1",2021-02-25,red,22.97,green,94.0
53,353,"Barn 1, Room 1",2021-02-26,green,22.68,green,91.0
54,353,"Barn 1, Room 1",2021-02-27,green,22.4,green,87.0
55,353,"Barn 1, Room 1",2021-02-28,yellow,21.96,green,85.0
56,353,"Barn 1, Room 1",2021-03-01,green,21.83,green,88.0
57,353,"Barn 1, Room 1",2021-03-02,yellow,21.51,green,88.0
58,353,"Barn 1, Room 1",2021-03-03,green,22.13,green,84.0
59,353,"Barn 1, Room 1",2021-03-04,green,21.3,green,88.0
60,353,"Barn 1, Room 1",2021-03-05,yellow,21.36,green,88.0
61,353,"Barn 1, Room 1",2021-03-06,green,21.31,green,90.0
62,353,"Barn 1, Room 1",2021-03-07,green,21.47,green,89.0
63,353,"Barn 1, Room 1",2021-03-08,green,22.46,green,91.0
64,353,"Barn 1, Room 1",2021-03-09,green,22.85,green,90.0
65,353,"Barn 1, Room 1",2021-03-10,green,22.84,green,86.0
66,353,"Barn 1, Room 1",2021-03-11,green,21.8,green,84.0
67,353,"Barn 1, Room 1",2021-03-12,green,21.96,green,88.0
68,353,"Barn 1, Room 1",2021-03-13,green,22.04,green,91.0
69,353,"Barn 1, Room 1",2021-03-14,green,21.59,green,92.0
70,353,"Barn 1, Room 1",2021-03-15,green,21.07,green,91.0
71,353,"Barn 1, Room 1",2021-03-16,green,22.0,green,95.0
72,353,"Barn 1, Room 1",2021-03-17,green,21.76,green,93.0
73,353,"Barn 1, Room 1",2021-03-18,green,21.65,green,94.0
74,353,"Barn 1, Room 1",2021-03-19,green,21.69,green,92.0
75,353,"Barn 1, Room 1",2021-03-20,green,21.97,green,94.0
76,353,"Barn 1, Room 1",2021-03-21,yellow,22.95,green,95.0
77,353,"Barn 1, Room 1",2021-03-22,yellow,22.57,green,95.0
78,353,"Barn 1, Room 1",2021-03-23,green,22.3,green,93.0
79,353,"Barn 1, Room 1",2021-03-24,green,21.99,green,93.0
80,353,"Barn 1, Room 1",2021-03-25,green,21.55,green,92.0
81,353,"Barn 1, Room 1",2021-03-26,green,21.66,green,92.0
82,353,"Barn 1, Room 1",2021-03-27,green,21.97,green,93.0
83,353,"Barn 1, Room 1",2021-03-28,green,21.13,green,90.0
84,353,"Barn 1, Room 1",2021-03-29,yellow,22.33,green,91.0
85,353,"Barn 1, Room 1",2021-03-30,green,22.02,green,93.0
86,353,"Barn 1, Room 1",2021-03-31,green,21.56,green,91.0
87,353,"Barn 1, Room 1",2021-04-01,yellow,21.66,green,93.0
88,353,"Barn 1, Room 1",2021-04-02,yellow,22.0,green,95.0
89,353,"Barn 1, Room 1",2021-04-03,yellow,22.89,green,95.0
90,353,"Barn 1, Room 1",2021-04-04,green,22.94,green,96.0
91,353,"Barn 1, Room 1",2021-04-05,green,23.63,green,95.0
92,353,"Barn 1, Room 1",2021-04-06,green,24.21,green,93.0
93,353,"Barn 1, Room 1",2021-04-07,green,23.78,green,95.0
94,353,"Barn 1, Room 1",2021-04-08,green,22.13,green,97.0
95,353,"Barn 1, Room 1",2021-04-09,green,22.95,green,96.0
96,353,"Barn 1, Room 1",2021-04-10,green,22.43,green,93.0
97,353,"Barn 1, Room 1",2021-04-11,green,20.93,green,75.0
98,353,"Barn 1, Room 1",2021-04-12,yellow,21.9,green,67.0
99,353,"Barn 1, Room 1",2021-04-13,yellow,21.87,green,71.0
100,353,"Barn 1, Room 1",2021-04-14,green,21.49,yellow,55.0
101,353,"Barn 1, Room 1",2021-04-15,yellow,21.78,yellow,55.0
102,353,"Barn 1, Room 1",2021-04-16,blue,22.28,green,72.0
103,353,"Barn 1, Room 1",2021-04-17,yellow,22.31,yellow,56.0
104,353,"Barn 1, Room 1",2021-04-18,yellow,22.14,green,75.0
105,353,"Barn 1, Room 1",2021-04-19,green,21.88,green,90.0
106,353,"Barn 1, Room 1",2021-04-20,yellow,20.81,green,96.0
107,353,"Barn 1, Room 1",2021-04-21,green,21.9,green,96.0
108,353,"Barn 1, Room 1",2021-04-22,yellow,22.44,green,96.0
109,353,"Barn 1, Room 1",2021-04-23,green,22.06,green,96.0
110,353,"Barn 1, Room 1",2021-04-24,green,22.57,green,96.0
111,353,"Barn 1, Room 1",2021-04-25,green,22.1,green,96.0
112,353,"Barn 1, Room 1",2021-04-26,yellow,23.9,green,96.0
113,353,"Barn 1, Room 1",2021-04-27,yellow,25.34,green,96.0
114,353,"Barn 1, Room 1",2021-04-28,green,23.4,green,96.0
115,353,"Barn 1, Room 1",2021-04-29,green,23.1,green,94.0
116,353,"Barn 1, Room 1",2021-04-30,yellow,22.57,green,97.0
117,353,"Barn 1, Room 1",2021-05-01,yellow,24.54,green,94.0
118,353,"Barn 1, Room 1",2021-05-02,green,24.11,green,94.0
119,353,"Barn 1, Room 1",2021-05-03,green,23.32,green,90.0
120,353,"Barn 1, Room 1",2021-05-04,green,22.81,green,94.0
121,353,"Barn 1, Room 1",2021-05-05,green,22.05,green,96.0
122,353,"Barn 1, Room 1",2021-05-06,yellow,22.78,green,98.0
123,353,"Barn 1, Room 1",2021-05-07,yellow,21.8,green,97.0
181,353,"Barn 1, Room 1",2021-05-08,yellow,,green,96.0
182,353,"Barn 1, Room 1",2021-05-09,yellow,,green,96.0
124,353,"Barn 1, Room 1",2021-05-10,green,22.33,green,97.0
125,353,"Barn 1, Room 1",2021-05-11,yellow,22.05,green,98.0
126,353,"Barn 1, Room 1",2021-05-12,yellow,21.5,green,96.0
127,353,"Barn 1, Room 1",2021-05-13,yellow,21.88,green,97.0
128,353,"Barn 1, Room 1",2021-05-14,green,22.32,green,97.0
129,353,"Barn 1, Room 1",2021-05-15,green,23.18,green,98.0
130,353,"Barn 1, Room 1",2021-05-16,green,23.26,green,97.0
131,353,"Barn 1, Room 1",2021-05-17,green,23.03,green,94.0
132,353,"Barn 1, Room 1",2021-05-18,green,23.01,green,91.0
133,353,"Barn 1, Room 1",2021-05-19,blue,23.72,green,96.0
134,353,"Barn 1, Room 1",2021-05-20,yellow,25.45,green,96.0
135,353,"Barn 1, Room 1",2021-05-21,green,25.16,green,97.0
136,353,"Barn 1, Room 1",2021-05-22,green,24.64,green,96.0
137,353,"Barn 1, Room 1",2021-05-23,yellow,25.87,green,96.0
138,353,"Barn 1, Room 1",2021-05-24,yellow,26.51,green,94.0
139,353,"Barn 1, Room 1",2021-05-25,yellow,25.34,green,95.0
140,353,"Barn 1, Room 1",2021-05-26,red,25.23,green,97.0
141,353,"Barn 1, Room 1",2021-05-27,green,22.92,green,96.0
142,353,"Barn 1, Room 1",2021-05-28,green,22.75,green,97.0
143,353,"Barn 1, Room 1",2021-05-29,yellow,21.62,green,96.0
144,353,"Barn 1, Room 1",2021-05-30,green,21.64,green,97.0
145,353,"Barn 1, Room 1",2021-05-31,green,22.08,green,95.0
146,353,"Barn 1, Room 1",2021-06-01,green,22.53,green,98.0
147,353,"Barn 1, Room 1",2021-06-02,yellow,22.94,green,96.0
148,353,"Barn 1, Room 1",2021-06-03,red,24.6,green,97.0
149,353,"Barn 1, Room 1",2021-06-04,yellow,25.76,green,96.0
150,353,"Barn 1, Room 1",2021-06-05,yellow,26.61,green,93.0
151,353,"Barn 1, Room 1",2021-06-06,yellow,26.2,green,94.0
152,353,"Barn 1, Room 1",2021-06-07,green,25.62,green,93.0
153,353,"Barn 1, Room 1",2021-06-08,yellow,25.64,green,93.0
154,353,"Barn 1, Room 1",2021-06-09,yellow,25.77,green,95.0
155,353,"Barn 1, Room 1",2021-06-10,yellow,27.31,green,92.0
156,353,"Barn 1, Room 1",2021-06-11,red,28.53,green,89.0
157,353,"Barn 1, Room 1",2021-06-12,yellow,29.14,green,91.0
158,353,"Barn 1, Room 1",2021-06-13,red,26.66,green,90.0
159,353,"Barn 1, Room 1",2021-06-14,yellow,25.87,green,93.0
160,353,"Barn 1, Room 1",2021-06-15,yellow,25.41,green,94.0
161,353,"Barn 1, Room 1",2021-06-16,red,24.97,green,95.0
162,353,"Barn 1, Room 1",2021-06-17,yellow,27.78,green,94.0
163,353,"Barn 1, Room 1",2021-06-18,yellow,29.63,green,86.0
164,353,"Barn 1, Room 1",2021-06-19,green,24.75,green,94.0
165,353,"Barn 1, Room 1",2021-06-20,green,26.4,green,96.0
166,353,"Barn 1, Room 1",2021-06-21,green,26.4,green,
183,353,"Barn 1, Room 1",2021-06-21,green,22.77,green,90.0
184,353,"Barn 1, Room 1",2021-06-22,green,22.06,green,95.0
185,353,"Barn 1, Room 1",2021-06-23,yellow,24.56,green,98.0
186,353,"Barn 1, Room 1",2021-06-24,green,23.14,green,96.0
187,353,"Barn 1, Room 1",2021-06-25,yellow,24.76,green,96.0
188,353,"Barn 1, Room 1",2021-06-26,green,25.42,green,95.0
189,353,"Barn 1, Room 1",2021-06-27,yellow,25.47,green,96.0
190,353,"Barn 1, Room 1",2021-06-28,green,25.06,green,94.0
191,353,"Barn 1, Room 1",2021-06-29,yellow,25.68,green,96.0
192,353,"Barn 1, Room 1",2021-06-30,green,24.0,green,97.0
193,353,"Barn 1, Room 1",2021-07-01,yellow,24.43,green,97.0
194,353,"Barn 1, Room 1",2021-07-02,yellow,21.85,green,98.0
195,353,"Barn 1, Room 1",2021-07-03,yellow,22.72,green,98.0
196,353,"Barn 1, Room 1",2021-07-04,yellow,24.82,green,97.0
197,353,"Barn 1, Room 1",2021-07-05,yellow,25.95,green,98.0
198,353,"Barn 1, Room 1",2021-07-06,yellow,35.47,green,99.0
199,353,"Barn 1, Room 1",2021-07-07,yellow,50.31,green,97.0
200,353,"Barn 1, Room 1",2021-07-08,green,22.9,green,98.0
201,353,"Barn 1, Room 1",2021-07-09,yellow,20.78,green,99.0
202,353,"Barn 1, Room 1",2021-07-10,green,20.83,green,98.0
203,353,"Barn 1, Room 1",2021-07-11,green,21.61,green,98.0
204,353,"Barn 1, Room 1",2021-07-12,green,21.25,green,97.0
205,353,"Barn 1, Room 1",2021-07-13,green,22.18,green,97.0
206,353,"Barn 1, Room 1",2021-07-14,green,24.59,green,96.0
207,353,"Barn 1, Room 1",2021-07-15,green,24.07,green,99.0
208,353,"Barn 1, Room 1",2021-07-16,green,22.66,green,96.0
209,353,"Barn 1, Room 1",2021-07-17,yellow,23.2,green,96.0
210,353,"Barn 1, Room 1",2021-07-18,yellow,23.92,green,96.0
211,353,"Barn 1, Room 1",2021-07-19,blue,24.84,green,99.0
212,353,"Barn 1, Room 1",2021-07-20,green,26.49,green,99.0
213,353,"Barn 1, Room 1",2021-07-21,green,26.97,green,97.0
214,353,"Barn 1, Room 1",2021-07-22,green,27.89,green,98.0
215,353,"Barn 1, Room 1",2021-07-23,green,28.42,green,96.0
216,353,"Barn 1, Room 1",2021-07-24,yellow,29.08,green,98.0
217,353,"Barn 1, Room 1",2021-07-25,yellow,28.48,green,98.0
218,353,"Barn 1, Room 1",2021-07-26,blue,27.79,green,99.0
219,353,"Barn 1, Room 1",2021-07-27,blue,27.41,green,98.0
220,353,"Barn 1, Room 1",2021-07-28,blue,27.73,green,96.0
221,353,"Barn 1, Room 1",2021-07-29,blue,28.2,green,98.0
222,353,"Barn 1, Room 1",2021-07-30,blue,26.8,green,94.0
223,353,"Barn 1, Room 1",2021-07-31,green,26.62,green,90.0
224,353,"Barn 1, Room 1",2021-08-01,green,27.13,green,85.0
225,353,"Barn 1, Room 1",2021-08-02,green,26.84,green,91.0
226,353,"Barn 1, Room 1",2021-08-03,green,27.24,green,88.0
227,353,"Barn 1, Room 1",2021-08-04,green,27.92,green,90.0
228,353,"Barn 1, Room 1",2021-08-05,green,27.58,green,88.0
229,353,"Barn 1, Room 1",2021-08-06,green,27.28,green,95.0
230,353,"Barn 1, Room 1",2021-08-07,green,28.93,green,93.0
231,353,"Barn 1, Room 1",2021-08-08,green,28.63,green,93.0
232,353,"Barn 1, Room 1",2021-08-09,green,28.32,green,95.0
233,353,"Barn 1, Room 1",2021-08-10,green,29.97,green,94.0
234,353,"Barn 1, Room 1",2021-08-11,green,29.04,green,94.0
235,353,"Barn 1, Room 1",2021-08-12,green,26.66,green,92.0
236,353,"Barn 1, Room 1",2021-08-13,green,26.12,green,90.0
237,353,"Barn 1, Room 1",2021-08-14,green,25.35,green,83.0
238,353,"Barn 1, Room 1",2021-08-15,yellow,24.6,green,94.0
239,353,"Barn 1, Room 1",2021-08-16,green,24.78,green,91.0
240,353,"Barn 1, Room 1",2021-08-17,green,26.17,green,79.0
241,353,"Barn 1, Room 1",2021-08-18,yellow,27.41,green,87.0
242,353,"Barn 1, Room 1",2021-08-19,yellow,27.36,green,85.0
243,353,"Barn 1, Room 1",2021-08-20,green,27.52,green,88.0
244,353,"Barn 1, Room 1",2021-08-21,green,26.94,green,88.0
245,353,"Barn 1, Room 1",2021-08-22,yellow,26.89,green,88.0
246,353,"Barn 1, Room 1",2021-08-23,green,26.84,green,92.0
247,353,"Barn 1, Room 1",2021-08-24,yellow,28.6,green,89.0
248,353,"Barn 1, Room 1",2021-08-25,yellow,28.22,green,88.0
249,353,"Barn 1, Room 1",2021-08-26,green,27.14,green,90.0
250,353,"Barn 1, Room 1",2021-08-27,yellow,27.85,green,95.0
251,353,"Barn 1, Room 1",2021-08-28,green,28.14,green,95.0
252,353,"Barn 1, Room 1",2021-08-29,yellow,27.75,green,95.0
253,353,"Barn 1, Room 1",2021-08-30,green,26.26,green,97.0
254,353,"Barn 1, Room 1",2021-08-31,green,25.47,green,97.0
255,353,"Barn 1, Room 1",2021-09-01,green,25.23,green,89.0
256,353,"Barn 1, Room 1",2021-09-02,green,24.38,green,80.0
257,353,"Barn 1, Room 1",2021-09-03,green,24.36,green,86.0
258,353,"Barn 1, Room 1",2021-09-04,green,25.05,green,87.0
259,353,"Barn 1, Room 1",2021-09-05,green,25.16,green,89.0
260,353,"Barn 1, Room 1",2021-09-06,yellow,25.93,green,84.0
261,353,"Barn 1, Room 1",2021-09-07,yellow,26.67,green,79.0
262,353,"Barn 1, Room 1",2021-09-08,yellow,24.82,green,78.0
263,353,"Barn 1, Room 1",2021-09-09,yellow,24.67,green,72.0
264,353,"Barn 1, Room 1",2021-09-10,green,25.35,yellow,53.0
265,353,"Barn 1, Room 1",2021-09-11,green,26.7,yellow,45.0
266,353,"Barn 1, Room 1",2021-09-12,yellow,27.0,red,37.0
267,353,"Barn 1, Room 1",2021-09-13,green,26.84,yellow,51.0
268,353,"Barn 1, Room 1",2021-09-14,green,26.94,yellow,55.0
269,353,"Barn 1, Room 1",2021-09-15,green,24.99,green,68.0
270,353,"Barn 1, Room 1",2021-09-16,yellow,25.2,green,76.0
271,353,"Barn 1, Room 1",2021-09-17,yellow,26.11,green,78.0
272,353,"Barn 1, Room 1",2021-09-18,yellow,26.62,green,86.0
273,353,"Barn 1, Room 1",2021-09-19,green,26.58,green,91.0
274,353,"Barn 1, Room 1",2021-09-20,yellow,26.82,green,95.0
275,353,"Barn 1, Room 1",2021-09-21,green,23.79,green,92.0
276,353,"Barn 1, Room 1",2021-09-22,green,23.22,green,92.0
277,353,"Barn 1, Room 1",2021-09-23,green,23.34,green,80.0
278,353,"Barn 1, Room 1",2021-09-24,yellow,24.15,green,84.0
279,353,"Barn 1, Room 1",2021-09-25,green,23.89,green,91.0
280,353,"Barn 1, Room 1",2021-09-26,green,24.81,green,92.0
281,353,"Barn 1, Room 1",2021-09-27,yellow,26.7,green,86.0
282,353,"Barn 1, Room 1",2021-09-28,yellow,25.8,green,87.0
283,353,"Barn 1, Room 1",2021-09-29,green,25.96,green,86.0
284,353,"Barn 1, Room 1",2021-09-30,green,25.99,green,87.0
285,353,"Barn 1, Room 1",2021-10-01,green,25.16,green,82.0
286,353,"Barn 1, Room 1",2021-10-02,green,24.78,green,90.0
287,353,"Barn 1, Room 1",2021-10-03,green,24.22,green,92.0
288,353,"Barn 1, Room 1",2021-10-04,green,23.81,green,94.0
289,353,"Barn 1, Room 1",2021-10-05,green,23.5,green,92.0
290,353,"Barn 1, Room 1",2021-10-06,green,23.6,green,94.0
291,353,"Barn 1, Room 1",2021-10-07,green,23.7,green,93.0
292,353,"Barn 1, Room 1",2021-10-08,green,24.04,green,96.0
293,353,"Barn 1, Room 1",2021-10-09,green,25.27,green,95.0
294,353,"Barn 1, Room 1",2021-10-10,yellow,25.53,green,89.0
295,353,"Barn 1, Room 1",2021-10-11,green,23.55,green,83.0
296,353,"Barn 1, Room 1",2021-10-12,green,23.23,green,78.0
297,353,"Barn 1, Room 1",2021-10-13,green,23.89,green,88.0
298,353,"Barn 1, Room 1",2021-10-14,green,23.31,green,88.0
299,353,"Barn 1, Room 1",2021-10-15,green,22.89,green,87.0
300,353,"Barn 1, Room 1",2021-10-16,green,22.94,green,92.0
301,353,"Barn 1, Room 1",2021-10-17,green,22.98,green,87.0
302,353,"Barn 1, Room 1",2021-10-18,green,23.38,green,95.0
303,353,"Barn 1, Room 1",2021-10-19,green,22.97,green,97.0
304,353,"Barn 1, Room 1",2021-10-20,green,23.51,green,95.0
305,353,"Barn 1, Room 1",2021-10-21,green,22.2,green,95.0
306,353,"Barn 1, Room 1",2021-10-22,green,21.89,green,96.0
307,353,"Barn 1, Room 1",2021-10-23,green,22.06,green,98.0
308,353,"Barn 1, Room 1",2021-10-24,green,22.22,green,98.0
309,353,"Barn 1, Room 1",2021-10-25,yellow,21.75,green,98.0
310,353,"Barn 1, Room 1",2021-10-26,green,22.0,green,96.0
311,353,"Barn 1, Room 1",2021-10-27,green,21.42,green,96.0
312,353,"Barn 1, Room 1",2021-10-28,green,21.33,green,96.0
313,353,"Barn 1, Room 1",2021-10-29,green,21.11,green,94.0
314,353,"Barn 1, Room 1",2021-10-30,green,20.89,green,94.0
315,353,"Barn 1, Room 1",2021-10-31,green,20.56,green,97.0
316,353,"Barn 1, Room 1",2021-11-01,yellow,20.04,green,96.0
317,353,"Barn 1, Room 1",2021-11-02,yellow,19.81,green,90.0
318,353,"Barn 1, Room 1",2021-11-03,yellow,19.68,green,96.0
319,353,"Barn 1, Room 1",2021-11-04,yellow,19.77,green,98.0
320,353,"Barn 1, Room 1",2021-11-05,yellow,20.08,green,97.0
321,353,"Barn 1, Room 1",2021-11-06,green,20.56,green,97.0
322,353,"Barn 1, Room 1",2021-11-07,yellow,21.11,green,96.0
323,353,"Barn 1, Room 1",2021-11-08,green,21.03,green,94.0
324,353,"Barn 1, Room 1",2021-11-09,green,20.71,green,84.0
325,353,"Barn 1, Room 1",2021-11-10,yellow,20.79,green,97.0
326,353,"Barn 1, Room 1",2021-11-11,yellow,20.57,green,96.0
327,353,"Barn 1, Room 1",2021-11-12,yellow,19.83,green,94.0
328,353,"Barn 1, Room 1",2021-11-13,yellow,19.89,green,94.0
329,353,"Barn 1, Room 1",2021-11-14,yellow,20.06,green,99.0
330,353,"Barn 1, Room 1",2021-11-15,yellow,19.6,green,94.0
331,353,"Barn 1, Room 1",2021-11-16,green,20.49,green,96.0
332,353,"Barn 1, Room 1",2021-11-17,green,20.63,green,94.0
333,353,"Barn 1, Room 1",2021-11-18,yellow,19.61,green,97.0
334,353,"Barn 1, Room 1",2021-11-19,yellow,19.53,green,96.0
335,353,"Barn 1, Room 1",2021-11-20,green,20.92,green,96.0
336,353,"Barn 1, Room 1",2021-11-21,yellow,20.64,green,96.0
337,353,"Barn 1, Room 1",2021-11-22,yellow,19.52,green,97.0
338,353,"Barn 1, Room 1",2021-11-23,yellow,19.72,green,94.0
339,353,"Barn 1, Room 1",2021-11-24,yellow,20.86,green,94.0
340,353,"Barn 1, Room 1",2021-11-25,green,19.96,green,96.0
341,353,"Barn 1, Room 1",2021-11-26,yellow,19.45,green,97.0
342,353,"Barn 1, Room 1",2021-11-27,yellow,19.84,green,93.0
343,353,"Barn 1, Room 1",2021-11-28,yellow,19.33,green,94.0
344,353,"Barn 1, Room 1",2021-11-29,yellow,19.71,green,99.0
345,353,"Barn 1, Room 1",2021-11-30,yellow,20.34,green,96.0
346,353,"Barn 1, Room 1",2021-12-01,green,20.46,green,96.0
347,353,"Barn 1, Room 1",2021-12-02,yellow,20.73,green,97.0
348,353,"Barn 1, Room 1",2021-12-03,green,20.59,green,88.0
349,353,"Barn 1, Room 1",2021-12-04,yellow,20.35,green,93.0
350,353,"Barn 1, Room 1",2021-12-05,green,20.81,green,93.0
351,353,"Barn 1, Room 1",2021-12-06,green,19.48,green,82.0
352,353,"Barn 1, Room 1",2021-12-07,green,18.76,green,66.0
353,353,"Barn 1, Room 1",2021-12-08,green,19.06,yellow,51.0
354,353,"Barn 1, Room 1",2021-12-09,blue,20.23,blue,55.0
355,353,"Barn 1, Room 1",2021-12-10,green,20.64,yellow,56.0
356,353,"Barn 1, Room 1",2021-12-11,yellow,19.72,green,75.0
357,353,"Barn 1, Room 1",2021-12-12,green,19.75,green,90.0
358,353,"Barn 1, Room 1",2021-12-13,green,19.98,green,94.0
359,353,"Barn 1, Room 1",2021-12-14,green,20.58,green,97.0
360,353,"Barn 1, Room 1",2021-12-15,green,21.83,green,94.0
361,353,"Barn 1, Room 1",2021-12-16,green,19.9,green,96.0
362,353,"Barn 1, Room 1",2021-12-17,green,18.61,green,97.0
363,353,"Barn 1, Room 1",2021-12-18,green,18.67,green,97.0
364,353,"Barn 1, Room 1",2021-12-19,green,18.38,green,97.0
365,353,"Barn 1, Room 1",2021-12-20,green,18.38,green,
366,353,"Barn 1, Room 1",2021-12-20,green,18.68,green,96.0
367,353,"Barn 1, Room 1",2021-12-21,green,18.75,green,96.0
368,353,"Barn 1, Room 1",2021-12-22,green,18.55,green,98.0
369,353,"Barn 1, Room 1",2021-12-23,green,19.37,green,97.0
370,353,"Barn 1, Room 1",2021-12-24,green,20.38,green,97.0
371,353,"Barn 1, Room 1",2021-12-25,green,19.94,green,94.0
372,353,"Barn 1, Room 1",2021-12-26,green,19.52,green,97.0
373,353,"Barn 1, Room 1",2021-12-27,green,19.66,green,96.0
374,353,"Barn 1, Room 1",2021-12-28,green,18.73,green,96.0
375,353,"Barn 1, Room 1",2021-12-29,yellow,18.95,green,97.0
376,353,"Barn 1, Room 1",2021-12-30,yellow,19.11,green,96.0
377,353,"Barn 1, Room 1",2021-12-31,green,19.3,green,96.0
378,353,"Barn 1, Room 1",2022-01-01,yellow,17.88,green,96.0
379,353,"Barn 1, Room 1",2022-01-02,red,18.28,green,96.0
380,353,"Barn 1, Room 1",2022-01-03,yellow,19.14,green,97.0
381,353,"Barn 1, Room 1",2022-01-04,red,19.71,green,96.0
382,353,"Barn 1, Room 1",2022-01-05,red,19.06,green,97.0
383,353,"Barn 1, Room 1",2022-01-06,red,19.08,green,97.0
384,353,"Barn 1, Room 1",2022-01-07,red,15.87,green,96.0
385,353,"Barn 1, Room 1",2022-01-08,red,13.49,green,97.0
386,353,"Barn 1, Room 1",2022-01-09,yellow,13.7,green,96.0
387,353,"Barn 1, Room 1",2022-01-10,yellow,13.94,green,97.0
388,353,"Barn 1, Room 1",2022-01-11,yellow,14.01,green,96.0
389,353,"Barn 1, Room 1",2022-01-12,green,13.16,green,96.0
390,353,"Barn 1, Room 1",2022-01-13,yellow,20.09,green,96.0
391,353,"Barn 1, Room 1",2022-01-14,green,20.78,green,97.0
392,353,"Barn 1, Room 1",2022-01-15,green,18.78,green,96.0
393,353,"Barn 1, Room 1",2022-01-16,green,17.01,green,96.0
394,353,"Barn 1, Room 1",2022-01-17,green,18.18,green,97.0
395,353,"Barn 1, Room 1",2022-01-18,yellow,20.58,green,96.0
396,353,"Barn 1, Room 1",2022-01-19,blue,22.98,blue,
536,353,"Barn 1, Room 1",2022-01-20,blue,,blue,
397,353,"Barn 1, Room 1",2022-01-21,blue,16.53,blue,
537,353,"Barn 1, Room 1",2022-01-22,blue,,blue,
398,353,"Barn 1, Room 1",2022-01-23,green,10.76,blue,
399,353,"Barn 1, Room 1",2022-01-24,blue,8.01,blue,
400,353,"Barn 1, Room 1",2022-01-25,blue,7.72,blue,
401,353,"Barn 1, Room 1",2022-01-26,blue,8.08,blue,
402,353,"Barn 1, Room 1",2022-01-27,blue,8.1,blue,
403,353,"Barn 1, Room 1",2022-01-28,blue,8.32,blue,
404,353,"Barn 1, Room 1",2022-01-29,yellow,8.21,blue,
405,353,"Barn 1, Room 1",2022-01-30,yellow,8.36,blue,
406,353,"Barn 1, Room 1",2022-01-31,yellow,19.62,blue,
538,353,"Barn 1, Room 1",2022-02-01,yellow,,blue,
407,353,"Barn 1, Room 1",2022-02-02,yellow,29.52,blue,
408,353,"Barn 1, Room 1",2022-02-03,yellow,29.65,blue,
409,353,"Barn 1, Room 1",2022-02-04,yellow,29.51,blue,
539,353,"Barn 1, Room 1",2022-02-05,yellow,,blue,
540,353,"Barn 1, Room 1",2022-02-06,yellow,,blue,
541,353,"Barn 1, Room 1",2022-02-07,yellow,,blue,
542,353,"Barn 1, Room 1",2022-02-08,yellow,,blue,
543,353,"Barn 1, Room 1",2022-02-09,yellow,,blue,
544,353,"Barn 1, Room 1",2022-02-10,yellow,,blue,
410,353,"Barn 1, Room 1",2022-02-11,yellow,29.5,blue,
411,353,"Barn 1, Room 1",2022-02-12,yellow,29.84,blue,
412,353,"Barn 1, Room 1",2022-02-13,yellow,30.38,blue,
413,353,"Barn 1, Room 1",2022-02-14,yellow,29.61,blue,
414,353,"Barn 1, Room 1",2022-02-15,red,28.6,blue,
415,353,"Barn 1, Room 1",2022-02-16,yellow,28.2,green,90.0
545,353,"Barn 1, Room 1",2022-02-17,blue,,blue,
546,353,"Barn 1, Room 1",2022-02-18,blue,,blue,
547,353,"Barn 1, Room 1",2022-02-19,blue,,blue,
548,353,"Barn 1, Room 1",2022-02-20,blue,,blue,
416,353,"Barn 1, Room 1",2022-02-21,yellow,26.61,blue,
417,353,"Barn 1, Room 1",2022-02-22,red,26.35,green,76.0
418,353,"Barn 1, Room 1",2022-02-23,yellow,26.32,green,89.0
419,353,"Barn 1, Room 1",2022-02-24,yellow,25.98,green,82.0
420,353,"Barn 1, Room 1",2022-02-25,green,25.21,green,86.0
421,353,"Barn 1, Room 1",2022-02-26,yellow,25.3,green,90.0
422,353,"Barn 1, Room 1",2022-02-27,green,25.78,green,87.0
423,353,"Barn 1, Room 1",2022-02-28,yellow,25.61,green,82.0
424,353,"Barn 1, Room 1",2022-03-01,yellow,25.12,green,86.0
425,353,"Barn 1, Room 1",2022-03-02,green,24.86,green,78.0
426,353,"Barn 1, Room 1",2022-03-03,red,24.3,green,76.0
427,353,"Barn 1, Room 1",2022-03-04,yellow,24.37,green,82.0
428,353,"Barn 1, Room 1",2022-03-05,green,25.27,green,86.0
429,353,"Barn 1, Room 1",2022-03-06,yellow,24.09,green,81.0
430,353,"Barn 1, Room 1",2022-03-07,yellow,24.24,green,90.0
431,353,"Barn 1, Room 1",2022-03-08,yellow,24.5,green,90.0
432,353,"Barn 1, Room 1",2022-03-09,yellow,24.39,green,86.0
433,353,"Barn 1, Room 1",2022-03-10,yellow,24.37,green,89.0
434,353,"Barn 1, Room 1",2022-03-11,yellow,24.21,green,89.0
435,353,"Barn 1, Room 1",2022-03-12,yellow,23.93,green,90.0
436,353,"Barn 1, Room 1",2022-03-13,green,24.44,green,76.0
437,353,"Barn 1, Room 1",2022-03-14,green,24.64,green,66.0
438,353,"Barn 1, Room 1",2022-03-15,yellow,24.71,yellow,58.0
439,353,"Barn 1, Room 1",2022-03-16,yellow,24.88,yellow,52.0
440,353,"Barn 1, Room 1",2022-03-17,green,24.41,green,71.0
441,353,"Barn 1, Room 1",2022-03-18,green,23.56,green,76.0
442,353,"Barn 1, Room 1",2022-03-19,green,22.8,green,76.0
443,353,"Barn 1, Room 1",2022-03-20,yellow,23.1,green,86.0
444,353,"Barn 1, Room 1",2022-03-21,green,23.25,green,79.0
445,353,"Barn 1, Room 1",2022-03-22,blue,22.56,blue,60.0
446,353,"Barn 1, Room 1",2022-03-23,green,22.47,green,71.0
447,353,"Barn 1, Room 1",2022-03-24,green,22.29,green,61.0
448,353,"Barn 1, Room 1",2022-03-25,green,21.97,green,72.0
449,353,"Barn 1, Room 1",2022-03-26,yellow,21.66,green,63.0
450,353,"Barn 1, Room 1",2022-03-27,yellow,21.78,green,69.0
451,353,"Barn 1, Room 1",2022-03-28,green,21.8,green,75.0
452,353,"Barn 1, Room 1",2022-03-29,green,21.59,green,71.0
453,353,"Barn 1, Room 1",2022-03-30,green,22.11,green,73.0
454,353,"Barn 1, Room 1",2022-03-31,yellow,22.01,green,75.0
455,353,"Barn 1, Room 1",2022-04-01,yellow,21.75,green,78.0
456,353,"Barn 1, Room 1",2022-04-02,yellow,21.87,green,81.0
457,353,"Barn 1, Room 1",2022-04-03,green,22.28,green,81.0
458,353,"Barn 1, Room 1",2022-04-04,green,21.98,green,75.0
459,353,"Barn 1, Room 1",2022-04-05,green,22.13,green,74.0
460,353,"Barn 1, Room 1",2022-04-06,green,21.92,green,77.0
461,353,"Barn 1, Room 1",2022-04-07,yellow,21.64,green,78.0
462,353,"Barn 1, Room 1",2022-04-08,yellow,21.92,green,78.0
463,353,"Barn 1, Room 1",2022-04-09,yellow,21.75,green,77.0
464,353,"Barn 1, Room 1",2022-04-10,green,22.86,green,82.0
465,353,"Barn 1, Room 1",2022-04-11,yellow,22.33,green,76.0
466,353,"Barn 1, Room 1",2022-04-12,green,22.55,green,87.0
467,353,"Barn 1, Room 1",2022-04-13,yellow,22.22,green,77.0
468,353,"Barn 1, Room 1",2022-04-14,yellow,21.81,green,81.0
469,353,"Barn 1, Room 1",2022-04-15,green,21.64,green,81.0
470,353,"Barn 1, Room 1",2022-04-16,yellow,21.07,green,79.0
471,353,"Barn 1, Room 1",2022-04-17,green,20.76,green,63.0
472,353,"Barn 1, Room 1",2022-04-18,yellow,20.74,green,78.0
473,353,"Barn 1, Room 1",2022-04-19,green,21.79,green,76.0
474,353,"Barn 1, Room 1",2022-04-20,green,22.01,green,82.0
475,353,"Barn 1, Room 1",2022-04-21,yellow,22.25,green,84.0
476,353,"Barn 1, Room 1",2022-04-22,yellow,24.6,green,83.0
477,353,"Barn 1, Room 1",2022-04-23,green,25.05,green,83.0
478,353,"Barn 1, Room 1",2022-04-24,green,22.86,green,81.0
479,353,"Barn 1, Room 1",2022-04-25,yellow,21.6,green,81.0
480,353,"Barn 1, Room 1",2022-04-26,yellow,21.07,green,82.0
481,353,"Barn 1, Room 1",2022-04-27,yellow,21.95,green,86.0
482,353,"Barn 1, Room 1",2022-04-28,yellow,21.77,green,79.0
483,353,"Barn 1, Room 1",2022-04-29,green,21.88,green,78.0
484,353,"Barn 1, Room 1",2022-04-30,yellow,22.92,green,78.0
485,353,"Barn 1, Room 1",2022-05-01,yellow,21.47,green,85.0
486,353,"Barn 1, Room 1",2022-05-02,yellow,21.61,yellow,43.0
487,353,"Barn 1, Room 1",2022-05-03,yellow,21.69,green,85.0
488,353,"Barn 1, Room 1",2022-05-04,yellow,21.29,green,85.0
489,353,"Barn 1, Room 1",2022-05-05,yellow,21.29,green,86.0
490,353,"Barn 1, Room 1",2022-05-06,yellow,21.22,green,85.0
491,353,"Barn 1, Room 1",2022-05-07,yellow,21.39,green,86.0
492,353,"Barn 1, Room 1",2022-05-08,green,22.11,green,86.0
493,353,"Barn 1, Room 1",2022-05-09,yellow,25.31,green,85.0
494,353,"Barn 1, Room 1",2022-05-10,yellow,27.16,green,88.0
495,353,"Barn 1, Room 1",2022-05-11,yellow,29.05,green,91.0
496,353,"Barn 1, Room 1",2022-05-12,yellow,29.34,green,86.0
497,353,"Barn 1, Room 1",2022-05-13,red,26.99,green,86.0
498,353,"Barn 1, Room 1",2022-05-14,red,25.93,green,85.0
499,353,"Barn 1, Room 1",2022-05-15,yellow,22.98,green,84.0
500,353,"Barn 1, Room 1",2022-05-16,red,23.51,green,80.0
501,353,"Barn 1, Room 1",2022-05-17,red,24.84,green,86.0
502,353,"Barn 1, Room 1",2022-05-18,red,22.89,green,79.0
503,353,"Barn 1, Room 1",2022-05-19,yellow,24.79,green,83.0
504,353,"Barn 1, Room 1",2022-05-20,red,25.82,green,86.0
505,353,"Barn 1, Room 1",2022-05-21,green,20.76,green,81.0
506,353,"Barn 1, Room 1",2022-05-22,red,19.92,green,82.0
507,353,"Barn 1, Room 1",2022-05-23,green,20.97,green,82.0
508,353,"Barn 1, Room 1",2022-05-24,green,22.36,green,84.0
509,353,"Barn 1, Room 1",2022-05-25,yellow,23.36,green,86.0
510,353,"Barn 1, Room 1",2022-05-26,green,22.35,green,86.0
511,353,"Barn 1, Room 1",2022-05-27,green,21.03,green,85.0
512,353,"Barn 1, Room 1",2022-05-28,yellow,22.68,green,91.0
513,353,"Barn 1, Room 1",2022-05-29,yellow,25.53,green,93.0
514,353,"Barn 1, Room 1",2022-05-30,yellow,26.99,green,94.0
515,353,"Barn 1, Room 1",2022-05-31,green,26.99,green,94.0
516,353,"Barn 1, Room 1",2022-06-01,green,22.57,green,84.0
517,353,"Barn 1, Room 1",2022-06-02,yellow,22.63,green,86.0
518,353,"Barn 1, Room 1",2022-06-03,red,23.91,green,88.0
519,353,"Barn 1, Room 1",2022-06-04,red,24.34,green,91.0
520,353,"Barn 1, Room 1",2022-06-05,yellow,24.97,green,94.0
521,353,"Barn 1, Room 1",2022-06-06,yellow,24.43,green,87.0
522,353,"Barn 1, Room 1",2022-06-07,yellow,23.54,green,87.0
523,353,"Barn 1, Room 1",2022-06-08,yellow,22.07,green,88.0
524,353,"Barn 1, Room 1",2022-06-09,yellow,23.85,green,91.0
525,353,"Barn 1, Room 1",2022-06-10,green,21.81,green,89.0
526,353,"Barn 1, Room 1",2022-06-11,yellow,24.14,green,81.0
527,353,"Barn 1, Room 1",2022-06-12,yellow,26.7,green,92.0
528,353,"Barn 1, Room 1",2022-06-13,yellow,29.78,green,96.0
529,353,"Barn 1, Room 1",2022-06-14,yellow,30.99,green,95.0
530,353,"Barn 1, Room 1",2022-06-15,yellow,30.28,green,97.0
531,353,"Barn 1, Room 1",2022-06-16,yellow,30.79,green,96.0
532,353,"Barn 1, Room 1",2022-06-17,yellow,26.92,green,95.0
533,353,"Barn 1, Room 1",2022-06-18,yellow,24.36,green,93.0
534,353,"Barn 1, Room 1",2022-06-19,yellow,24.49,green,95.0
535,353,"Barn 1, Room 1",2022-06-20,red,24.49,green,
549,353,"Barn 1, Room 1",2022-06-20,red,26.53,green,96.0
550,353,"Barn 1, Room 1",2022-06-21,yellow,28.9,green,97.0
551,353,"Barn 1, Room 1",2022-06-22,red,27.85,green,94.0
552,353,"Barn 1, Room 1",2022-06-23,red,25.81,green,93.0
553,353,"Barn 1, Room 1",2022-06-24,green,25.51,green,94.0
554,353,"Barn 1, Room 1",2022-06-25,yellow,26.5,green,95.0
555,353,"Barn 1, Room 1",2022-06-26,yellow,24.26,green,89.0
556,353,"Barn 1, Room 1",2022-06-27,yellow,22.95,green,86.0
557,353,"Barn 1, Room 1",2022-06-28,yellow,24.4,green,93.0
558,353,"Barn 1, Room 1",2022-06-29,red,26.26,green,93.0
559,353,"Barn 1, Room 1",2022-06-30,red,26.87,green,89.0
560,353,"Barn 1, Room 1",2022-07-01,yellow,25.29,green,92.0
561,353,"Barn 1, Room 1",2022-07-02,yellow,23.93,green,89.0
562,353,"Barn 1, Room 1",2022-07-03,yellow,26.0,green,93.0
563,353,"Barn 1, Room 1",2022-07-04,yellow,29.11,green,94.0
564,353,"Barn 1, Room 1",2022-07-05,red,31.77,green,96.0
565,353,"Barn 1, Room 1",2022-07-06,green,27.28,green,95.0
566,353,"Barn 1, Room 1",2022-07-07,green,25.16,green,91.0
567,353,"Barn 1, Room 1",2022-07-08,green,25.56,green,93.0
568,353,"Barn 1, Room 1",2022-07-09,yellow,24.76,green,95.0
569,353,"Barn 1, Room 1",2022-07-10,yellow,24.49,green,93.0
570,353,"Barn 1, Room 1",2022-07-11,yellow,26.47,green,95.0
571,353,"Barn 1, Room 1",2022-07-12,yellow,24.96,green,94.0
572,353,"Barn 1, Room 1",2022-07-13,red,25.77,green,94.0
573,353,"Barn 1, Room 1",2022-07-14,yellow,24.52,green,97.0
574,353,"Barn 1, Room 1",2022-07-15,green,23.45,green,97.0
575,353,"Barn 1, Room 1",2022-07-16,green,25.87,green,98.0
576,353,"Barn 1, Room 1",2022-07-17,green,23.82,green,96.0
577,353,"Barn 1, Room 1",2022-07-18,yellow,24.59,green,97.0
745,354,"Barn 1, Room 2",2020-12-21,green,,blue,
746,354,"Barn 1, Room 2",2020-12-22,green,,blue,
747,354,"Barn 1, Room 2",2020-12-23,green,,blue,
748,354,"Barn 1, Room 2",2020-12-24,blue,,blue,
749,354,"Barn 1, Room 2",2020-12-25,blue,,blue,
750,354,"Barn 1, Room 2",2020-12-26,blue,,blue,
751,354,"Barn 1, Room 2",2020-12-27,blue,,blue,
752,354,"Barn 1, Room 2",2020-12-28,blue,,blue,
753,354,"Barn 1, Room 2",2020-12-29,blue,,blue,
754,354,"Barn 1, Room 2",2020-12-30,blue,,blue,
755,354,"Barn 1, Room 2",2020-12-31,blue,,blue,
756,354,"Barn 1, Room 2",2021-01-01,blue,,blue,
757,354,"Barn 1, Room 2",2021-01-02,blue,,blue,
758,354,"Barn 1, Room 2",2021-01-03,blue,,blue,
578,354,"Barn 1, Room 2",2021-01-04,green,27.81,green,
579,354,"Barn 1, Room 2",2021-01-05,green,27.88,green,94.0
580,354,"Barn 1, Room 2",2021-01-06,green,28.18,green,95.0
581,354,"Barn 1, Room 2",2021-01-07,green,28.17,green,97.0
582,354,"Barn 1, Room 2",2021-01-08,green,28.23,green,96.0
583,354,"Barn 1, Room 2",2021-01-09,green,28.29,green,92.0
584,354,"Barn 1, Room 2",2021-01-10,blue,28.28,green,91.0
585,354,"Barn 1, Room 2",2021-01-11,green,28.33,green,96.0
586,354,"Barn 1, Room 2",2021-01-12,green,28.34,green,93.0
587,354,"Barn 1, Room 2",2021-01-13,green,28.38,green,88.0
588,354,"Barn 1, Room 2",2021-01-14,green,28.4,green,95.0
589,354,"Barn 1, Room 2",2021-01-15,green,28.49,green,90.0
590,354,"Barn 1, Room 2",2021-01-16,green,28.41,green,90.0
591,354,"Barn 1, Room 2",2021-01-17,green,28.4,green,97.0
592,354,"Barn 1, Room 2",2021-01-18,green,28.36,green,95.0
593,354,"Barn 1, Room 2",2021-01-19,green,28.35,green,86.0
594,354,"Barn 1, Room 2",2021-01-20,green,28.35,green,68.0
595,354,"Barn 1, Room 2",2021-01-21,green,28.4,green,82.0
596,354,"Barn 1, Room 2",2021-01-22,green,28.09,green,78.0
597,354,"Barn 1, Room 2",2021-01-23,green,28.16,green,63.0
598,354,"Barn 1, Room 2",2021-01-24,green,28.23,green,70.0
599,354,"Barn 1, Room 2",2021-01-25,green,27.68,green,91.0
600,354,"Barn 1, Room 2",2021-01-26,green,28.14,green,90.0
601,354,"Barn 1, Room 2",2021-01-27,green,27.96,green,95.0
602,354,"Barn 1, Room 2",2021-01-28,blue,27.46,green,98.0
603,354,"Barn 1, Room 2",2021-01-29,green,26.98,green,96.0
604,354,"Barn 1, Room 2",2021-01-30,green,27.04,green,92.0
605,354,"Barn 1, Room 2",2021-01-31,green,27.59,green,92.0
606,354,"Barn 1, Room 2",2021-02-01,green,27.46,green,93.0
607,354,"Barn 1, Room 2",2021-02-02,green,27.37,green,93.0
608,354,"Barn 1, Room 2",2021-02-03,green,27.3,green,95.0
609,354,"Barn 1, Room 2",2021-02-04,green,26.43,green,95.0
610,354,"Barn 1, Room 2",2021-02-05,green,26.02,green,96.0
611,354,"Barn 1, Room 2",2021-02-06,green,26.28,green,90.0
612,354,"Barn 1, Room 2",2021-02-07,green,25.52,green,93.0
613,354,"Barn 1, Room 2",2021-02-08,green,25.12,green,88.0
614,354,"Barn 1, Room 2",2021-02-09,green,24.48,green,93.0
615,354,"Barn 1, Room 2",2021-02-10,green,24.42,green,86.0
616,354,"Barn 1, Room 2",2021-02-11,green,25.3,green,82.0
617,354,"Barn 1, Room 2",2021-02-12,green,24.13,green,87.0
618,354,"Barn 1, Room 2",2021-02-13,green,23.93,green,89.0
619,354,"Barn 1, Room 2",2021-02-14,green,23.98,green,87.0
620,354,"Barn 1, Room 2",2021-02-15,green,24.02,green,84.0
621,354,"Barn 1, Room 2",2021-02-16,green,24.04,green,86.0
622,354,"Barn 1, Room 2",2021-02-17,green,23.71,green,84.0
623,354,"Barn 1, Room 2",2021-02-18,green,23.63,green,84.0
624,354,"Barn 1, Room 2",2021-02-19,green,23.25,green,92.0
625,354,"Barn 1, Room 2",2021-02-20,blue,24.66,green,84.0
626,354,"Barn 1, Room 2",2021-02-21,green,24.51,green,85.0
627,354,"Barn 1, Room 2",2021-02-22,green,24.33,green,84.0
628,354,"Barn 1, Room 2",2021-02-23,green,23.51,green,82.0
629,354,"Barn 1, Room 2",2021-02-24,green,22.51,green,87.0
630,354,"Barn 1, Room 2",2021-02-25,green,22.55,green,92.0
631,354,"Barn 1, Room 2",2021-02-26,green,22.58,green,87.0
632,354,"Barn 1, Room 2",2021-02-27,green,22.54,green,81.0
633,354,"Barn 1, Room 2",2021-02-28,green,22.39,green,79.0
634,354,"Barn 1, Room 2",2021-03-01,green,21.52,green,87.0
635,354,"Barn 1, Room 2",2021-03-02,green,21.39,green,83.0
636,354,"Barn 1, Room 2",2021-03-03,green,22.01,green,88.0
637,354,"Barn 1, Room 2",2021-03-04,green,21.48,green,89.0
638,354,"Barn 1, Room 2",2021-03-05,green,21.28,green,82.0
639,354,"Barn 1, Room 2",2021-03-06,green,21.18,green,78.0
640,354,"Barn 1, Room 2",2021-03-07,green,21.53,green,86.0
641,354,"Barn 1, Room 2",2021-03-08,green,21.94,green,87.0
642,354,"Barn 1, Room 2",2021-03-09,green,22.38,green,85.0
643,354,"Barn 1, Room 2",2021-03-10,green,22.79,green,84.0
644,354,"Barn 1, Room 2",2021-03-11,green,22.11,green,88.0
645,354,"Barn 1, Room 2",2021-03-12,green,21.71,green,80.0
646,354,"Barn 1, Room 2",2021-03-13,green,22.05,green,92.0
647,354,"Barn 1, Room 2",2021-03-14,green,21.82,green,88.0
648,354,"Barn 1, Room 2",2021-03-15,green,21.45,green,88.0
649,354,"Barn 1, Room 2",2021-03-16,green,21.72,green,91.0
650,354,"Barn 1, Room 2",2021-03-17,green,21.75,green,83.0
651,354,"Barn 1, Room 2",2021-03-18,green,21.68,green,90.0
652,354,"Barn 1, Room 2",2021-03-19,green,21.53,green,87.0
653,354,"Barn 1, Room 2",2021-03-20,green,21.74,green,91.0
654,354,"Barn 1, Room 2",2021-03-21,green,22.31,green,89.0
655,354,"Barn 1, Room 2",2021-03-22,green,22.59,green,93.0
656,354,"Barn 1, Room 2",2021-03-23,green,22.59,green,94.0
657,354,"Barn 1, Room 2",2021-03-24,green,22.24,green,92.0
658,354,"Barn 1, Room 2",2021-03-25,green,21.86,green,90.0
659,354,"Barn 1, Room 2",2021-03-26,green,21.91,green,93.0
660,354,"Barn 1, Room 2",2021-03-27,green,22.4,green,92.0
661,354,"Barn 1, Room 2",2021-03-28,green,21.6,green,92.0
662,354,"Barn 1, Room 2",2021-03-29,green,22.18,green,89.0
663,354,"Barn 1, Room 2",2021-03-30,green,22.36,green,92.0
664,354,"Barn 1, Room 2",2021-03-31,green,21.25,green,90.0
665,354,"Barn 1, Room 2",2021-04-01,green,21.05,green,86.0
666,354,"Barn 1, Room 2",2021-04-02,green,21.35,green,90.0
667,354,"Barn 1, Room 2",2021-04-03,green,22.54,green,93.0
668,354,"Barn 1, Room 2",2021-04-04,green,23.1,green,93.0
669,354,"Barn 1, Room 2",2021-04-05,green,23.77,green,89.0
670,354,"Barn 1, Room 2",2021-04-06,yellow,24.28,green,88.0
671,354,"Barn 1, Room 2",2021-04-07,green,23.61,green,91.0
672,354,"Barn 1, Room 2",2021-04-08,green,22.23,green,88.0
673,354,"Barn 1, Room 2",2021-04-09,green,22.98,green,95.0
674,354,"Barn 1, Room 2",2021-04-10,green,22.3,green,94.0
675,354,"Barn 1, Room 2",2021-04-11,green,21.57,green,93.0
676,354,"Barn 1, Room 2",2021-04-12,green,21.82,green,93.0
677,354,"Barn 1, Room 2",2021-04-13,green,21.85,green,76.0
678,354,"Barn 1, Room 2",2021-04-14,green,21.74,red,32.0
679,354,"Barn 1, Room 2",2021-04-15,green,21.93,red,37.0
680,354,"Barn 1, Room 2",2021-04-16,blue,22.29,green,65.0
681,354,"Barn 1, Room 2",2021-04-17,green,22.54,yellow,56.0
682,354,"Barn 1, Room 2",2021-04-18,green,22.3,yellow,49.0
683,354,"Barn 1, Room 2",2021-04-19,green,21.77,yellow,55.0
684,354,"Barn 1, Room 2",2021-04-20,green,21.01,green,86.0
685,354,"Barn 1, Room 2",2021-04-21,green,21.39,green,93.0
686,354,"Barn 1, Room 2",2021-04-22,green,21.86,green,92.0
687,354,"Barn 1, Room 2",2021-04-23,green,22.1,green,95.0
688,354,"Barn 1, Room 2",2021-04-24,green,22.55,green,96.0
689,354,"Barn 1, Room 2",2021-04-25,green,22.13,green,95.0
690,354,"Barn 1, Room 2",2021-04-26,yellow,23.93,green,95.0
691,354,"Barn 1, Room 2",2021-04-27,yellow,25.02,green,94.0
692,354,"Barn 1, Room 2",2021-04-28,yellow,22.78,green,95.0
693,354,"Barn 1, Room 2",2021-04-29,green,22.11,green,90.0
694,354,"Barn 1, Room 2",2021-04-30,green,22.94,green,93.0
695,354,"Barn 1, Room 2",2021-05-01,yellow,24.58,green,96.0
696,354,"Barn 1, Room 2",2021-05-02,green,23.84,green,91.0
697,354,"Barn 1, Room 2",2021-05-03,green,23.34,green,92.0
698,354,"Barn 1, Room 2",2021-05-04,green,22.22,green,92.0
699,354,"Barn 1, Room 2",2021-05-05,green,22.5,green,98.0
700,354,"Barn 1, Room 2",2021-05-06,green,22.95,green,98.0
701,354,"Barn 1, Room 2",2021-05-07,green,22.06,green,96.0
759,354,"Barn 1, Room 2",2021-05-08,green,,green,94.0
760,354,"Barn 1, Room 2",2021-05-09,green,,green,94.0
702,354,"Barn 1, Room 2",2021-05-10,green,22.33,green,94.0
703,354,"Barn 1, Room 2",2021-05-11,green,22.51,green,92.0
704,354,"Barn 1, Room 2",2021-05-12,green,22.11,green,98.0
705,354,"Barn 1, Room 2",2021-05-13,green,22.06,green,95.0
706,354,"Barn 1, Room 2",2021-05-14,green,22.52,green,94.0
707,354,"Barn 1, Room 2",2021-05-15,green,22.59,green,95.0
708,354,"Barn 1, Room 2",2021-05-16,green,23.02,green,98.0
709,354,"Barn 1, Room 2",2021-05-17,green,22.86,green,94.0
710,354,"Barn 1, Room 2",2021-05-18,green,22.74,green,96.0
711,354,"Barn 1, Room 2",2021-05-19,blue,23.75,green,97.0
712,354,"Barn 1, Room 2",2021-05-20,yellow,25.42,green,95.0
713,354,"Barn 1, Room 2",2021-05-21,green,25.13,green,93.0
714,354,"Barn 1, Room 2",2021-05-22,green,24.56,green,90.0
715,354,"Barn 1, Room 2",2021-05-23,yellow,25.85,green,96.0
716,354,"Barn 1, Room 2",2021-05-24,yellow,26.51,green,91.0
717,354,"Barn 1, Room 2",2021-05-25,yellow,25.29,green,87.0
718,354,"Barn 1, Room 2",2021-05-26,red,25.17,green,92.0
719,354,"Barn 1, Room 2",2021-05-27,green,23.19,green,93.0
720,354,"Barn 1, Room 2",2021-05-28,green,22.42,green,93.0
721,354,"Barn 1, Room 2",2021-05-29,green,22.04,green,92.0
722,354,"Barn 1, Room 2",2021-05-30,green,22.34,green,93.0
723,354,"Barn 1, Room 2",2021-05-31,green,22.63,green,95.0
724,354,"Barn 1, Room 2",2021-06-01,green,22.98,green,96.0
725,354,"Barn 1, Room 2",2021-06-02,green,23.41,green,94.0
726,354,"Barn 1, Room 2",2021-06-03,yellow,24.9,green,97.0
727,354,"Barn 1, Room 2",2021-06-04,yellow,26.0,green,89.0
728,354,"Barn 1, Room 2",2021-06-05,yellow,26.73,green,94.0
729,354,"Barn 1, Room 2",2021-06-06,yellow,26.12,green,91.0
730,354,"Barn 1, Room 2",2021-06-07,green,25.67,green,95.0
731,354,"Barn 1, Room 2",2021-06-08,yellow,25.83,green,94.0
732,354,"Barn 1, Room 2",2021-06-09,yellow,25.94,green,93.0
733,354,"Barn 1, Room 2",2021-06-10,yellow,27.34,green,92.0
734,354,"Barn 1, Room 2",2021-06-11,yellow,28.49,green,90.0
735,354,"Barn 1, Room 2",2021-06-12,yellow,29.08,green,93.0
736,354,"Barn 1, Room 2",2021-06-13,red,26.41,green,93.0
737,354,"Barn 1, Room 2",2021-06-14,yellow,25.92,green,89.0
738,354,"Barn 1, Room 2",2021-06-15,yellow,25.79,green,93.0
739,354,"Barn 1, Room 2",2021-06-16,red,25.22,green,93.0
740,354,"Barn 1, Room 2",2021-06-17,yellow,27.76,green,93.0
741,354,"Barn 1, Room 2",2021-06-18,yellow,29.85,green,94.0
742,354,"Barn 1, Room 2",2021-06-19,green,25.29,green,96.0
743,354,"Barn 1, Room 2",2021-06-20,green,26.84,green,96.0
744,354,"Barn 1, Room 2",2021-06-21,green,26.84,green,
865,354,"Barn 1, Room 2",2021-06-21,green,23.31,green,93.0
866,354,"Barn 1, Room 2",2021-06-22,green,23.2,green,95.0
867,354,"Barn 1, Room 2",2021-06-23,yellow,25.4,green,96.0
868,354,"Barn 1, Room 2",2021-06-24,green,23.58,green,96.0
869,354,"Barn 1, Room 2",2021-06-25,yellow,25.21,green,96.0
870,354,"Barn 1, Room 2",2021-06-26,green,25.76,green,96.0
871,354,"Barn 1, Room 2",2021-06-27,yellow,25.76,green,97.0
872,354,"Barn 1, Room 2",2021-06-28,green,25.36,green,95.0
873,354,"Barn 1, Room 2",2021-06-29,green,26.07,green,97.0
874,354,"Barn 1, Room 2",2021-06-30,green,24.28,green,96.0
875,354,"Barn 1, Room 2",2021-07-01,yellow,24.78,green,96.0
876,354,"Barn 1, Room 2",2021-07-02,green,22.83,green,97.0
877,354,"Barn 1, Room 2",2021-07-03,yellow,23.49,green,98.0
878,354,"Barn 1, Room 2",2021-07-04,yellow,25.63,green,97.0
879,354,"Barn 1, Room 2",2021-07-05,yellow,26.47,green,96.0
880,354,"Barn 1, Room 2",2021-07-06,yellow,26.38,green,97.0
881,354,"Barn 1, Room 2",2021-07-07,yellow,26.66,green,97.0
882,354,"Barn 1, Room 2",2021-07-08,green,23.09,green,98.0
883,354,"Barn 1, Room 2",2021-07-09,yellow,21.01,green,97.0
884,354,"Barn 1, Room 2",2021-07-10,green,20.85,green,97.0
885,354,"Barn 1, Room 2",2021-07-11,green,21.54,green,98.0
886,354,"Barn 1, Room 2",2021-07-12,green,21.11,green,97.0
887,354,"Barn 1, Room 2",2021-07-13,yellow,22.67,green,98.0
888,354,"Barn 1, Room 2",2021-07-14,yellow,24.68,green,97.0
889,354,"Barn 1, Room 2",2021-07-15,green,23.45,green,96.0
890,354,"Barn 1, Room 2",2021-07-16,green,22.54,green,98.0
891,354,"Barn 1, Room 2",2021-07-17,yellow,23.16,green,99.0
892,354,"Barn 1, Room 2",2021-07-18,yellow,24.11,green,97.0
893,354,"Barn 1, Room 2",2021-07-19,blue,26.0,green,95.0
894,354,"Barn 1, Room 2",2021-07-20,green,29.14,green,89.0
895,354,"Barn 1, Room 2",2021-07-21,green,29.47,green,97.0
896,354,"Barn 1, Room 2",2021-07-22,yellow,30.07,green,98.0
897,354,"Barn 1, Room 2",2021-07-23,yellow,30.07,green,92.0
898,354,"Barn 1, Room 2",2021-07-24,yellow,30.12,green,98.0
899,354,"Barn 1, Room 2",2021-07-25,yellow,29.4,green,97.0
900,354,"Barn 1, Room 2",2021-07-26,blue,29.52,green,97.0
901,354,"Barn 1, Room 2",2021-07-27,blue,29.11,green,94.0
902,354,"Barn 1, Room 2",2021-07-28,blue,29.09,green,96.0
903,354,"Barn 1, Room 2",2021-07-29,blue,28.54,green,98.0
904,354,"Barn 1, Room 2",2021-07-30,blue,26.06,green,93.0
905,354,"Barn 1, Room 2",2021-07-31,green,21.3,green,92.0
906,354,"Barn 1, Room 2",2021-08-01,green,23.69,green,86.0
907,354,"Barn 1, Room 2",2021-08-02,green,23.16,green,94.0
908,354,"Barn 1, Room 2",2021-08-03,green,23.94,green,92.0
909,354,"Barn 1, Room 2",2021-08-04,red,26.79,green,94.0
910,354,"Barn 1, Room 2",2021-08-05,red,27.34,green,90.0
911,354,"Barn 1, Room 2",2021-08-06,red,28.53,green,87.0
912,354,"Barn 1, Room 2",2021-08-07,green,30.93,green,85.0
913,354,"Barn 1, Room 2",2021-08-08,green,30.36,green,82.0
914,354,"Barn 1, Room 2",2021-08-09,green,30.43,green,89.0
915,354,"Barn 1, Room 2",2021-08-10,green,31.68,green,91.0
916,354,"Barn 1, Room 2",2021-08-11,yellow,31.11,green,91.0
917,354,"Barn 1, Room 2",2021-08-12,green,28.41,green,94.0
918,354,"Barn 1, Room 2",2021-08-13,green,28.22,green,93.0
919,354,"Barn 1, Room 2",2021-08-14,yellow,27.68,green,95.0
920,354,"Barn 1, Room 2",2021-08-15,green,27.02,green,87.0
921,354,"Barn 1, Room 2",2021-08-16,green,26.37,green,88.0
922,354,"Barn 1, Room 2",2021-08-17,green,26.39,green,90.0
923,354,"Barn 1, Room 2",2021-08-18,green,27.39,green,86.0
924,354,"Barn 1, Room 2",2021-08-19,green,27.53,green,95.0
925,354,"Barn 1, Room 2",2021-08-20,green,27.75,green,96.0
926,354,"Barn 1, Room 2",2021-08-21,green,27.27,green,93.0
927,354,"Barn 1, Room 2",2021-08-22,green,26.9,green,92.0
928,354,"Barn 1, Room 2",2021-08-23,green,27.03,green,93.0
929,354,"Barn 1, Room 2",2021-08-24,yellow,28.76,green,96.0
930,354,"Barn 1, Room 2",2021-08-25,yellow,28.47,green,96.0
931,354,"Barn 1, Room 2",2021-08-26,green,27.39,green,95.0
932,354,"Barn 1, Room 2",2021-08-27,yellow,27.93,green,98.0
933,354,"Barn 1, Room 2",2021-08-28,green,28.26,green,98.0
934,354,"Barn 1, Room 2",2021-08-29,yellow,27.85,green,93.0
935,354,"Barn 1, Room 2",2021-08-30,green,26.42,green,93.0
936,354,"Barn 1, Room 2",2021-08-31,green,25.7,green,94.0
937,354,"Barn 1, Room 2",2021-09-01,green,25.54,green,96.0
938,354,"Barn 1, Room 2",2021-09-02,green,24.74,green,91.0
939,354,"Barn 1, Room 2",2021-09-03,green,24.85,green,90.0
940,354,"Barn 1, Room 2",2021-09-04,green,25.41,green,81.0
941,354,"Barn 1, Room 2",2021-09-05,green,25.27,green,87.0
942,354,"Barn 1, Room 2",2021-09-06,green,26.02,green,83.0
761,354,"Barn 1, Room 2",2021-09-07,yellow,26.84,green,85.0
762,354,"Barn 1, Room 2",2021-09-08,green,24.63,green,75.0
763,354,"Barn 1, Room 2",2021-09-09,green,24.61,green,68.0
764,354,"Barn 1, Room 2",2021-09-10,green,25.32,green,73.0
765,354,"Barn 1, Room 2",2021-09-11,green,26.63,green,74.0
766,354,"Barn 1, Room 2",2021-09-12,green,27.0,green,73.0
767,354,"Barn 1, Room 2",2021-09-13,green,26.81,green,79.0
768,354,"Barn 1, Room 2",2021-09-14,green,26.86,green,82.0
769,354,"Barn 1, Room 2",2021-09-15,green,24.76,green,85.0
770,354,"Barn 1, Room 2",2021-09-16,green,24.99,green,86.0
771,354,"Barn 1, Room 2",2021-09-17,yellow,25.94,green,89.0
772,354,"Barn 1, Room 2",2021-09-18,yellow,26.36,green,91.0
773,354,"Barn 1, Room 2",2021-09-19,yellow,26.36,green,89.0
774,354,"Barn 1, Room 2",2021-09-20,yellow,26.52,green,96.0
775,354,"Barn 1, Room 2",2021-09-21,green,23.97,green,95.0
776,354,"Barn 1, Room 2",2021-09-22,green,23.25,green,95.0
777,354,"Barn 1, Room 2",2021-09-23,green,22.98,green,91.0
778,354,"Barn 1, Room 2",2021-09-24,green,23.84,green,88.0
779,354,"Barn 1, Room 2",2021-09-25,green,23.44,green,88.0
780,354,"Barn 1, Room 2",2021-09-26,green,24.54,green,87.0
781,354,"Barn 1, Room 2",2021-09-27,yellow,26.37,green,89.0
782,354,"Barn 1, Room 2",2021-09-28,yellow,25.33,green,89.0
783,354,"Barn 1, Room 2",2021-09-29,yellow,25.69,green,91.0
784,354,"Barn 1, Room 2",2021-09-30,yellow,25.57,green,88.0
785,354,"Barn 1, Room 2",2021-10-01,green,24.76,green,86.0
786,354,"Barn 1, Room 2",2021-10-02,green,24.4,green,84.0
787,354,"Barn 1, Room 2",2021-10-03,green,23.73,green,84.0
788,354,"Barn 1, Room 2",2021-10-04,green,23.32,green,88.0
789,354,"Barn 1, Room 2",2021-10-05,green,23.2,green,89.0
790,354,"Barn 1, Room 2",2021-10-06,green,23.28,green,89.0
791,354,"Barn 1, Room 2",2021-10-07,green,23.3,green,91.0
792,354,"Barn 1, Room 2",2021-10-08,green,23.58,green,91.0
793,354,"Barn 1, Room 2",2021-10-09,green,24.85,green,90.0
794,354,"Barn 1, Room 2",2021-10-10,yellow,25.15,green,89.0
795,354,"Barn 1, Room 2",2021-10-11,green,23.12,green,89.0
796,354,"Barn 1, Room 2",2021-10-12,green,22.81,green,88.0
797,354,"Barn 1, Room 2",2021-10-13,green,23.56,green,88.0
798,354,"Barn 1, Room 2",2021-10-14,green,22.81,green,86.0
799,354,"Barn 1, Room 2",2021-10-15,green,22.24,green,87.0
800,354,"Barn 1, Room 2",2021-10-16,green,22.02,green,90.0
801,354,"Barn 1, Room 2",2021-10-17,green,22.15,green,90.0
802,354,"Barn 1, Room 2",2021-10-18,green,22.68,green,92.0
803,354,"Barn 1, Room 2",2021-10-19,green,22.34,green,90.0
804,354,"Barn 1, Room 2",2021-10-20,green,23.06,green,88.0
805,354,"Barn 1, Room 2",2021-10-21,green,21.88,green,90.0
806,354,"Barn 1, Room 2",2021-10-22,green,21.65,green,88.0
807,354,"Barn 1, Room 2",2021-10-23,green,22.04,green,94.0
808,354,"Barn 1, Room 2",2021-10-24,green,22.28,green,94.0
809,354,"Barn 1, Room 2",2021-10-25,green,21.66,green,94.0
810,354,"Barn 1, Room 2",2021-10-26,green,21.75,green,94.0
811,354,"Barn 1, Room 2",2021-10-27,green,21.73,green,85.0
812,354,"Barn 1, Room 2",2021-10-28,green,21.43,green,85.0
813,354,"Barn 1, Room 2",2021-10-29,green,21.42,green,94.0
814,354,"Barn 1, Room 2",2021-10-30,green,21.04,green,94.0
815,354,"Barn 1, Room 2",2021-10-31,green,20.67,green,96.0
816,354,"Barn 1, Room 2",2021-11-01,green,20.21,green,90.0
817,354,"Barn 1, Room 2",2021-11-02,green,20.12,green,91.0
818,354,"Barn 1, Room 2",2021-11-03,green,19.9,green,98.0
819,354,"Barn 1, Room 2",2021-11-04,green,19.98,green,94.0
820,354,"Barn 1, Room 2",2021-11-05,green,20.02,green,97.0
821,354,"Barn 1, Room 2",2021-11-06,green,20.19,green,94.0
822,354,"Barn 1, Room 2",2021-11-07,green,20.62,green,94.0
823,354,"Barn 1, Room 2",2021-11-08,green,20.91,green,96.0
824,354,"Barn 1, Room 2",2021-11-09,green,20.75,green,94.0
825,354,"Barn 1, Room 2",2021-11-10,green,20.62,green,96.0
826,354,"Barn 1, Room 2",2021-11-11,green,20.28,green,99.0
827,354,"Barn 1, Room 2",2021-11-12,green,19.59,green,97.0
828,354,"Barn 1, Room 2",2021-11-13,green,19.72,green,96.0
829,354,"Barn 1, Room 2",2021-11-14,green,19.69,green,94.0
830,354,"Barn 1, Room 2",2021-11-15,green,19.71,green,98.0
831,354,"Barn 1, Room 2",2021-11-16,green,20.21,green,96.0
832,354,"Barn 1, Room 2",2021-11-17,green,20.52,green,96.0
833,354,"Barn 1, Room 2",2021-11-18,green,19.74,green,94.0
834,354,"Barn 1, Room 2",2021-11-19,green,19.77,green,94.0
835,354,"Barn 1, Room 2",2021-11-20,green,20.65,green,99.0
836,354,"Barn 1, Room 2",2021-11-21,green,20.64,green,97.0
837,354,"Barn 1, Room 2",2021-11-22,green,19.63,green,97.0
838,354,"Barn 1, Room 2",2021-11-23,green,20.02,green,91.0
839,354,"Barn 1, Room 2",2021-11-24,green,20.84,green,96.0
840,354,"Barn 1, Room 2",2021-11-25,green,19.75,green,96.0
841,354,"Barn 1, Room 2",2021-11-26,green,19.5,green,96.0
842,354,"Barn 1, Room 2",2021-11-27,green,19.89,green,96.0
843,354,"Barn 1, Room 2",2021-11-28,green,19.72,green,96.0
844,354,"Barn 1, Room 2",2021-11-29,green,20.07,green,97.0
845,354,"Barn 1, Room 2",2021-11-30,green,20.46,green,97.0
846,354,"Barn 1, Room 2",2021-12-01,green,20.63,green,97.0
847,354,"Barn 1, Room 2",2021-12-02,green,20.78,green,94.0
848,354,"Barn 1, Room 2",2021-12-03,green,20.66,green,94.0
849,354,"Barn 1, Room 2",2021-12-04,green,20.26,green,84.0
850,354,"Barn 1, Room 2",2021-12-05,green,20.63,green,84.0
851,354,"Barn 1, Room 2",2021-12-06,green,19.84,green,70.0
852,354,"Barn 1, Room 2",2021-12-07,green,19.39,yellow,53.0
853,354,"Barn 1, Room 2",2021-12-08,green,19.57,yellow,52.0
854,354,"Barn 1, Room 2",2021-12-09,blue,20.25,blue,55.0
855,354,"Barn 1, Room 2",2021-12-10,yellow,20.61,yellow,56.0
856,354,"Barn 1, Room 2",2021-12-11,green,19.76,red,37.0
857,354,"Barn 1, Room 2",2021-12-12,green,19.91,yellow,48.0
858,354,"Barn 1, Room 2",2021-12-13,yellow,19.96,green,88.0
859,354,"Barn 1, Room 2",2021-12-14,green,20.48,green,94.0
860,354,"Barn 1, Room 2",2021-12-15,green,21.82,green,94.0
861,354,"Barn 1, Room 2",2021-12-16,green,20.3,green,96.0
862,354,"Barn 1, Room 2",2021-12-17,green,19.79,green,97.0
863,354,"Barn 1, Room 2",2021-12-18,green,19.76,green,96.0
864,354,"Barn 1, Room 2",2021-12-19,green,19.46,green,97.0
943,354,"Barn 1, Room 2",2021-12-20,green,19.46,green,
944,354,"Barn 1, Room 2",2021-12-20,green,19.7,green,99.0
945,354,"Barn 1, Room 2",2021-12-21,green,19.62,green,97.0
946,354,"Barn 1, Room 2",2021-12-22,green,19.35,green,96.0
947,354,"Barn 1, Room 2",2021-12-23,green,19.64,green,96.0
948,354,"Barn 1, Room 2",2021-12-24,green,20.52,green,94.0
949,354,"Barn 1, Room 2",2021-12-25,green,20.02,green,93.0
950,354,"Barn 1, Room 2",2021-12-26,green,19.78,green,96.0
951,354,"Barn 1, Room 2",2021-12-27,green,19.72,green,97.0
952,354,"Barn 1, Room 2",2021-12-28,green,19.32,green,93.0
953,354,"Barn 1, Room 2",2021-12-29,green,19.11,green,97.0
954,354,"Barn 1, Room 2",2021-12-30,green,19.11,green,96.0
955,354,"Barn 1, Room 2",2021-12-31,green,19.55,green,93.0
956,354,"Barn 1, Room 2",2022-01-01,green,19.34,green,96.0
957,354,"Barn 1, Room 2",2022-01-02,green,18.83,green,96.0
958,354,"Barn 1, Room 2",2022-01-03,green,19.12,green,94.0
959,354,"Barn 1, Room 2",2022-01-04,green,19.02,green,94.0
960,354,"Barn 1, Room 2",2022-01-05,green,18.28,green,96.0
961,354,"Barn 1, Room 2",2022-01-06,green,18.26,green,94.0
962,354,"Barn 1, Room 2",2022-01-07,green,18.38,green,97.0
963,354,"Barn 1, Room 2",2022-01-08,green,18.47,green,96.0
964,354,"Barn 1, Room 2",2022-01-09,green,18.57,green,91.0
965,354,"Barn 1, Room 2",2022-01-10,green,18.54,green,94.0
966,354,"Barn 1, Room 2",2022-01-11,green,15.77,green,97.0
967,354,"Barn 1, Room 2",2022-01-12,green,12.22,green,96.0
968,354,"Barn 1, Room 2",2022-01-13,green,12.27,green,96.0
969,354,"Barn 1, Room 2",2022-01-14,green,12.63,green,96.0
970,354,"Barn 1, Room 2",2022-01-15,green,12.46,green,96.0
971,354,"Barn 1, Room 2",2022-01-16,green,12.37,green,96.0
972,354,"Barn 1, Room 2",2022-01-17,green,12.61,green,96.0
973,354,"Barn 1, Room 2",2022-01-18,green,12.34,green,97.0
974,354,"Barn 1, Room 2",2022-01-19,green,9.74,green,96.0
975,354,"Barn 1, Room 2",2022-01-20,green,11.69,green,96.0
976,354,"Barn 1, Room 2",2022-01-21,green,9.49,green,97.0
977,354,"Barn 1, Room 2",2022-01-22,green,6.56,green,97.0
978,354,"Barn 1, Room 2",2022-01-23,green,13.51,green,96.0
979,354,"Barn 1, Room 2",2022-01-24,blue,25.07,blue,96.0
980,354,"Barn 1, Room 2",2022-01-25,blue,27.0,blue,97.0
981,354,"Barn 1, Room 2",2022-01-26,blue,27.16,blue,92.0
982,354,"Barn 1, Room 2",2022-01-27,blue,27.93,blue,88.0
983,354,"Barn 1, Room 2",2022-01-28,blue,27.54,blue,96.0
984,354,"Barn 1, Room 2",2022-01-29,green,27.4,green,96.0
985,354,"Barn 1, Room 2",2022-01-30,green,27.11,green,97.0
986,354,"Barn 1, Room 2",2022-01-31,green,27.88,green,97.0
987,354,"Barn 1, Room 2",2022-02-01,green,28.64,green,91.0
988,354,"Barn 1, Room 2",2022-02-02,green,27.33,green,90.0
989,354,"Barn 1, Room 2",2022-02-03,green,27.12,green,90.0
990,354,"Barn 1, Room 2",2022-02-04,green,27.46,green,96.0
991,354,"Barn 1, Room 2",2022-02-05,green,28.0,green,95.0
992,354,"Barn 1, Room 2",2022-02-06,green,28.64,green,79.0
993,354,"Barn 1, Room 2",2022-02-07,green,28.63,green,93.0
994,354,"Barn 1, Room 2",2022-02-08,green,29.04,green,83.0
995,354,"Barn 1, Room 2",2022-02-09,green,29.25,green,76.0
996,354,"Barn 1, Room 2",2022-02-10,green,29.0,green,76.0
997,354,"Barn 1, Room 2",2022-02-11,green,28.54,green,79.0
998,354,"Barn 1, Room 2",2022-02-12,green,27.81,green,93.0
999,354,"Barn 1, Room 2",2022-02-13,green,27.98,green,92.0
1000,354,"Barn 1, Room 2",2022-02-14,green,28.07,green,94.0
1001,354,"Barn 1, Room 2",2022-02-15,yellow,28.29,green,93.0
1002,354,"Barn 1, Room 2",2022-02-16,yellow,29.3,green,88.0
1003,354,"Barn 1, Room 2",2022-02-17,green,28.42,green,94.0
1004,354,"Barn 1, Room 2",2022-02-18,green,28.05,green,94.0
1005,354,"Barn 1, Room 2",2022-02-19,green,27.66,green,94.0
1006,354,"Barn 1, Room 2",2022-02-20,green,27.98,green,96.0
1007,354,"Barn 1, Room 2",2022-02-21,green,28.4,green,90.0
1008,354,"Barn 1, Room 2",2022-02-22,green,27.62,green,93.0
1009,354,"Barn 1, Room 2",2022-02-23,green,26.45,green,90.0
1010,354,"Barn 1, Room 2",2022-02-24,green,26.61,green,86.0
1011,354,"Barn 1, Room 2",2022-02-25,green,26.18,green,74.0
1012,354,"Barn 1, Room 2",2022-02-26,green,26.15,green,81.0
1013,354,"Barn 1, Room 2",2022-02-27,green,26.53,green,86.0
1014,354,"Barn 1, Room 2",2022-02-28,green,26.77,green,82.0
1015,354,"Barn 1, Room 2",2022-03-01,green,26.87,green,81.0
1016,354,"Barn 1, Room 2",2022-03-02,green,26.72,green,87.0
1017,354,"Barn 1, Room 2",2022-03-03,green,26.05,green,82.0
1018,354,"Barn 1, Room 2",2022-03-04,green,25.93,green,87.0
1019,354,"Barn 1, Room 2",2022-03-05,yellow,26.59,green,92.0
1020,354,"Barn 1, Room 2",2022-03-06,yellow,25.74,green,86.0
1021,354,"Barn 1, Room 2",2022-03-07,green,23.92,green,87.0
1022,354,"Barn 1, Room 2",2022-03-08,green,23.37,green,89.0
1023,354,"Barn 1, Room 2",2022-03-09,green,23.57,green,89.0
1024,354,"Barn 1, Room 2",2022-03-10,green,23.24,green,86.0
1025,354,"Barn 1, Room 2",2022-03-11,green,23.11,green,94.0
1026,354,"Barn 1, Room 2",2022-03-12,green,22.87,green,95.0
1027,354,"Barn 1, Room 2",2022-03-13,green,23.95,green,82.0
1028,354,"Barn 1, Room 2",2022-03-14,green,24.55,green,78.0
1029,354,"Barn 1, Room 2",2022-03-15,green,24.64,yellow,60.0
1030,354,"Barn 1, Room 2",2022-03-16,green,24.83,green,76.0
1031,354,"Barn 1, Room 2",2022-03-17,green,24.82,green,82.0
1032,354,"Barn 1, Room 2",2022-03-18,green,24.33,green,89.0
1033,354,"Barn 1, Room 2",2022-03-19,green,23.26,green,84.0
1034,354,"Barn 1, Room 2",2022-03-20,green,23.41,green,84.0
1035,354,"Barn 1, Room 2",2022-03-21,green,24.04,green,89.0
1036,354,"Barn 1, Room 2",2022-03-22,blue,23.38,blue,82.0
1037,354,"Barn 1, Room 2",2022-03-23,green,23.0,green,82.0
1038,354,"Barn 1, Room 2",2022-03-24,green,22.63,green,75.0
1039,354,"Barn 1, Room 2",2022-03-25,green,22.23,green,78.0
1040,354,"Barn 1, Room 2",2022-03-26,green,21.35,green,83.0
1041,354,"Barn 1, Room 2",2022-03-27,green,21.69,green,84.0
1042,354,"Barn 1, Room 2",2022-03-28,green,21.88,green,76.0
1043,354,"Barn 1, Room 2",2022-03-29,green,21.99,green,82.0
1044,354,"Barn 1, Room 2",2022-03-30,green,22.31,green,87.0
1045,354,"Barn 1, Room 2",2022-03-31,green,21.82,green,87.0
1046,354,"Barn 1, Room 2",2022-04-01,green,21.78,green,91.0
1047,354,"Barn 1, Room 2",2022-04-02,green,21.82,green,89.0
1048,354,"Barn 1, Room 2",2022-04-03,green,22.2,green,92.0
1049,354,"Barn 1, Room 2",2022-04-04,green,21.94,green,86.0
1050,354,"Barn 1, Room 2",2022-04-05,green,22.17,green,82.0
1051,354,"Barn 1, Room 2",2022-04-06,green,21.97,green,92.0
1052,354,"Barn 1, Room 2",2022-04-07,green,21.84,green,93.0
1053,354,"Barn 1, Room 2",2022-04-08,green,21.83,green,80.0
1054,354,"Barn 1, Room 2",2022-04-09,green,21.82,green,87.0
1055,354,"Barn 1, Room 2",2022-04-10,green,22.57,green,91.0
1056,354,"Barn 1, Room 2",2022-04-11,green,22.22,green,89.0
1057,354,"Barn 1, Room 2",2022-04-12,green,22.46,green,89.0
1058,354,"Barn 1, Room 2",2022-04-13,green,22.21,green,89.0
1059,354,"Barn 1, Room 2",2022-04-14,green,21.67,green,93.0
1060,354,"Barn 1, Room 2",2022-04-15,green,21.92,green,95.0
1061,354,"Barn 1, Room 2",2022-04-16,green,21.49,green,86.0
1062,354,"Barn 1, Room 2",2022-04-17,green,21.38,green,89.0
1063,354,"Barn 1, Room 2",2022-04-18,green,21.18,green,89.0
1064,354,"Barn 1, Room 2",2022-04-19,green,21.49,green,93.0
1065,354,"Barn 1, Room 2",2022-04-20,green,21.66,green,91.0
1066,354,"Barn 1, Room 2",2022-04-21,green,22.15,green,92.0
1067,354,"Barn 1, Room 2",2022-04-22,yellow,24.44,green,89.0
1068,354,"Barn 1, Room 2",2022-04-23,green,24.69,green,92.0
1069,354,"Barn 1, Room 2",2022-04-24,green,22.7,green,87.0
1070,354,"Barn 1, Room 2",2022-04-25,green,21.57,green,82.0
1071,354,"Barn 1, Room 2",2022-04-26,yellow,21.19,green,88.0
1072,354,"Barn 1, Room 2",2022-04-27,yellow,21.88,green,89.0
1073,354,"Barn 1, Room 2",2022-04-28,green,21.73,green,87.0
1074,354,"Barn 1, Room 2",2022-04-29,green,22.04,green,86.0
1075,354,"Barn 1, Room 2",2022-04-30,yellow,22.88,green,88.0
1076,354,"Barn 1, Room 2",2022-05-01,green,21.68,green,92.0
1077,354,"Barn 1, Room 2",2022-05-02,green,21.57,green,92.0
1078,354,"Barn 1, Room 2",2022-05-03,green,21.6,green,95.0
1079,354,"Barn 1, Room 2",2022-05-04,green,21.39,green,93.0
1080,354,"Barn 1, Room 2",2022-05-05,yellow,21.59,green,94.0
1081,354,"Barn 1, Room 2",2022-05-06,green,21.42,green,95.0
1082,354,"Barn 1, Room 2",2022-05-07,green,21.66,green,93.0
1083,354,"Barn 1, Room 2",2022-05-08,green,21.7,green,92.0
1084,354,"Barn 1, Room 2",2022-05-09,yellow,24.38,green,92.0
1085,354,"Barn 1, Room 2",2022-05-10,yellow,26.92,green,95.0
1086,354,"Barn 1, Room 2",2022-05-11,red,28.58,green,95.0
1087,354,"Barn 1, Room 2",2022-05-12,red,28.59,green,96.0
1088,354,"Barn 1, Room 2",2022-05-13,red,26.45,green,93.0
1089,354,"Barn 1, Room 2",2022-05-14,red,25.5,green,91.0
1090,354,"Barn 1, Room 2",2022-05-15,yellow,22.53,green,89.0
1091,354,"Barn 1, Room 2",2022-05-16,yellow,23.03,green,92.0
1092,354,"Barn 1, Room 2",2022-05-17,red,24.64,green,94.0
1093,354,"Barn 1, Room 2",2022-05-18,red,23.23,green,89.0
1094,354,"Barn 1, Room 2",2022-05-19,yellow,24.22,green,87.0
1095,354,"Barn 1, Room 2",2022-05-20,red,25.21,green,93.0
1096,354,"Barn 1, Room 2",2022-05-21,green,20.79,green,94.0
1097,354,"Barn 1, Room 2",2022-05-22,yellow,20.73,green,92.0
1098,354,"Barn 1, Room 2",2022-05-23,green,21.04,green,94.0
1099,354,"Barn 1, Room 2",2022-05-24,green,22.28,green,92.0
1100,354,"Barn 1, Room 2",2022-05-25,yellow,23.13,green,92.0
1101,354,"Barn 1, Room 2",2022-05-26,yellow,22.23,green,93.0
1102,354,"Barn 1, Room 2",2022-05-27,green,21.34,green,92.0
1103,354,"Barn 1, Room 2",2022-05-28,yellow,22.57,green,94.0
1104,354,"Barn 1, Room 2",2022-05-29,yellow,25.11,green,94.0
1105,354,"Barn 1, Room 2",2022-05-30,red,26.15,green,97.0
1106,354,"Barn 1, Room 2",2022-05-31,yellow,26.54,green,95.0
1107,354,"Barn 1, Room 2",2022-06-01,green,22.25,green,85.0
1108,354,"Barn 1, Room 2",2022-06-02,yellow,22.03,green,87.0
1109,354,"Barn 1, Room 2",2022-06-03,red,24.05,green,93.0
1110,354,"Barn 1, Room 2",2022-06-04,red,24.07,green,95.0
1111,354,"Barn 1, Room 2",2022-06-05,yellow,24.76,green,97.0
1112,354,"Barn 1, Room 2",2022-06-06,yellow,24.22,green,95.0
1113,354,"Barn 1, Room 2",2022-06-07,yellow,23.37,green,96.0
1114,354,"Barn 1, Room 2",2022-06-08,green,22.0,green,94.0
1115,354,"Barn 1, Room 2",2022-06-09,yellow,23.77,green,93.0
1116,354,"Barn 1, Room 2",2022-06-10,green,21.84,green,94.0
1117,354,"Barn 1, Room 2",2022-06-11,yellow,24.13,green,96.0
1118,354,"Barn 1, Room 2",2022-06-12,yellow,26.17,green,98.0
1119,354,"Barn 1, Room 2",2022-06-13,red,29.59,green,98.0
1120,354,"Barn 1, Room 2",2022-06-14,red,30.42,green,96.0
1121,354,"Barn 1, Room 2",2022-06-15,red,29.19,green,97.0
1122,354,"Barn 1, Room 2",2022-06-16,red,29.81,green,98.0
1123,354,"Barn 1, Room 2",2022-06-17,yellow,26.3,green,97.0
1124,354,"Barn 1, Room 2",2022-06-18,yellow,24.15,green,95.0
1125,354,"Barn 1, Room 2",2022-06-19,red,24.6,green,96.0
1126,354,"Barn 1, Room 2",2022-06-20,red,24.6,green,
1127,354,"Barn 1, Room 2",2022-06-20,red,25.89,green,86.0
1128,354,"Barn 1, Room 2",2022-06-21,red,28.05,green,84.0
1129,354,"Barn 1, Room 2",2022-06-22,red,26.98,green,97.0
1130,354,"Barn 1, Room 2",2022-06-23,red,25.32,green,94.0
1131,354,"Barn 1, Room 2",2022-06-24,green,25.34,green,95.0
1132,354,"Barn 1, Room 2",2022-06-25,yellow,26.63,green,89.0
1133,354,"Barn 1, Room 2",2022-06-26,yellow,24.04,green,82.0
1134,354,"Barn 1, Room 2",2022-06-27,yellow,23.1,green,97.0
1135,354,"Barn 1, Room 2",2022-06-28,yellow,24.42,green,95.0
1136,354,"Barn 1, Room 2",2022-06-29,red,25.7,green,94.0
1137,354,"Barn 1, Room 2",2022-06-30,red,26.09,green,96.0
1138,354,"Barn 1, Room 2",2022-07-01,green,24.98,green,95.0
1139,354,"Barn 1, Room 2",2022-07-02,green,23.71,green,96.0
1140,354,"Barn 1, Room 2",2022-07-03,red,25.24,green,95.0
1141,354,"Barn 1, Room 2",2022-07-04,red,28.1,green,97.0
1142,354,"Barn 1, Room 2",2022-07-05,red,30.83,green,96.0
1143,354,"Barn 1, Room 2",2022-07-06,green,26.74,green,97.0
1144,354,"Barn 1, Room 2",2022-07-07,green,24.52,green,94.0
1145,354,"Barn 1, Room 2",2022-07-08,green,24.87,green,93.0
1146,354,"Barn 1, Room 2",2022-07-09,yellow,24.27,green,94.0
1147,354,"Barn 1, Room 2",2022-07-10,yellow,24.19,green,96.0
1148,354,"Barn 1, Room 2",2022-07-11,yellow,25.65,green,95.0
1149,354,"Barn 1, Room 2",2022-07-12,yellow,24.55,green,96.0
1150,354,"Barn 1, Room 2",2022-07-13,yellow,25.33,green,95.0
1151,354,"Barn 1, Room 2",2022-07-14,yellow,24.8,green,96.0
1152,354,"Barn 1, Room 2",2022-07-15,green,24.1,green,93.0
1153,354,"Barn 1, Room 2",2022-07-16,green,26.09,green,92.0
1154,354,"Barn 1, Room 2",2022-07-17,yellow,24.29,green,96.0
1155,354,"Barn 1, Room 2",2022-07-18,yellow,25.17,green,94.0
