Order,GlobalID,Site,Site_NumericDate,Room,OldRoom,Site_Room,Turn,Site_Room_Turn,CalendarDate,NumericDate,Variable,Value
1,4NL2_1_44204,4NL2,4NL2_44204,1,1South,4NL2_1,1,4NL2_1_1,2021-01-08,44204,WaterDispVC,0
1,4NL2_1_44204,4NL2,4NL2_44204,1,1South,4NL2_1,1,4NL2_1_1,2021-01-08,44204,WaterDispHdVC,0
2,4NL2_1_44205,4NL2,4NL2_44205,1,1South,4NL2_1,1,4NL2_1_1,2021-01-09,44205,WaterDispRMS,36
2,4NL2_1_44205,4NL2,4NL2_44205,1,1South,4NL2_1,1,4NL2_1_1,2021-01-09,44205,WaterDispHdRMS,0.039647577092511016
4,4NL2_1_44207,4NL2,4NL2_44207,1,1South,4NL2_1,1,4NL2_1_1,2021-01-11,44207,WaterDispRMS,123
4,4NL2_1_44207,4NL2,4NL2_44207,1,1South,4NL2_1,1,4NL2_1_1,2021-01-11,44207,WaterDispHdRMS,0.043006993006993004
4,4NL2_1_44207,4NL2,4NL2_44207,1,1South,4NL2_1,1,4NL2_1_1,2021-01-11,44207,WaterDispVC,189
4,4NL2_1_44207,4NL2,4NL2_44207,1,1South,4NL2_1,1,4NL2_1_1,2021-01-11,44207,WaterDispHdVC,0.06608391608391609
5,4NL2_1_44208,4NL2,4NL2_44208,1,1South,4NL2_1,1,4NL2_1_1,2021-01-12,44208,WaterDispRMS,246
5,4NL2_1_44208,4NL2,4NL2_44208,1,1South,4NL2_1,1,4NL2_1_1,2021-01-12,44208,WaterDispHdRMS,0.08601398601398601
36,4NL2_1_44239,4NL2,4NL2_44239,1,1South,4NL2_1,1,4NL2_1_1,2021-02-12,44239,Dexamethasone,1127
36,4NL2_1_44239,4NL2,4NL2_44239,1,1South,4NL2_1,1,4NL2_1_1,2021-02-12,44239,DexamethasoneProportion,0.39950372208436724
36,4NL2_1_44239,4NL2,4NL2_44239,1,1South,4NL2_1,1,4NL2_1_1,2021-02-12,44239,SecondaryRespiratory,1163
36,4NL2_1_44239,4NL2,4NL2_44239,1,1South,4NL2_1,1,4NL2_1_1,2021-02-12,44239,SecondaryRespiratoryProportion,0.4122651542006381
36,4NL2_1_44239,4NL2,4NL2_44239,1,1South,4NL2_1,1,4NL2_1_1,2021-02-12,44239,TotalTreatments,1258
36,4NL2_1_44239,4NL2,4NL2_44239,1,1South,4NL2_1,1,4NL2_1_1,2021-02-12,44239,TotalTreatmentsProportion,0.44594115561857495
69,4NL2_1_44286,4NL2,4NL2_44286,1,1South,4NL2_1,2,4NL2_1_2,2021-03-31,44286,WaterDispVC,54
69,4NL2_1_44286,4NL2,4NL2_44286,1,1South,4NL2_1,2,4NL2_1_2,2021-03-31,44286,WaterDispHdVC,0.04251968503937008
70,4NL2_1_44287,4NL2,4NL2_44287,1,1South,4NL2_1,2,4NL2_1_2,2021-04-01,44287,WaterDispRMS,87
70,4NL2_1_44287,4NL2,4NL2_44287,1,1South,4NL2_1,2,4NL2_1_2,2021-04-01,44287,WaterDispHdRMS,0.06850393700787402
71,4NL2_1_44288,4NL2,4NL2_44288,1,1South,4NL2_1,2,4NL2_1_2,2021-04-02,44288,WaterDispRMS,167
71,4NL2_1_44288,4NL2,4NL2_44288,1,1South,4NL2_1,2,4NL2_1_2,2021-04-02,44288,WaterDispHdRMS,0.0741563055062167
71,4NL2_1_44288,4NL2,4NL2_44288,1,1South,4NL2_1,2,4NL2_1_2,2021-04-02,44288,WaterDispVC,219
71,4NL2_1_44288,4NL2,4NL2_44288,1,1South,4NL2_1,2,4NL2_1_2,2021-04-02,44288,WaterDispHdVC,0.09724689165186501
125,4NL2_1_44357,4NL2,4NL2_44357,1,1South,4NL2_1,3,4NL2_1_3,2021-06-10,44357,WaterDispRMS,69
125,4NL2_1_44357,4NL2,4NL2_44357,1,1South,4NL2_1,3,4NL2_1_3,2021-06-10,44357,WaterDispHdRMS,0.06758080313418217
126,4NL2_1_44358,4NL2,4NL2_44358,1,1South,4NL2_1,3,4NL2_1_3,2021-06-11,44358,WaterDispRMS,147
126,4NL2_1_44358,4NL2,4NL2_44358,1,1South,4NL2_1,3,4NL2_1_3,2021-06-11,44358,WaterDispHdRMS,0.07060518731988473
253,4NL2_2_44200,4NL2,4NL2_44200,2,2North,4NL2_2,1,4NL2_2_1,2021-01-04,44200,WaterDispVC,34
253,4NL2_2_44200,4NL2,4NL2_44200,2,2North,4NL2_2,1,4NL2_2_1,2021-01-04,44200,WaterDispHdVC,0.03171641791044776
254,4NL2_2_44201,4NL2,4NL2_44201,2,2North,4NL2_2,1,4NL2_2_1,2021-01-05,44201,WaterDispRMS,39
254,4NL2_2_44201,4NL2,4NL2_44201,2,2North,4NL2_2,1,4NL2_2_1,2021-01-05,44201,WaterDispHdRMS,0.036380597014925374
255,4NL2_2_44202,4NL2,4NL2_44202,2,2North,4NL2_2,1,4NL2_2_1,2021-01-06,44202,WaterDispRMS,152
255,4NL2_2_44202,4NL2,4NL2_44202,2,2North,4NL2_2,1,4NL2_2_1,2021-01-06,44202,WaterDispHdRMS,0.07480314960629922
255,4NL2_2_44202,4NL2,4NL2_44202,2,2North,4NL2_2,1,4NL2_2_1,2021-01-06,44202,WaterDispVC,139
255,4NL2_2_44202,4NL2,4NL2_44202,2,2North,4NL2_2,1,4NL2_2_1,2021-01-06,44202,WaterDispHdVC,0.06840551181102363
256,4NL2_2_44203,4NL2,4NL2_44203,2,2North,4NL2_2,1,4NL2_2_1,2021-01-07,44203,WaterDispRMS,156
256,4NL2_2_44203,4NL2,4NL2_44203,2,2North,4NL2_2,1,4NL2_2_1,2021-01-07,44203,WaterDispHdRMS,0.0517756388981082
323,4NL2_2_44270,4NL2,4NL2_44270,2,2North,4NL2_2,1,4NL2_2_1,2021-03-15,44270,WaterDispRMS,4017
323,4NL2_2_44270,4NL2,4NL2_44270,2,2North,4NL2_2,1,4NL2_2_1,2021-03-15,44270,WaterDispHdRMS,3.981169474727453
324,4NL2_2_44278,4NL2,4NL2_44278,2,2North,4NL2_2,2,4NL2_2_2,2021-03-23,44278,WaterDispRMS,35
324,4NL2_2_44278,4NL2,4NL2_44278,2,2North,4NL2_2,2,4NL2_2_2,2021-03-23,44278,WaterDispHdRMS,0.060034305317324184
326,4NL2_2_44280,4NL2,4NL2_44280,2,2North,4NL2_2,2,4NL2_2_2,2021-03-25,44280,WaterDispRMS,144
326,4NL2_2_44280,4NL2,4NL2_44280,2,2North,4NL2_2,2,4NL2_2_2,2021-03-25,44280,WaterDispHdRMS,0.09775967413441955
389,4NL2_2_44343,4NL2,4NL2_44343,2,2North,4NL2_2,2,4NL2_2_2,2021-05-27,44343,Euth,1
389,4NL2_2_44343,4NL2,4NL2_44343,2,2North,4NL2_2,2,4NL2_2_2,2021-05-27,44343,EuthProportion,0.07692307692307693
389,4NL2_2_44343,4NL2,4NL2_44343,2,2North,4NL2_2,2,4NL2_2_2,2021-05-27,44343,TotalMortality,1
389,4NL2_2_44343,4NL2,4NL2_44343,2,2North,4NL2_2,2,4NL2_2_2,2021-05-27,44343,TotalMortalityProportion,0.07692307692307693
389,4NL2_2_44343,4NL2,4NL2_44343,2,2North,4NL2_2,2,4NL2_2_2,2021-05-27,44343,WaterDispRMS,2539
389,4NL2_2_44343,4NL2,4NL2_44343,2,2North,4NL2_2,2,4NL2_2_2,2021-05-27,44343,WaterDispHdRMS,195.30769230769232
389,4NL2_2_44343,4NL2,4NL2_44343,2,2North,4NL2_2,2,4NL2_2_2,2021-05-27,44343,WaterDispVC,412
389,4NL2_2_44343,4NL2,4NL2_44343,2,2North,4NL2_2,2,4NL2_2_2,2021-05-27,44343,WaterDispHdVC,31.692307692307693
389,4NL2_2_44343,4NL2,4NL2_44343,2,2North,4NL2_2,2,4NL2_2_2,2021-05-27,44343,SetPointVC,55.3
389,4NL2_2_44343,4NL2,4NL2_44343,2,2North,4NL2_2,2,4NL2_2_2,2021-05-27,44343,LowTempSetPointDeviationVC,-9.100000000000009
389,4NL2_2_44343,4NL2,4NL2_44343,2,2North,4NL2_2,2,4NL2_2_2,2021-05-27,44343,AvgTempSetPointDeviationVC,-14.400000000000006
389,4NL2_2_44343,4NL2,4NL2_44343,2,2North,4NL2_2,2,4NL2_2_2,2021-05-27,44343,HiTempSetPointDeviationVC,-23
390,4NL2_2_44349,4NL2,4NL2_44349,2,2North,4NL2_2,3,4NL2_2_3,2021-06-02,44349,WaterDispRMS,1
390,4NL2_2_44349,4NL2,4NL2_44349,2,2North,4NL2_2,3,4NL2_2_3,2021-06-02,44349,WaterDispHdRMS,9.541984732824427e-4
390,4NL2_2_44349,4NL2,4NL2_44349,2,2North,4NL2_2,3,4NL2_2_3,2021-06-02,44349,WaterDispVC,-106894
390,4NL2_2_44349,4NL2,4NL2_44349,2,2North,4NL2_2,3,4NL2_2_3,2021-06-02,44349,WaterDispHdVC,-101.99809160305344
391,4NL2_2_44350,4NL2,4NL2_44350,2,2North,4NL2_2,3,4NL2_2_3,2021-06-03,44350,WaterDispRMS,66
391,4NL2_2_44350,4NL2,4NL2_44350,2,2North,4NL2_2,3,4NL2_2_3,2021-06-03,44350,WaterDispHdRMS,0.06297709923664122
392,4NL2_2_44351,4NL2,4NL2_44351,2,2North,4NL2_2,3,4NL2_2_3,2021-06-04,44351,WaterDispRMS,193
392,4NL2_2_44351,4NL2,4NL2_44351,2,2North,4NL2_2,3,4NL2_2_3,2021-06-04,44351,WaterDispHdRMS,0.09274387313791446
526,BIBL_1_44273,BIBL,BIBL_44273,1,3,BIBL_1,1,BIBL_1_1,2021-03-18,44273,WaterDispVC,18
526,BIBL_1_44273,BIBL,BIBL_44273,1,3,BIBL_1,1,BIBL_1_1,2021-03-18,44273,WaterDispHdVC,0.049723756906077346
531,BIBL_1_44278,BIBL,BIBL_44278,1,3,BIBL_1,1,BIBL_1_1,2021-03-23,44278,Ceftiofur,326
531,BIBL_1_44278,BIBL,BIBL_44278,1,3,BIBL_1,1,BIBL_1_1,2021-03-23,44278,CeftiofurProportion,0.19853836784409257
531,BIBL_1_44278,BIBL,BIBL_44278,1,3,BIBL_1,1,BIBL_1_1,2021-03-23,44278,PrimaryRespiratory,326
531,BIBL_1_44278,BIBL,BIBL_44278,1,3,BIBL_1,1,BIBL_1_1,2021-03-23,44278,PrimaryRespiratoryProportion,0.19853836784409257
531,BIBL_1_44278,BIBL,BIBL_44278,1,3,BIBL_1,1,BIBL_1_1,2021-03-23,44278,TotalTreatments,326
531,BIBL_1_44278,BIBL,BIBL_44278,1,3,BIBL_1,1,BIBL_1_1,2021-03-23,44278,TotalTreatmentsProportion,0.19853836784409257
686,BIBL_1_44433,BIBL,BIBL_44433,1,3,BIBL_1,1,BIBL_1_1,2021-08-25,44433,WaterDispVC,456
686,BIBL_1_44433,BIBL,BIBL_44433,1,3,BIBL_1,1,BIBL_1_1,2021-08-25,44433,WaterDispHdVC,3.965217391304348
725,BIBL_2_44263,BIBL,BIBL_44263,2,4,BIBL_2,1,BIBL_2_1,2021-03-08,44263,WaterDispVC,84
725,BIBL_2_44263,BIBL,BIBL_44263,2,4,BIBL_2,1,BIBL_2_1,2021-03-08,44263,WaterDispHdVC,0.05733788395904437
903,BIBL_2_44461,BIBL,BIBL_44461,2,4,BIBL_2,2,BIBL_2_2,2021-09-22,44461,WaterDispVC,0
903,BIBL_2_44461,BIBL,BIBL_44461,2,4,BIBL_2,2,BIBL_2_2,2021-09-22,44461,WaterDispHdVC,0
906,BIBL_2_44464,BIBL,BIBL_44464,2,4,BIBL_2,2,BIBL_2_2,2021-09-25,44464,WaterDispVC,2
906,BIBL_2_44464,BIBL,BIBL_44464,2,4,BIBL_2,2,BIBL_2_2,2021-09-25,44464,WaterDispHdVC,0.02
907,BIBL_2_44465,BIBL,BIBL_44465,2,4,BIBL_2,2,BIBL_2_2,2021-09-26,44465,WaterDispVC,3
907,BIBL_2_44465,BIBL,BIBL_44465,2,4,BIBL_2,2,BIBL_2_2,2021-09-26,44465,WaterDispHdVC,0.015
910,BIBL_2_44468,BIBL,BIBL_44468,2,4,BIBL_2,2,BIBL_2_2,2021-09-29,44468,WaterDispVC,9
910,BIBL_2_44468,BIBL,BIBL_44468,2,4,BIBL_2,2,BIBL_2_2,2021-09-29,44468,WaterDispHdVC,0.045
952,CON2_1_44180,CON2,CON2_44180,1,1,CON2_1,1,CON2_1_1,2020-12-15,44180,HiTempRMS,824
952,CON2_1_44180,CON2,CON2_44180,1,1,CON2_1,1,CON2_1_1,2020-12-15,44180,TempRangeRMS,744.2
952,CON2_1_44180,CON2,CON2_44180,1,1,CON2_1,1,CON2_1_1,2020-12-15,44180,HiTempSetPointDeviationRMS,-741.2
966,CON2_1_44194,CON2,CON2_44194,1,1,CON2_1,1,CON2_1_1,2020-12-29,44194,LowTempRMS,78.8
966,CON2_1_44194,CON2,CON2_44194,1,1,CON2_1,1,CON2_1_1,2020-12-29,44194,HiTempRMS,77.9
966,CON2_1_44194,CON2,CON2_44194,1,1,CON2_1,1,CON2_1_1,2020-12-29,44194,TempRangeRMS,-0.8999999999999915
966,CON2_1_44194,CON2,CON2_44194,1,1,CON2_1,1,CON2_1_1,2020-12-29,44194,LowTempSetPointDeviationRMS,-0.8999999999999915
966,CON2_1_44194,CON2,CON2_44194,1,1,CON2_1,1,CON2_1_1,2020-12-29,44194,HiTempSetPointDeviationRMS,0
1021,CON2_1_44249,CON2,CON2_44249,1,1,CON2_1,1,CON2_1_1,2021-02-22,44249,WaterDispRMS,18443
1021,CON2_1_44249,CON2,CON2_44249,1,1,CON2_1,1,CON2_1_1,2021-02-22,44249,WaterDispHdRMS,14.637301587301588
1026,CON2_1_44254,CON2,CON2_44254,1,1,CON2_1,1,CON2_1_1,2021-02-27,44254,LowTempRMS,692
1026,CON2_1_44254,CON2,CON2_44254,1,1,CON2_1,1,CON2_1_1,2021-02-27,44254,HiTempRMS,71.5
1026,CON2_1_44254,CON2,CON2_44254,1,1,CON2_1,1,CON2_1_1,2021-02-27,44254,TempRangeRMS,-620.5
1026,CON2_1_44254,CON2,CON2_44254,1,1,CON2_1,1,CON2_1_1,2021-02-27,44254,LowTempSetPointDeviationRMS,-625.5
1026,CON2_1_44254,CON2,CON2_44254,1,1,CON2_1,1,CON2_1_1,2021-02-27,44254,HiTempSetPointDeviationRMS,-5
1039,CON2_1_44267,CON2,CON2_44267,1,1,CON2_1,1,CON2_1_1,2021-03-12,44267,LowTempRMS,66.6
1039,CON2_1_44267,CON2,CON2_44267,1,1,CON2_1,1,CON2_1_1,2021-03-12,44267,HiTempRMS,64.6
1039,CON2_1_44267,CON2,CON2_44267,1,1,CON2_1,1,CON2_1_1,2021-03-12,44267,TempRangeRMS,-2
1039,CON2_1_44267,CON2,CON2_44267,1,1,CON2_1,1,CON2_1_1,2021-03-12,44267,LowTempSetPointDeviationRMS,-2.6999999999999957
1039,CON2_1_44267,CON2,CON2_44267,1,1,CON2_1,1,CON2_1_1,2021-03-12,44267,HiTempSetPointDeviationRMS,-0.6999999999999957
1076,CON2_1_44304,CON2,CON2_44304,1,1,CON2_1,1,CON2_1_1,2021-04-18,44304,LowTempRMS,68.9
1076,CON2_1_44304,CON2,CON2_44304,1,1,CON2_1,1,CON2_1_1,2021-04-18,44304,HiTempRMS,67.1
1076,CON2_1_44304,CON2,CON2_44304,1,1,CON2_1,1,CON2_1_1,2021-04-18,44304,TempRangeRMS,-1.8000000000000114
1076,CON2_1_44304,CON2,CON2_44304,1,1,CON2_1,1,CON2_1_1,2021-04-18,44304,LowTempSetPointDeviationRMS,-7.500000000000007
1076,CON2_1_44304,CON2,CON2_44304,1,1,CON2_1,1,CON2_1_1,2021-04-18,44304,HiTempSetPointDeviationRMS,-5.699999999999996
1105,CON2_1_44333,CON2,CON2_44333,1,1,CON2_1,1,CON2_1_1,2021-05-17,44333,WaterDispVC,391
1105,CON2_1_44333,CON2,CON2_44333,1,1,CON2_1,1,CON2_1_1,2021-05-17,44333,WaterDispHdVC,3.6203703703703702
1110,CON2_1_44361,CON2,CON2_44361,1,1,CON2_1,2,CON2_1_2,2021-06-14,44361,WaterDispRMS,77
1110,CON2_1_44361,CON2,CON2_44361,1,1,CON2_1,2,CON2_1_2,2021-06-14,44361,WaterDispHdRMS,0.07746478873239436
1169,CON2_1_44420,CON2,CON2_44420,1,1,CON2_1,2,CON2_1_2,2021-08-12,44420,WaterDispVC,4225
1169,CON2_1_44420,CON2,CON2_44420,1,1,CON2_1,2,CON2_1_2,2021-08-12,44420,WaterDispHdVC,3.3059467918622847
1206,CON2_1_44457,CON2,CON2_44457,1,1,CON2_1,2,CON2_1_2,2021-09-18,44457,WaterDispVC,122
1206,CON2_1_44457,CON2,CON2_44457,1,1,CON2_1,2,CON2_1_2,2021-09-18,44457,WaterDispHdVC,0.09682539682539683
1292,CON2_2_44203,CON2,CON2_44203,2,2,CON2_2,1,CON2_2_1,2021-01-07,44203,LowTempRMS,76.9
1292,CON2_2_44203,CON2,CON2_44203,2,2,CON2_2,1,CON2_2_1,2021-01-07,44203,HiTempRMS,73.4
1292,CON2_2_44203,CON2,CON2_44203,2,2,CON2_2,1,CON2_2_1,2021-01-07,44203,TempRangeRMS,-3.5
1292,CON2_2_44203,CON2,CON2_44203,2,2,CON2_2,1,CON2_2_1,2021-01-07,44203,LowTempSetPointDeviationRMS,-1.4000000000000057
1292,CON2_2_44203,CON2,CON2_44203,2,2,CON2_2,1,CON2_2_1,2021-01-07,44203,HiTempSetPointDeviationRMS,2.0999999999999943
1304,CON2_2_44215,CON2,CON2_44215,2,2,CON2_2,1,CON2_2_1,2021-01-19,44215,SetPointRMS,737
1304,CON2_2_44215,CON2,CON2_44215,2,2,CON2_2,1,CON2_2_1,2021-01-19,44215,LowTempSetPointDeviationRMS,662.6
1304,CON2_2_44215,CON2,CON2_44215,2,2,CON2_2,1,CON2_2_1,2021-01-19,44215,HiTempSetPointDeviationRMS,660.3
1321,CON2_2_44232,CON2,CON2_44232,2,2,CON2_2,1,CON2_2_1,2021-02-05,44232,LowTempRMS,75.2
1321,CON2_2_44232,CON2,CON2_44232,2,2,CON2_2,1,CON2_2_1,2021-02-05,44232,HiTempRMS,74.7
1321,CON2_2_44232,CON2,CON2_44232,2,2,CON2_2,1,CON2_2_1,2021-02-05,44232,TempRangeRMS,-0.5
1321,CON2_2_44232,CON2,CON2_44232,2,2,CON2_2,1,CON2_2_1,2021-02-05,44232,LowTempSetPointDeviationRMS,-2.6000000000000085
1321,CON2_2_44232,CON2,CON2_44232,2,2,CON2_2,1,CON2_2_1,2021-02-05,44232,HiTempSetPointDeviationRMS,-2.1000000000000085
1373,CON2_2_44284,CON2,CON2_44284,2,2,CON2_2,1,CON2_2_1,2021-03-29,44284,WaterDispRMS,21110
1373,CON2_2_44284,CON2,CON2_44284,2,2,CON2_2,1,CON2_2_1,2021-03-29,44284,WaterDispHdRMS,16.901521216973578
1389,CON2_2_44300,CON2,CON2_44300,2,2,CON2_2,1,CON2_2_1,2021-04-14,44300,LowTempRMS,64.2
1389,CON2_2_44300,CON2,CON2_44300,2,2,CON2_2,1,CON2_2_1,2021-04-14,44300,HiTempRMS,60.9
1389,CON2_2_44300,CON2,CON2_44300,2,2,CON2_2,1,CON2_2_1,2021-04-14,44300,TempRangeRMS,-3.3000000000000043
1389,CON2_2_44300,CON2,CON2_44300,2,2,CON2_2,1,CON2_2_1,2021-04-14,44300,LowTempSetPointDeviationRMS,-2.8000000000000043
1389,CON2_2_44300,CON2,CON2_44300,2,2,CON2_2,1,CON2_2_1,2021-04-14,44300,HiTempSetPointDeviationRMS,0.5
1422,CON2_2_44333,CON2,CON2_44333,2,2,CON2_2,1,CON2_2_1,2021-05-17,44333,WaterDispVC,12
1422,CON2_2_44333,CON2,CON2_44333,2,2,CON2_2,1,CON2_2_1,2021-05-17,44333,WaterDispHdVC,0.09230769230769231
1433,CON2_2_44361,CON2,CON2_44361,2,2,CON2_2,2,CON2_2_2,2021-06-14,44361,SetPointRMS,843
1433,CON2_2_44361,CON2,CON2_44361,2,2,CON2_2,2,CON2_2_2,2021-06-14,44361,LowTempSetPointDeviationRMS,761.7
1433,CON2_2_44361,CON2,CON2_44361,2,2,CON2_2,2,CON2_2_2,2021-06-14,44361,HiTempSetPointDeviationRMS,749.3
1499,CON2_2_44427,CON2,CON2_44427,2,2,CON2_2,2,CON2_2_2,2021-08-19,44427,WaterDispRMS,1.38
1499,CON2_2_44427,CON2,CON2_44427,2,2,CON2_2,2,CON2_2_2,2021-08-19,44427,WaterDispHdRMS,0.0011490424646128225
1500,CON2_2_44428,CON2,CON2_44428,2,2,CON2_2,2,CON2_2_2,2021-08-20,44428,WaterDispRMS,1.47
1500,CON2_2_44428,CON2,CON2_44428,2,2,CON2_2,2,CON2_2_2,2021-08-20,44428,WaterDispHdRMS,0.0012239800166527893
1501,CON2_2_44429,CON2,CON2_44429,2,2,CON2_2,2,CON2_2_2,2021-08-21,44429,WaterDispRMS,1.57
1501,CON2_2_44429,CON2,CON2_44429,2,2,CON2_2,2,CON2_2_2,2021-08-21,44429,WaterDispHdRMS,0.0013072439633638635
1502,CON2_2_44430,CON2,CON2_44430,2,2,CON2_2,2,CON2_2_2,2021-08-22,44430,WaterDispRMS,1.55
1502,CON2_2_44430,CON2,CON2_44430,2,2,CON2_2,2,CON2_2_2,2021-08-22,44430,WaterDispHdRMS,0.0012905911740216487
1503,CON2_2_44431,CON2,CON2_44431,2,2,CON2_2,2,CON2_2_2,2021-08-23,44431,WaterDispRMS,1.57
1503,CON2_2_44431,CON2,CON2_44431,2,2,CON2_2,2,CON2_2_2,2021-08-23,44431,WaterDispHdRMS,0.0013083333333333334
1504,CON2_2_44432,CON2,CON2_44432,2,2,CON2_2,2,CON2_2_2,2021-08-24,44432,WaterDispRMS,1.65
1504,CON2_2_44432,CON2,CON2_44432,2,2,CON2_2,2,CON2_2_2,2021-08-24,44432,WaterDispHdRMS,0.0013761467889908255
1505,CON2_2_44433,CON2,CON2_44433,2,2,CON2_2,2,CON2_2_2,2021-08-25,44433,WaterDispRMS,1.67
1505,CON2_2_44433,CON2,CON2_44433,2,2,CON2_2,2,CON2_2_2,2021-08-25,44433,WaterDispHdRMS,0.0013928273561301084
1506,CON2_2_44434,CON2,CON2_44434,2,2,CON2_2,2,CON2_2_2,2021-08-26,44434,WaterDispRMS,1.63
1506,CON2_2_44434,CON2,CON2_44434,2,2,CON2_2,2,CON2_2_2,2021-08-26,44434,WaterDispHdRMS,0.001359466221851543
1507,CON2_2_44435,CON2,CON2_44435,2,2,CON2_2,2,CON2_2_2,2021-08-27,44435,WaterDispRMS,1.58
1507,CON2_2_44435,CON2,CON2_44435,2,2,CON2_2,2,CON2_2_2,2021-08-27,44435,WaterDispHdRMS,0.0013177648040033363
1508,CON2_2_44436,CON2,CON2_44436,2,2,CON2_2,2,CON2_2_2,2021-08-28,44436,WaterDispRMS,1.76
1508,CON2_2_44436,CON2,CON2_44436,2,2,CON2_2,2,CON2_2_2,2021-08-28,44436,WaterDispHdRMS,0.001471571906354515
1509,CON2_2_44437,CON2,CON2_44437,2,2,CON2_2,2,CON2_2_2,2021-08-29,44437,WaterDispRMS,1.83
1509,CON2_2_44437,CON2,CON2_44437,2,2,CON2_2,2,CON2_2_2,2021-08-29,44437,WaterDispHdRMS,0.0015301003344481605
1510,CON2_2_44438,CON2,CON2_44438,2,2,CON2_2,2,CON2_2_2,2021-08-30,44438,WaterDispRMS,1.75
1510,CON2_2_44438,CON2,CON2_44438,2,2,CON2_2,2,CON2_2_2,2021-08-30,44438,WaterDispHdRMS,0.001463210702341137
1511,CON2_2_44439,CON2,CON2_44439,2,2,CON2_2,2,CON2_2_2,2021-08-31,44439,WaterDispRMS,1.75
1511,CON2_2_44439,CON2,CON2_44439,2,2,CON2_2,2,CON2_2_2,2021-08-31,44439,WaterDispHdRMS,0.0014644351464435147
1512,CON2_2_44440,CON2,CON2_44440,2,2,CON2_2,2,CON2_2_2,2021-09-01,44440,WaterDispRMS,0.02
1512,CON2_2_44440,CON2,CON2_44440,2,2,CON2_2,2,CON2_2_2,2021-09-01,44440,WaterDispHdRMS,1.6736401673640167e-5
1513,CON2_2_44441,CON2,CON2_44441,2,2,CON2_2,2,CON2_2_2,2021-09-02,44441,WaterDispRMS,1.85
1513,CON2_2_44441,CON2,CON2_44441,2,2,CON2_2,2,CON2_2_2,2021-09-02,44441,WaterDispHdRMS,0.0015481171548117156
1514,CON2_2_44442,CON2,CON2_44442,2,2,CON2_2,2,CON2_2_2,2021-09-03,44442,WaterDispRMS,1.68
1514,CON2_2_44442,CON2,CON2_44442,2,2,CON2_2,2,CON2_2_2,2021-09-03,44442,WaterDispHdRMS,0.001405857740585774
1515,CON2_2_44443,CON2,CON2_44443,2,2,CON2_2,2,CON2_2_2,2021-09-04,44443,WaterDispRMS,1.68
1515,CON2_2_44443,CON2,CON2_44443,2,2,CON2_2,2,CON2_2_2,2021-09-04,44443,WaterDispHdRMS,0.001405857740585774
1516,CON2_2_44444,CON2,CON2_44444,2,2,CON2_2,2,CON2_2_2,2021-09-05,44444,WaterDispRMS,1.75
1516,CON2_2_44444,CON2,CON2_44444,2,2,CON2_2,2,CON2_2_2,2021-09-05,44444,WaterDispHdRMS,0.0014656616415410384
1517,CON2_2_44445,CON2,CON2_44445,2,2,CON2_2,2,CON2_2_2,2021-09-06,44445,WaterDispRMS,1.81
1517,CON2_2_44445,CON2,CON2_44445,2,2,CON2_2,2,CON2_2_2,2021-09-06,44445,WaterDispHdRMS,0.0015159128978224456
1518,CON2_2_44446,CON2,CON2_44446,2,2,CON2_2,2,CON2_2_2,2021-09-07,44446,WaterDispRMS,1.82
1518,CON2_2_44446,CON2,CON2_44446,2,2,CON2_2,2,CON2_2_2,2021-09-07,44446,WaterDispHdRMS,0.00152428810720268
1519,CON2_2_44447,CON2,CON2_44447,2,2,CON2_2,2,CON2_2_2,2021-09-08,44447,WaterDispRMS,1.89
1519,CON2_2_44447,CON2,CON2_44447,2,2,CON2_2,2,CON2_2_2,2021-09-08,44447,WaterDispHdRMS,0.0015869017632241813
1520,CON2_2_44448,CON2,CON2_44448,2,2,CON2_2,2,CON2_2_2,2021-09-09,44448,WaterDispRMS,1.86
1520,CON2_2_44448,CON2,CON2_44448,2,2,CON2_2,2,CON2_2_2,2021-09-09,44448,WaterDispHdRMS,0.001561712846347607
1521,CON2_2_44449,CON2,CON2_44449,2,2,CON2_2,2,CON2_2_2,2021-09-10,44449,WaterDispRMS,1.9
1521,CON2_2_44449,CON2,CON2_44449,2,2,CON2_2,2,CON2_2_2,2021-09-10,44449,WaterDispHdRMS,0.001595298068849706
1522,CON2_2_44450,CON2,CON2_44450,2,2,CON2_2,2,CON2_2_2,2021-09-11,44450,WaterDispRMS,1.89
1522,CON2_2_44450,CON2,CON2_44450,2,2,CON2_2,2,CON2_2_2,2021-09-11,44450,WaterDispHdRMS,0.0015869017632241813
1523,CON2_2_44451,CON2,CON2_44451,2,2,CON2_2,2,CON2_2_2,2021-09-12,44451,WaterDispRMS,1.95
1523,CON2_2_44451,CON2,CON2_44451,2,2,CON2_2,2,CON2_2_2,2021-09-12,44451,WaterDispHdRMS,0.00163727959697733
1524,CON2_2_44452,CON2,CON2_44452,2,2,CON2_2,2,CON2_2_2,2021-09-13,44452,WaterDispRMS,1.93
1524,CON2_2_44452,CON2,CON2_44452,2,2,CON2_2,2,CON2_2_2,2021-09-13,44452,WaterDispHdRMS,0.0016218487394957983
1525,CON2_2_44453,CON2,CON2_44453,2,2,CON2_2,2,CON2_2_2,2021-09-14,44453,WaterDispRMS,1.95
1525,CON2_2_44453,CON2,CON2_44453,2,2,CON2_2,2,CON2_2_2,2021-09-14,44453,WaterDispHdRMS,0.0016386554621848739
1526,CON2_2_44454,CON2,CON2_44454,2,2,CON2_2,2,CON2_2_2,2021-09-15,44454,WaterDispRMS,1.87
1526,CON2_2_44454,CON2,CON2_44454,2,2,CON2_2,2,CON2_2_2,2021-09-15,44454,WaterDispHdRMS,0.0015714285714285715
1527,CON2_2_44455,CON2,CON2_44455,2,2,CON2_2,2,CON2_2_2,2021-09-16,44455,WaterDispRMS,1.97
1527,CON2_2_44455,CON2,CON2_44455,2,2,CON2_2,2,CON2_2_2,2021-09-16,44455,WaterDispHdRMS,0.0016568544995794786
1528,CON2_2_44456,CON2,CON2_44456,2,2,CON2_2,2,CON2_2_2,2021-09-17,44456,WaterDispRMS,1.93
1528,CON2_2_44456,CON2,CON2_44456,2,2,CON2_2,2,CON2_2_2,2021-09-17,44456,WaterDispHdRMS,0.0016259477674810446
1529,CON2_2_44457,CON2,CON2_44457,2,2,CON2_2,2,CON2_2_2,2021-09-18,44457,WaterDispRMS,1.86
1529,CON2_2_44457,CON2,CON2_44457,2,2,CON2_2,2,CON2_2_2,2021-09-18,44457,WaterDispHdRMS,0.0015669755686604887
1529,CON2_2_44457,CON2,CON2_44457,2,2,CON2_2,2,CON2_2_2,2021-09-18,44457,WaterDispVC,89
1529,CON2_2_44457,CON2,CON2_44457,2,2,CON2_2,2,CON2_2_2,2021-09-18,44457,WaterDispHdVC,0.07497893850042123
1530,CON2_2_44458,CON2,CON2_44458,2,2,CON2_2,2,CON2_2_2,2021-09-19,44458,WaterDispRMS,1.76
1530,CON2_2_44458,CON2,CON2_44458,2,2,CON2_2,2,CON2_2_2,2021-09-19,44458,WaterDispHdRMS,0.0014827295703454086
1531,CON2_2_44459,CON2,CON2_44459,2,2,CON2_2,2,CON2_2_2,2021-09-20,44459,WaterDispRMS,1.83
1531,CON2_2_44459,CON2,CON2_44459,2,2,CON2_2,2,CON2_2_2,2021-09-20,44459,WaterDispHdRMS,0.0015417017691659648
1532,CON2_2_44460,CON2,CON2_44460,2,2,CON2_2,2,CON2_2_2,2021-09-21,44460,WaterDispRMS,1.79
1532,CON2_2_44460,CON2,CON2_44460,2,2,CON2_2,2,CON2_2_2,2021-09-21,44460,WaterDispHdRMS,0.0015080033698399327
1533,CON2_2_44461,CON2,CON2_44461,2,2,CON2_2,2,CON2_2_2,2021-09-22,44461,WaterDispRMS,1.79
1533,CON2_2_44461,CON2,CON2_44461,2,2,CON2_2,2,CON2_2_2,2021-09-22,44461,WaterDispHdRMS,0.0015080033698399327
1534,CON2_2_44462,CON2,CON2_44462,2,2,CON2_2,2,CON2_2_2,2021-09-23,44462,WaterDispRMS,1.78
1534,CON2_2_44462,CON2,CON2_44462,2,2,CON2_2,2,CON2_2_2,2021-09-23,44462,WaterDispHdRMS,0.0014995787700084245
1535,CON2_2_44463,CON2,CON2_44463,2,2,CON2_2,2,CON2_2_2,2021-09-24,44463,WaterDispRMS,1.79
1535,CON2_2_44463,CON2,CON2_44463,2,2,CON2_2,2,CON2_2_2,2021-09-24,44463,WaterDispHdRMS,0.001509274873524452
1536,CON2_2_44464,CON2,CON2_44464,2,2,CON2_2,2,CON2_2_2,2021-09-25,44464,WaterDispRMS,1.75
1536,CON2_2_44464,CON2,CON2_44464,2,2,CON2_2,2,CON2_2_2,2021-09-25,44464,WaterDispHdRMS,0.001475548060708263
1537,CON2_2_44465,CON2,CON2_44465,2,2,CON2_2,2,CON2_2_2,2021-09-26,44465,WaterDispRMS,1.76
1537,CON2_2_44465,CON2,CON2_44465,2,2,CON2_2,2,CON2_2_2,2021-09-26,44465,WaterDispHdRMS,0.0014839797639123102
1538,CON2_2_44466,CON2,CON2_44466,2,2,CON2_2,2,CON2_2_2,2021-09-27,44466,WaterDispRMS,1.74
1538,CON2_2_44466,CON2,CON2_44466,2,2,CON2_2,2,CON2_2_2,2021-09-27,44466,WaterDispHdRMS,0.0014683544303797469
1539,CON2_2_44467,CON2,CON2_44467,2,2,CON2_2,2,CON2_2_2,2021-09-28,44467,WaterDispRMS,1.79
1539,CON2_2_44467,CON2,CON2_44467,2,2,CON2_2,2,CON2_2_2,2021-09-28,44467,WaterDispHdRMS,0.0015105485232067512
1540,CON2_2_44468,CON2,CON2_44468,2,2,CON2_2,2,CON2_2_2,2021-09-29,44468,WaterDispRMS,1.81
1540,CON2_2_44468,CON2,CON2_44468,2,2,CON2_2,2,CON2_2_2,2021-09-29,44468,WaterDispHdRMS,0.0015300084530853763
1541,CON2_2_44469,CON2,CON2_44469,2,2,CON2_2,2,CON2_2_2,2021-09-30,44469,WaterDispRMS,1.81
1541,CON2_2_44469,CON2,CON2_44469,2,2,CON2_2,2,CON2_2_2,2021-09-30,44469,WaterDispHdRMS,0.0015313028764805416
1542,CON2_2_44470,CON2,CON2_44470,2,2,CON2_2,2,CON2_2_2,2021-10-01,44470,WaterDispRMS,1.76
1542,CON2_2_44470,CON2,CON2_44470,2,2,CON2_2,2,CON2_2_2,2021-10-01,44470,WaterDispHdRMS,0.0014890016920473773
1543,CON2_2_44471,CON2,CON2_44471,2,2,CON2_2,2,CON2_2_2,2021-10-02,44471,WaterDispRMS,1.8
1543,CON2_2_44471,CON2,CON2_44471,2,2,CON2_2,2,CON2_2_2,2021-10-02,44471,WaterDispHdRMS,0.0015254237288135593
1544,CON2_2_44472,CON2,CON2_44472,2,2,CON2_2,2,CON2_2_2,2021-10-03,44472,WaterDispRMS,1.93
1544,CON2_2_44472,CON2,CON2_44472,2,2,CON2_2,2,CON2_2_2,2021-10-03,44472,WaterDispHdRMS,0.001635593220338983
1545,CON2_2_44473,CON2,CON2_44473,2,2,CON2_2,2,CON2_2_2,2021-10-04,44473,WaterDispRMS,1.92
1545,CON2_2_44473,CON2,CON2_44473,2,2,CON2_2,2,CON2_2_2,2021-10-04,44473,WaterDispHdRMS,0.0016271186440677966
1546,CON2_2_44474,CON2,CON2_44474,2,2,CON2_2,2,CON2_2_2,2021-10-05,44474,WaterDispRMS,1.93
1546,CON2_2_44474,CON2,CON2_44474,2,2,CON2_2,2,CON2_2_2,2021-10-05,44474,WaterDispHdRMS,0.001635593220338983
1547,CON2_2_44475,CON2,CON2_44475,2,2,CON2_2,2,CON2_2_2,2021-10-06,44475,WaterDispRMS,1.85
1547,CON2_2_44475,CON2,CON2_44475,2,2,CON2_2,2,CON2_2_2,2021-10-06,44475,WaterDispHdRMS,0.0015677966101694915
1548,CON2_2_44476,CON2,CON2_44476,2,2,CON2_2,2,CON2_2_2,2021-10-07,44476,WaterDispRMS,1.78
1548,CON2_2_44476,CON2,CON2_44476,2,2,CON2_2,2,CON2_2_2,2021-10-07,44476,WaterDispHdRMS,0.0015084745762711865
1549,CON2_2_44477,CON2,CON2_44477,2,2,CON2_2,2,CON2_2_2,2021-10-08,44477,WaterDispRMS,1.74
1549,CON2_2_44477,CON2,CON2_44477,2,2,CON2_2,2,CON2_2_2,2021-10-08,44477,WaterDispHdRMS,0.001475826972010178
1550,CON2_2_44478,CON2,CON2_44478,2,2,CON2_2,2,CON2_2_2,2021-10-09,44478,WaterDispRMS,1.69
1550,CON2_2_44478,CON2,CON2_44478,2,2,CON2_2,2,CON2_2_2,2021-10-09,44478,WaterDispHdRMS,0.0014334181509754029
1551,CON2_2_44479,CON2,CON2_44479,2,2,CON2_2,2,CON2_2_2,2021-10-10,44479,WaterDispRMS,1.67
1551,CON2_2_44479,CON2,CON2_44479,2,2,CON2_2,2,CON2_2_2,2021-10-10,44479,WaterDispHdRMS,0.0014176570458404073
1552,CON2_2_44480,CON2,CON2_44480,2,2,CON2_2,2,CON2_2_2,2021-10-11,44480,WaterDispRMS,1.7
1552,CON2_2_44480,CON2,CON2_44480,2,2,CON2_2,2,CON2_2_2,2021-10-11,44480,WaterDispHdRMS,0.001445578231292517
1553,CON2_2_44481,CON2,CON2_44481,2,2,CON2_2,2,CON2_2_2,2021-10-12,44481,WaterDispRMS,1.72
1553,CON2_2_44481,CON2,CON2_44481,2,2,CON2_2,2,CON2_2_2,2021-10-12,44481,WaterDispHdRMS,0.0014638297872340425
1554,CON2_2_44482,CON2,CON2_44482,2,2,CON2_2,2,CON2_2_2,2021-10-13,44482,WaterDispRMS,1.42
1554,CON2_2_44482,CON2,CON2_44482,2,2,CON2_2,2,CON2_2_2,2021-10-13,44482,WaterDispHdRMS,0.0012147134302822925
1555,CON2_2_44483,CON2,CON2_44483,2,2,CON2_2,2,CON2_2_2,2021-10-14,44483,WaterDispRMS,1.93
1555,CON2_2_44483,CON2,CON2_44483,2,2,CON2_2,2,CON2_2_2,2021-10-14,44483,WaterDispHdRMS,0.00165098374679213
1556,CON2_2_44484,CON2,CON2_44484,2,2,CON2_2,2,CON2_2_2,2021-10-15,44484,WaterDispRMS,1.81
1556,CON2_2_44484,CON2,CON2_44484,2,2,CON2_2,2,CON2_2_2,2021-10-15,44484,WaterDispHdRMS,0.0015483319076133447
1557,CON2_2_44485,CON2,CON2_44485,2,2,CON2_2,2,CON2_2_2,2021-10-16,44485,WaterDispRMS,1.82
1557,CON2_2_44485,CON2,CON2_44485,2,2,CON2_2,2,CON2_2_2,2021-10-16,44485,WaterDispHdRMS,0.0015568862275449102
1558,CON2_2_44486,CON2,CON2_44486,2,2,CON2_2,2,CON2_2_2,2021-10-17,44486,WaterDispRMS,1.82
1558,CON2_2_44486,CON2,CON2_44486,2,2,CON2_2,2,CON2_2_2,2021-10-17,44486,WaterDispHdRMS,0.0015568862275449102
1559,CON2_2_44487,CON2,CON2_44487,2,2,CON2_2,2,CON2_2_2,2021-10-18,44487,WaterDispRMS,1.83
1559,CON2_2_44487,CON2,CON2_44487,2,2,CON2_2,2,CON2_2_2,2021-10-18,44487,WaterDispHdRMS,0.0015654405474764756
1560,CON2_2_44488,CON2,CON2_44488,2,2,CON2_2,2,CON2_2_2,2021-10-19,44488,WaterDispRMS,1.85
1560,CON2_2_44488,CON2,CON2_44488,2,2,CON2_2,2,CON2_2_2,2021-10-19,44488,WaterDispHdRMS,0.001583904109589041
1561,CON2_2_44489,CON2,CON2_44489,2,2,CON2_2,2,CON2_2_2,2021-10-20,44489,WaterDispRMS,1.95
1561,CON2_2_44489,CON2,CON2_44489,2,2,CON2_2,2,CON2_2_2,2021-10-20,44489,WaterDispHdRMS,0.0016695205479452053
1562,CON2_2_44490,CON2,CON2_44490,2,2,CON2_2,2,CON2_2_2,2021-10-21,44490,WaterDispRMS,1.72
1562,CON2_2_44490,CON2,CON2_44490,2,2,CON2_2,2,CON2_2_2,2021-10-21,44490,WaterDispHdRMS,0.0014726027397260273
1563,CON2_2_44491,CON2,CON2_44491,2,2,CON2_2,2,CON2_2_2,2021-10-22,44491,WaterDispRMS,1.76
1563,CON2_2_44491,CON2,CON2_44491,2,2,CON2_2,2,CON2_2_2,2021-10-22,44491,WaterDispHdRMS,0.0015068493150684932
1564,CON2_2_44492,CON2,CON2_44492,2,2,CON2_2,2,CON2_2_2,2021-10-23,44492,WaterDispRMS,1.79
1564,CON2_2_44492,CON2,CON2_44492,2,2,CON2_2,2,CON2_2_2,2021-10-23,44492,WaterDispHdRMS,0.0015325342465753425
1565,CON2_2_44493,CON2,CON2_44493,2,2,CON2_2,2,CON2_2_2,2021-10-24,44493,WaterDispRMS,1.72
1565,CON2_2_44493,CON2,CON2_44493,2,2,CON2_2,2,CON2_2_2,2021-10-24,44493,WaterDispHdRMS,0.0014776632302405499
1566,CON2_2_44494,CON2,CON2_44494,2,2,CON2_2,2,CON2_2_2,2021-10-25,44494,WaterDispRMS,1.85
1566,CON2_2_44494,CON2,CON2_44494,2,2,CON2_2,2,CON2_2_2,2021-10-25,44494,WaterDispHdRMS,0.0018226600985221677
1567,CON2_2_44495,CON2,CON2_44495,2,2,CON2_2,2,CON2_2_2,2021-10-26,44495,WaterDispRMS,1.67
1567,CON2_2_44495,CON2,CON2_44495,2,2,CON2_2,2,CON2_2_2,2021-10-26,44495,WaterDispHdRMS,0.0016453201970443349
1568,CON2_2_44496,CON2,CON2_44496,2,2,CON2_2,2,CON2_2_2,2021-10-27,44496,WaterDispRMS,1.69
1568,CON2_2_44496,CON2,CON2_44496,2,2,CON2_2,2,CON2_2_2,2021-10-27,44496,WaterDispHdRMS,0.0016716122650840752
1569,CON2_2_44497,CON2,CON2_44497,2,2,CON2_2,2,CON2_2_2,2021-10-28,44497,WaterDispRMS,1.34
1569,CON2_2_44497,CON2,CON2_44497,2,2,CON2_2,2,CON2_2_2,2021-10-28,44497,WaterDispHdRMS,0.0013293650793650795
1570,CON2_2_44498,CON2,CON2_44498,2,2,CON2_2,2,CON2_2_2,2021-10-29,44498,WaterDispRMS,1.26
1570,CON2_2_44498,CON2,CON2_44498,2,2,CON2_2,2,CON2_2_2,2021-10-29,44498,WaterDispHdRMS,0.0013070539419087136
1571,CON2_2_44499,CON2,CON2_44499,2,2,CON2_2,2,CON2_2_2,2021-10-30,44499,WaterDispRMS,1.33
1571,CON2_2_44499,CON2,CON2_44499,2,2,CON2_2,2,CON2_2_2,2021-10-30,44499,WaterDispHdRMS,0.0013811007268951195
1572,CON2_2_44500,CON2,CON2_44500,2,2,CON2_2,2,CON2_2_2,2021-10-31,44500,WaterDispRMS,1.45
1572,CON2_2_44500,CON2,CON2_44500,2,2,CON2_2,2,CON2_2_2,2021-10-31,44500,WaterDispHdRMS,0.0015057113187954309
1573,CON2_2_44501,CON2,CON2_44501,2,2,CON2_2,2,CON2_2_2,2021-11-01,44501,WaterDispRMS,1.53
1573,CON2_2_44501,CON2,CON2_44501,2,2,CON2_2,2,CON2_2_2,2021-11-01,44501,WaterDispHdRMS,0.001588785046728972
1574,CON2_2_44502,CON2,CON2_44502,2,2,CON2_2,2,CON2_2_2,2021-11-02,44502,WaterDispRMS,1.57
1574,CON2_2_44502,CON2,CON2_44502,2,2,CON2_2,2,CON2_2_2,2021-11-02,44502,WaterDispHdRMS,0.0016303219106957425
1575,CON2_2_44503,CON2,CON2_44503,2,2,CON2_2,2,CON2_2_2,2021-11-03,44503,WaterDispRMS,1.52
1575,CON2_2_44503,CON2,CON2_44503,2,2,CON2_2,2,CON2_2_2,2021-11-03,44503,WaterDispHdRMS,0.0016795580110497237
1576,CON2_2_44504,CON2,CON2_44504,2,2,CON2_2,2,CON2_2_2,2021-11-04,44504,WaterDispRMS,1.52
1576,CON2_2_44504,CON2,CON2_44504,2,2,CON2_2,2,CON2_2_2,2021-11-04,44504,WaterDispHdRMS,0.0016795580110497237
1577,CON2_2_44505,CON2,CON2_44505,2,2,CON2_2,2,CON2_2_2,2021-11-05,44505,WaterDispRMS,1.59
1577,CON2_2_44505,CON2,CON2_44505,2,2,CON2_2,2,CON2_2_2,2021-11-05,44505,WaterDispHdRMS,0.001929611650485437
1578,CON2_2_44506,CON2,CON2_44506,2,2,CON2_2,2,CON2_2_2,2021-11-06,44506,WaterDispRMS,1.61
1578,CON2_2_44506,CON2,CON2_44506,2,2,CON2_2,2,CON2_2_2,2021-11-06,44506,WaterDispHdRMS,0.0019562575941676793
1579,CON2_2_44507,CON2,CON2_44507,2,2,CON2_2,2,CON2_2_2,2021-11-07,44507,WaterDispRMS,1.55
1579,CON2_2_44507,CON2,CON2_44507,2,2,CON2_2,2,CON2_2_2,2021-11-07,44507,WaterDispHdRMS,0.0018856447688564478
1748,G1TC_1_44383,G1TC,G1TC_44383,1,1,G1TC_1,1,G1TC_1_1,2021-07-06,44383,WaterDispRMS,40
1748,G1TC_1_44383,G1TC,G1TC_44383,1,1,G1TC_1,1,G1TC_1_1,2021-07-06,44383,WaterDispHdRMS,4
1749,G1TC_1_44384,G1TC,G1TC_44384,1,1,G1TC_1,1,G1TC_1_1,2021-07-07,44384,WaterDispRMS,60
1749,G1TC_1_44384,G1TC,G1TC_44384,1,1,G1TC_1,1,G1TC_1_1,2021-07-07,44384,WaterDispHdRMS,6
1750,G1TC_1_44385,G1TC,G1TC_44385,1,1,G1TC_1,1,G1TC_1_1,2021-07-08,44385,WaterDispRMS,60
1750,G1TC_1_44385,G1TC,G1TC_44385,1,1,G1TC_1,1,G1TC_1_1,2021-07-08,44385,WaterDispHdRMS,6
1939,G1TC_2_44318,G1TC,G1TC_44318,2,2,G1TC_2,1,G1TC_2_1,2021-05-02,44318,WaterDispVC,6759
1939,G1TC_2_44318,G1TC,G1TC_44318,2,2,G1TC_2,1,G1TC_2_1,2021-05-02,44318,WaterDispHdVC,3.6673901247965275
1940,G1TC_2_44319,G1TC,G1TC_44319,2,2,G1TC_2,1,G1TC_2_1,2021-05-03,44319,WaterDispRMS,7950
1940,G1TC_2_44319,G1TC,G1TC_44319,2,2,G1TC_2,1,G1TC_2_1,2021-05-03,44319,WaterDispHdRMS,4.313619099294629
1940,G1TC_2_44319,G1TC,G1TC_44319,2,2,G1TC_2,1,G1TC_2_1,2021-05-03,44319,WaterDispVC,6386
1940,G1TC_2_44319,G1TC,G1TC_44319,2,2,G1TC_2,1,G1TC_2_1,2021-05-03,44319,WaterDispHdVC,3.465002712967987
1958,G1TC_2_44337,G1TC,G1TC_44337,2,2,G1TC_2,1,G1TC_2_1,2021-05-21,44337,WaterDispRMS,7050
1958,G1TC_2_44337,G1TC,G1TC_44337,2,2,G1TC_2,1,G1TC_2_1,2021-05-21,44337,WaterDispHdRMS,3.8524590163934427
2165,HOTC_1_44294,HOTC,HOTC_44294,1,7,HOTC_1,1,HOTC_1_1,2021-04-08,44294,Euth,1
2165,HOTC_1_44294,HOTC,HOTC_44294,1,7,HOTC_1,1,HOTC_1_1,2021-04-08,44294,EuthProportion,0.25
2165,HOTC_1_44294,HOTC,HOTC_44294,1,7,HOTC_1,1,HOTC_1_1,2021-04-08,44294,TotalMortality,1
2165,HOTC_1_44294,HOTC,HOTC_44294,1,7,HOTC_1,1,HOTC_1_1,2021-04-08,44294,TotalMortalityProportion,0.25
2165,HOTC_1_44294,HOTC,HOTC_44294,1,7,HOTC_1,1,HOTC_1_1,2021-04-08,44294,WaterDispRMS,0
2165,HOTC_1_44294,HOTC,HOTC_44294,1,7,HOTC_1,1,HOTC_1_1,2021-04-08,44294,WaterDispHdRMS,0
2165,HOTC_1_44294,HOTC,HOTC_44294,1,7,HOTC_1,1,HOTC_1_1,2021-04-08,44294,WaterDispVC,1346
2165,HOTC_1_44294,HOTC,HOTC_44294,1,7,HOTC_1,1,HOTC_1_1,2021-04-08,44294,WaterDispHdVC,336.5
2166,HOTC_1_44295,HOTC,HOTC_44295,1,7,HOTC_1,1,HOTC_1_1,2021-04-09,44295,Days,72
2166,HOTC_1_44295,HOTC,HOTC_44295,1,7,HOTC_1,1,HOTC_1_1,2021-04-09,44295,Marketing,0
2166,HOTC_1_44295,HOTC,HOTC_44295,1,7,HOTC_1,1,HOTC_1_1,2021-04-09,44295,Penicillin,0
2166,HOTC_1_44295,HOTC,HOTC_44295,1,7,HOTC_1,1,HOTC_1_1,2021-04-09,44295,Dexamethasone,0
2166,HOTC_1_44295,HOTC,HOTC_44295,1,7,HOTC_1,1,HOTC_1_1,2021-04-09,44295,Ceftiofur,0
2166,HOTC_1_44295,HOTC,HOTC_44295,1,7,HOTC_1,1,HOTC_1_1,2021-04-09,44295,Enroflaxin,0
2166,HOTC_1_44295,HOTC,HOTC_44295,1,7,HOTC_1,1,HOTC_1_1,2021-04-09,44295,Tetracycline,0
2166,HOTC_1_44295,HOTC,HOTC_44295,1,7,HOTC_1,1,HOTC_1_1,2021-04-09,44295,Lincomycin,0
2166,HOTC_1_44295,HOTC,HOTC_44295,1,7,HOTC_1,1,HOTC_1_1,2021-04-09,44295,OtherTreatments,0
2166,HOTC_1_44295,HOTC,HOTC_44295,1,7,HOTC_1,1,HOTC_1_1,2021-04-09,44295,PrimaryRespiratory,0
2166,HOTC_1_44295,HOTC,HOTC_44295,1,7,HOTC_1,1,HOTC_1_1,2021-04-09,44295,SecondaryRespiratory,0
2166,HOTC_1_44295,HOTC,HOTC_44295,1,7,HOTC_1,1,HOTC_1_1,2021-04-09,44295,TotalTreatments,0
2166,HOTC_1_44295,HOTC,HOTC_44295,1,7,HOTC_1,1,HOTC_1_1,2021-04-09,44295,WaterMedications,0
2166,HOTC_1_44295,HOTC,HOTC_44295,1,7,HOTC_1,1,HOTC_1_1,2021-04-09,44295,WaterDispRMS,101
2166,HOTC_1_44295,HOTC,HOTC_44295,1,7,HOTC_1,1,HOTC_1_1,2021-04-09,44295,SetPointRMS,67
2166,HOTC_1_44295,HOTC,HOTC_44295,1,7,HOTC_1,1,HOTC_1_1,2021-04-09,44295,LowTempRMS,64.6
2166,HOTC_1_44295,HOTC,HOTC_44295,1,7,HOTC_1,1,HOTC_1_1,2021-04-09,44295,HiTempRMS,80.2
2166,HOTC_1_44295,HOTC,HOTC_44295,1,7,HOTC_1,1,HOTC_1_1,2021-04-09,44295,TempRangeRMS,15.600000000000009
2166,HOTC_1_44295,HOTC,HOTC_44295,1,7,HOTC_1,1,HOTC_1_1,2021-04-09,44295,LowTempSetPointDeviationRMS,2.4000000000000057
2166,HOTC_1_44295,HOTC,HOTC_44295,1,7,HOTC_1,1,HOTC_1_1,2021-04-09,44295,HiTempSetPointDeviationRMS,-13.200000000000003
2166,HOTC_1_44295,HOTC,HOTC_44295,1,7,HOTC_1,1,HOTC_1_1,2021-04-09,44295,LowTempVC,63.42020035
2166,HOTC_1_44295,HOTC,HOTC_44295,1,7,HOTC_1,1,HOTC_1_1,2021-04-09,44295,AvgTempVC,69.70197672
2166,HOTC_1_44295,HOTC,HOTC_44295,1,7,HOTC_1,1,HOTC_1_1,2021-04-09,44295,HiTempVC,81.54989624
2166,HOTC_1_44295,HOTC,HOTC_44295,1,7,HOTC_1,1,HOTC_1_1,2021-04-09,44295,TempRangeVC,18.129695889999994
2167,HOTC_1_44296,HOTC,HOTC_44296,1,7,HOTC_1,1,HOTC_1_1,2021-04-10,44296,Days,73
2167,HOTC_1_44296,HOTC,HOTC_44296,1,7,HOTC_1,1,HOTC_1_1,2021-04-10,44296,Marketing,0
2167,HOTC_1_44296,HOTC,HOTC_44296,1,7,HOTC_1,1,HOTC_1_1,2021-04-10,44296,Penicillin,0
2167,HOTC_1_44296,HOTC,HOTC_44296,1,7,HOTC_1,1,HOTC_1_1,2021-04-10,44296,Dexamethasone,0
2167,HOTC_1_44296,HOTC,HOTC_44296,1,7,HOTC_1,1,HOTC_1_1,2021-04-10,44296,Ceftiofur,0
2167,HOTC_1_44296,HOTC,HOTC_44296,1,7,HOTC_1,1,HOTC_1_1,2021-04-10,44296,Enroflaxin,0
2167,HOTC_1_44296,HOTC,HOTC_44296,1,7,HOTC_1,1,HOTC_1_1,2021-04-10,44296,Tetracycline,0
2167,HOTC_1_44296,HOTC,HOTC_44296,1,7,HOTC_1,1,HOTC_1_1,2021-04-10,44296,Lincomycin,0
2167,HOTC_1_44296,HOTC,HOTC_44296,1,7,HOTC_1,1,HOTC_1_1,2021-04-10,44296,OtherTreatments,0
2167,HOTC_1_44296,HOTC,HOTC_44296,1,7,HOTC_1,1,HOTC_1_1,2021-04-10,44296,PrimaryRespiratory,0
2167,HOTC_1_44296,HOTC,HOTC_44296,1,7,HOTC_1,1,HOTC_1_1,2021-04-10,44296,SecondaryRespiratory,0
2167,HOTC_1_44296,HOTC,HOTC_44296,1,7,HOTC_1,1,HOTC_1_1,2021-04-10,44296,TotalTreatments,0
2167,HOTC_1_44296,HOTC,HOTC_44296,1,7,HOTC_1,1,HOTC_1_1,2021-04-10,44296,WaterMedications,0
2167,HOTC_1_44296,HOTC,HOTC_44296,1,7,HOTC_1,1,HOTC_1_1,2021-04-10,44296,WaterDispRMS,0
2167,HOTC_1_44296,HOTC,HOTC_44296,1,7,HOTC_1,1,HOTC_1_1,2021-04-10,44296,SetPointRMS,67
2167,HOTC_1_44296,HOTC,HOTC_44296,1,7,HOTC_1,1,HOTC_1_1,2021-04-10,44296,LowTempRMS,64.7
2167,HOTC_1_44296,HOTC,HOTC_44296,1,7,HOTC_1,1,HOTC_1_1,2021-04-10,44296,HiTempRMS,67.2
2167,HOTC_1_44296,HOTC,HOTC_44296,1,7,HOTC_1,1,HOTC_1_1,2021-04-10,44296,TempRangeRMS,2.5
2167,HOTC_1_44296,HOTC,HOTC_44296,1,7,HOTC_1,1,HOTC_1_1,2021-04-10,44296,LowTempSetPointDeviationRMS,2.299999999999997
2167,HOTC_1_44296,HOTC,HOTC_44296,1,7,HOTC_1,1,HOTC_1_1,2021-04-10,44296,HiTempSetPointDeviationRMS,-0.20000000000000284
2167,HOTC_1_44296,HOTC,HOTC_44296,1,7,HOTC_1,1,HOTC_1_1,2021-04-10,44296,LowTempVC,64.09629822
2167,HOTC_1_44296,HOTC,HOTC_44296,1,7,HOTC_1,1,HOTC_1_1,2021-04-10,44296,AvgTempVC,68.02529771
2167,HOTC_1_44296,HOTC,HOTC_44296,1,7,HOTC_1,1,HOTC_1_1,2021-04-10,44296,HiTempVC,78.85919952
2167,HOTC_1_44296,HOTC,HOTC_44296,1,7,HOTC_1,1,HOTC_1_1,2021-04-10,44296,TempRangeVC,14.76290130000001
2168,HOTC_1_44297,HOTC,HOTC_44297,1,7,HOTC_1,1,HOTC_1_1,2021-04-11,44297,Days,74
2168,HOTC_1_44297,HOTC,HOTC_44297,1,7,HOTC_1,1,HOTC_1_1,2021-04-11,44297,Marketing,0
2168,HOTC_1_44297,HOTC,HOTC_44297,1,7,HOTC_1,1,HOTC_1_1,2021-04-11,44297,Penicillin,0
2168,HOTC_1_44297,HOTC,HOTC_44297,1,7,HOTC_1,1,HOTC_1_1,2021-04-11,44297,Dexamethasone,0
2168,HOTC_1_44297,HOTC,HOTC_44297,1,7,HOTC_1,1,HOTC_1_1,2021-04-11,44297,Ceftiofur,0
2168,HOTC_1_44297,HOTC,HOTC_44297,1,7,HOTC_1,1,HOTC_1_1,2021-04-11,44297,Enroflaxin,0
2168,HOTC_1_44297,HOTC,HOTC_44297,1,7,HOTC_1,1,HOTC_1_1,2021-04-11,44297,Tetracycline,0
2168,HOTC_1_44297,HOTC,HOTC_44297,1,7,HOTC_1,1,HOTC_1_1,2021-04-11,44297,Lincomycin,0
2168,HOTC_1_44297,HOTC,HOTC_44297,1,7,HOTC_1,1,HOTC_1_1,2021-04-11,44297,OtherTreatments,0
2168,HOTC_1_44297,HOTC,HOTC_44297,1,7,HOTC_1,1,HOTC_1_1,2021-04-11,44297,PrimaryRespiratory,0
2168,HOTC_1_44297,HOTC,HOTC_44297,1,7,HOTC_1,1,HOTC_1_1,2021-04-11,44297,SecondaryRespiratory,0
2168,HOTC_1_44297,HOTC,HOTC_44297,1,7,HOTC_1,1,HOTC_1_1,2021-04-11,44297,TotalTreatments,0
2168,HOTC_1_44297,HOTC,HOTC_44297,1,7,HOTC_1,1,HOTC_1_1,2021-04-11,44297,WaterMedications,0
2168,HOTC_1_44297,HOTC,HOTC_44297,1,7,HOTC_1,1,HOTC_1_1,2021-04-11,44297,WaterDispRMS,0
2168,HOTC_1_44297,HOTC,HOTC_44297,1,7,HOTC_1,1,HOTC_1_1,2021-04-11,44297,SetPointRMS,66.9
2168,HOTC_1_44297,HOTC,HOTC_44297,1,7,HOTC_1,1,HOTC_1_1,2021-04-11,44297,LowTempRMS,64.6
2168,HOTC_1_44297,HOTC,HOTC_44297,1,7,HOTC_1,1,HOTC_1_1,2021-04-11,44297,HiTempRMS,71.4
2168,HOTC_1_44297,HOTC,HOTC_44297,1,7,HOTC_1,1,HOTC_1_1,2021-04-11,44297,TempRangeRMS,6.800000000000011
2168,HOTC_1_44297,HOTC,HOTC_44297,1,7,HOTC_1,1,HOTC_1_1,2021-04-11,44297,LowTempSetPointDeviationRMS,2.3000000000000114
2168,HOTC_1_44297,HOTC,HOTC_44297,1,7,HOTC_1,1,HOTC_1_1,2021-04-11,44297,HiTempSetPointDeviationRMS,-4.5
2168,HOTC_1_44297,HOTC,HOTC_44297,1,7,HOTC_1,1,HOTC_1_1,2021-04-11,44297,LowTempVC,63.10369873
2168,HOTC_1_44297,HOTC,HOTC_44297,1,7,HOTC_1,1,HOTC_1_1,2021-04-11,44297,AvgTempVC,67.04702497
2168,HOTC_1_44297,HOTC,HOTC_44297,1,7,HOTC_1,1,HOTC_1_1,2021-04-11,44297,HiTempVC,71.89710236
2168,HOTC_1_44297,HOTC,HOTC_44297,1,7,HOTC_1,1,HOTC_1_1,2021-04-11,44297,TempRangeVC,8.793403630000007
2169,HOTC_1_44298,HOTC,HOTC_44298,1,7,HOTC_1,1,HOTC_1_1,2021-04-12,44298,WaterDispRMS,23
2169,HOTC_1_44298,HOTC,HOTC_44298,1,7,HOTC_1,1,HOTC_1_1,2021-04-12,44298,WaterDispHdRMS,0.08455882352941177
2301,HOTC_1_44430,HOTC,HOTC_44430,1,7,HOTC_1,1,HOTC_1_1,2021-08-22,44430,WaterDispRMS,10
2301,HOTC_1_44430,HOTC,HOTC_44430,1,7,HOTC_1,1,HOTC_1_1,2021-08-22,44430,WaterDispHdRMS,0.07633587786259542
2302,HOTC_1_44431,HOTC,HOTC_44431,1,7,HOTC_1,1,HOTC_1_1,2021-08-23,44431,WaterDispRMS,8
2302,HOTC_1_44431,HOTC,HOTC_44431,1,7,HOTC_1,1,HOTC_1_1,2021-08-23,44431,WaterDispHdRMS,0.061068702290076333
2303,HOTC_1_44432,HOTC,HOTC_44432,1,7,HOTC_1,1,HOTC_1_1,2021-08-24,44432,WaterDispRMS,5
2303,HOTC_1_44432,HOTC,HOTC_44432,1,7,HOTC_1,1,HOTC_1_1,2021-08-24,44432,WaterDispHdRMS,0.05263157894736842
2304,HOTC_1_44433,HOTC,HOTC_44433,1,7,HOTC_1,1,HOTC_1_1,2021-08-25,44433,WaterDispVC,3
2304,HOTC_1_44433,HOTC,HOTC_44433,1,7,HOTC_1,1,HOTC_1_1,2021-08-25,44433,WaterDispHdVC,0.031578947368421054
2305,HOTC_1_44446,HOTC,HOTC_44446,1,7,HOTC_1,2,HOTC_1_2,2021-09-07,44446,WaterDispRMS,41
2305,HOTC_1_44446,HOTC,HOTC_44446,1,7,HOTC_1,2,HOTC_1_2,2021-09-07,44446,WaterDispHdRMS,0.03516295025728988
2305,HOTC_1_44446,HOTC,HOTC_44446,1,7,HOTC_1,2,HOTC_1_2,2021-09-07,44446,WaterDispVC,32
2305,HOTC_1_44446,HOTC,HOTC_44446,1,7,HOTC_1,2,HOTC_1_2,2021-09-07,44446,WaterDispHdVC,0.0274442538593482
2306,HOTC_1_44447,HOTC,HOTC_44447,1,7,HOTC_1,2,HOTC_1_2,2021-09-08,44447,WaterDispRMS,20
2306,HOTC_1_44447,HOTC,HOTC_44447,1,7,HOTC_1,2,HOTC_1_2,2021-09-08,44447,WaterDispHdRMS,0.017006802721088437
2306,HOTC_1_44447,HOTC,HOTC_44447,1,7,HOTC_1,2,HOTC_1_2,2021-09-08,44447,WaterDispVC,34
2306,HOTC_1_44447,HOTC,HOTC_44447,1,7,HOTC_1,2,HOTC_1_2,2021-09-08,44447,WaterDispHdVC,0.02891156462585034
2307,HOTC_1_44448,HOTC,HOTC_44448,1,7,HOTC_1,2,HOTC_1_2,2021-09-09,44448,WaterDispRMS,37
2307,HOTC_1_44448,HOTC,HOTC_44448,1,7,HOTC_1,2,HOTC_1_2,2021-09-09,44448,WaterDispHdRMS,0.01575809199318569
2307,HOTC_1_44448,HOTC,HOTC_44448,1,7,HOTC_1,2,HOTC_1_2,2021-09-09,44448,WaterDispVC,28
2307,HOTC_1_44448,HOTC,HOTC_44448,1,7,HOTC_1,2,HOTC_1_2,2021-09-09,44448,WaterDispHdVC,0.01192504258943782
2308,HOTC_1_44449,HOTC,HOTC_44449,1,7,HOTC_1,2,HOTC_1_2,2021-09-10,44449,WaterDispRMS,44
2308,HOTC_1_44449,HOTC,HOTC_44449,1,7,HOTC_1,2,HOTC_1_2,2021-09-10,44449,WaterDispHdRMS,0.012510662496445835
2308,HOTC_1_44449,HOTC,HOTC_44449,1,7,HOTC_1,2,HOTC_1_2,2021-09-10,44449,WaterDispVC,85
2308,HOTC_1_44449,HOTC,HOTC_44449,1,7,HOTC_1,2,HOTC_1_2,2021-09-10,44449,WaterDispHdVC,0.024168325277224907
2309,HOTC_1_44450,HOTC,HOTC_44450,1,7,HOTC_1,2,HOTC_1_2,2021-09-11,44450,WaterDispRMS,194
2309,HOTC_1_44450,HOTC,HOTC_44450,1,7,HOTC_1,2,HOTC_1_2,2021-09-11,44450,WaterDispHdRMS,0.055176336746302616
2309,HOTC_1_44450,HOTC,HOTC_44450,1,7,HOTC_1,2,HOTC_1_2,2021-09-11,44450,WaterDispVC,164
2309,HOTC_1_44450,HOTC,HOTC_44450,1,7,HOTC_1,2,HOTC_1_2,2021-09-11,44450,WaterDispHdVC,0.04664391353811149
2310,HOTC_1_44451,HOTC,HOTC_44451,1,7,HOTC_1,2,HOTC_1_2,2021-09-12,44451,WaterDispRMS,351
2310,HOTC_1_44451,HOTC,HOTC_44451,1,7,HOTC_1,2,HOTC_1_2,2021-09-12,44451,WaterDispHdRMS,0.09985775248933143
2310,HOTC_1_44451,HOTC,HOTC_44451,1,7,HOTC_1,2,HOTC_1_2,2021-09-12,44451,WaterDispVC,212
2310,HOTC_1_44451,HOTC,HOTC_44451,1,7,HOTC_1,2,HOTC_1_2,2021-09-12,44451,WaterDispHdVC,0.060312944523470836
2311,HOTC_1_44452,HOTC,HOTC_44452,1,7,HOTC_1,2,HOTC_1_2,2021-09-13,44452,WaterDispVC,335
2311,HOTC_1_44452,HOTC,HOTC_44452,1,7,HOTC_1,2,HOTC_1_2,2021-09-13,44452,WaterDispHdVC,0.08180708180708181
2312,HOTC_1_44453,HOTC,HOTC_44453,1,7,HOTC_1,2,HOTC_1_2,2021-09-14,44453,HiTempRMS,913
2312,HOTC_1_44453,HOTC,HOTC_44453,1,7,HOTC_1,2,HOTC_1_2,2021-09-14,44453,TempRangeRMS,830.8
2312,HOTC_1_44453,HOTC,HOTC_44453,1,7,HOTC_1,2,HOTC_1_2,2021-09-14,44453,HiTempSetPointDeviationRMS,-832
2317,HOTC_1_44458,HOTC,HOTC_44458,1,7,HOTC_1,2,HOTC_1_2,2021-09-19,44458,SetPointRMS,51
2317,HOTC_1_44458,HOTC,HOTC_44458,1,7,HOTC_1,2,HOTC_1_2,2021-09-19,44458,LowTempSetPointDeviationRMS,-30.799999999999997
2317,HOTC_1_44458,HOTC,HOTC_44458,1,7,HOTC_1,2,HOTC_1_2,2021-09-19,44458,HiTempSetPointDeviationRMS,-35.7
2327,HOTC_1_44468,HOTC,HOTC_44468,1,7,HOTC_1,2,HOTC_1_2,2021-09-29,44468,SetPointRMS,45.9
2327,HOTC_1_44468,HOTC,HOTC_44468,1,7,HOTC_1,2,HOTC_1_2,2021-09-29,44468,LowTempSetPointDeviationRMS,-32.00000000000001
2327,HOTC_1_44468,HOTC,HOTC_44468,1,7,HOTC_1,2,HOTC_1_2,2021-09-29,44468,HiTempSetPointDeviationRMS,-42.50000000000001
2328,HOTC_1_44469,HOTC,HOTC_44469,1,7,HOTC_1,2,HOTC_1_2,2021-09-30,44469,SetPointRMS,45.4
2328,HOTC_1_44469,HOTC,HOTC_44469,1,7,HOTC_1,2,HOTC_1_2,2021-09-30,44469,LowTempSetPointDeviationRMS,-32.1
2328,HOTC_1_44469,HOTC,HOTC_44469,1,7,HOTC_1,2,HOTC_1_2,2021-09-30,44469,HiTempSetPointDeviationRMS,-41.800000000000004
2364,HOTC_2_44236,HOTC,HOTC_44236,2,8,HOTC_2,1,HOTC_2_1,2021-02-09,44236,WaterDispRMS,174
2364,HOTC_2_44236,HOTC,HOTC_44236,2,8,HOTC_2,1,HOTC_2_1,2021-02-09,44236,WaterDispHdRMS,0.07841369986480397
2365,HOTC_2_44237,HOTC,HOTC_44237,2,8,HOTC_2,1,HOTC_2_1,2021-02-10,44237,WaterDispRMS,199
2365,HOTC_2_44237,HOTC,HOTC_44237,2,8,HOTC_2,1,HOTC_2_1,2021-02-10,44237,WaterDispHdRMS,0.0896800360522758
2366,HOTC_2_44238,HOTC,HOTC_44238,2,8,HOTC_2,1,HOTC_2_1,2021-02-11,44238,WaterDispRMS,186
2366,HOTC_2_44238,HOTC,HOTC_44238,2,8,HOTC_2,1,HOTC_2_1,2021-02-11,44238,WaterDispHdRMS,0.0496
2367,HOTC_2_44239,HOTC,HOTC_44239,2,8,HOTC_2,1,HOTC_2_1,2021-02-12,44239,WaterDispRMS,157
2367,HOTC_2_44239,HOTC,HOTC_44239,2,8,HOTC_2,1,HOTC_2_1,2021-02-12,44239,WaterDispHdRMS,0.04190018681611956
2368,HOTC_2_44240,HOTC,HOTC_44240,2,8,HOTC_2,1,HOTC_2_1,2021-02-13,44240,WaterDispRMS,65
2368,HOTC_2_44240,HOTC,HOTC_44240,2,8,HOTC_2,1,HOTC_2_1,2021-02-13,44240,WaterDispHdRMS,0.017361111111111112
2369,HOTC_2_44241,HOTC,HOTC_44241,2,8,HOTC_2,1,HOTC_2_1,2021-02-14,44241,WaterDispRMS,222
2369,HOTC_2_44241,HOTC,HOTC_44241,2,8,HOTC_2,1,HOTC_2_1,2021-02-14,44241,WaterDispHdRMS,0.05934242181234964
2370,HOTC_2_44242,HOTC,HOTC_44242,2,8,HOTC_2,1,HOTC_2_1,2021-02-15,44242,WaterDispRMS,346
2370,HOTC_2_44242,HOTC,HOTC_44242,2,8,HOTC_2,1,HOTC_2_1,2021-02-15,44242,WaterDispHdRMS,0.08277511961722488
2371,HOTC_2_44243,HOTC,HOTC_44243,2,8,HOTC_2,1,HOTC_2_1,2021-02-16,44243,WaterDispRMS,283
2371,HOTC_2_44243,HOTC,HOTC_44243,2,8,HOTC_2,1,HOTC_2_1,2021-02-16,44243,WaterDispHdRMS,0.06759016001910675
2406,HOTC_2_44278,HOTC,HOTC_44278,2,8,HOTC_2,1,HOTC_2_1,2021-03-23,44278,WaterDispRMS,164
2406,HOTC_2_44278,HOTC,HOTC_44278,2,8,HOTC_2,1,HOTC_2_1,2021-03-23,44278,WaterDispHdRMS,0.041890166028097066
2409,HOTC_2_44281,HOTC,HOTC_44281,2,8,HOTC_2,1,HOTC_2_1,2021-03-26,44281,Ceftiofur,627
2409,HOTC_2_44281,HOTC,HOTC_44281,2,8,HOTC_2,1,HOTC_2_1,2021-03-26,44281,CeftiofurProportion,0.16130692050424492
2409,HOTC_2_44281,HOTC,HOTC_44281,2,8,HOTC_2,1,HOTC_2_1,2021-03-26,44281,PrimaryRespiratory,627
2409,HOTC_2_44281,HOTC,HOTC_44281,2,8,HOTC_2,1,HOTC_2_1,2021-03-26,44281,PrimaryRespiratoryProportion,0.16130692050424492
2409,HOTC_2_44281,HOTC,HOTC_44281,2,8,HOTC_2,1,HOTC_2_1,2021-03-26,44281,TotalTreatments,640
2409,HOTC_2_44281,HOTC,HOTC_44281,2,8,HOTC_2,1,HOTC_2_1,2021-03-26,44281,TotalTreatmentsProportion,0.16465140210959608
2525,HOTC_2_44397,HOTC,HOTC_44397,2,8,HOTC_2,1,HOTC_2_1,2021-07-20,44397,LowTempRMS,70.5
2525,HOTC_2_44397,HOTC,HOTC_44397,2,8,HOTC_2,1,HOTC_2_1,2021-07-20,44397,HiTempRMS,6.6
2525,HOTC_2_44397,HOTC,HOTC_44397,2,8,HOTC_2,1,HOTC_2_1,2021-07-20,44397,TempRangeRMS,-63.9
2525,HOTC_2_44397,HOTC,HOTC_44397,2,8,HOTC_2,1,HOTC_2_1,2021-07-20,44397,LowTempSetPointDeviationRMS,-9.700000000000003
2525,HOTC_2_44397,HOTC,HOTC_44397,2,8,HOTC_2,1,HOTC_2_1,2021-07-20,44397,HiTempSetPointDeviationRMS,54.199999999999996
2564,HOTC_2_44447,HOTC,HOTC_44447,2,8,HOTC_2,2,HOTC_2_2,2021-09-08,44447,WaterDispRMS,69
2564,HOTC_2_44447,HOTC,HOTC_44447,2,8,HOTC_2,2,HOTC_2_2,2021-09-08,44447,WaterDispHdRMS,0.05511182108626198
2671,TPLJ_1_44331,TPLJ,TPLJ_44331,1,1,TPLJ_1,1,TPLJ_1_1,2021-05-15,44331,WaterDispRMS,7076
2671,TPLJ_1_44331,TPLJ,TPLJ_44331,1,1,TPLJ_1,1,TPLJ_1_1,2021-05-15,44331,WaterDispHdRMS,5.086987778576564
2740,TPLJ_1_44400,TPLJ,TPLJ_44400,1,1,TPLJ_1,1,TPLJ_1_1,2021-07-23,44400,WaterDispRMS,1096.5
2740,TPLJ_1_44400,TPLJ,TPLJ_44400,1,1,TPLJ_1,1,TPLJ_1_1,2021-07-23,44400,WaterDispHdRMS,4.3
2740,TPLJ_1_44400,TPLJ,TPLJ_44400,1,1,TPLJ_1,1,TPLJ_1_1,2021-07-23,44400,WaterDispVC,1097
2740,TPLJ_1_44400,TPLJ,TPLJ_44400,1,1,TPLJ_1,1,TPLJ_1_1,2021-07-23,44400,WaterDispHdVC,4.301960784313725
2748,TPLJ_1_44408,TPLJ,TPLJ_44408,1,1,TPLJ_1,1,TPLJ_1_1,2021-07-31,44408,Days,131
2748,TPLJ_1_44408,TPLJ,TPLJ_44408,1,1,TPLJ_1,1,TPLJ_1_1,2021-07-31,44408,Inventory,0
2748,TPLJ_1_44408,TPLJ,TPLJ_44408,1,1,TPLJ_1,1,TPLJ_1_1,2021-07-31,44408,InventoryChange,-147
2748,TPLJ_1_44408,TPLJ,TPLJ_44408,1,1,TPLJ_1,1,TPLJ_1_1,2021-07-31,44408,TotalInventoryChange,-251
2748,TPLJ_1_44408,TPLJ,TPLJ_44408,1,1,TPLJ_1,1,TPLJ_1_1,2021-07-31,44408,Marketing,1
2748,TPLJ_1_44408,TPLJ,TPLJ_44408,1,1,TPLJ_1,1,TPLJ_1_1,2021-07-31,44408,Euth,1
2748,TPLJ_1_44408,TPLJ,TPLJ_44408,1,1,TPLJ_1,1,TPLJ_1_1,2021-07-31,44408,EuthProportion,Inf
2748,TPLJ_1_44408,TPLJ,TPLJ_44408,1,1,TPLJ_1,1,TPLJ_1_1,2021-07-31,44408,Dead,0
2748,TPLJ_1_44408,TPLJ,TPLJ_44408,1,1,TPLJ_1,1,TPLJ_1_1,2021-07-31,44408,TotalMortality,1
2748,TPLJ_1_44408,TPLJ,TPLJ_44408,1,1,TPLJ_1,1,TPLJ_1_1,2021-07-31,44408,TotalMortalityProportion,Inf
2748,TPLJ_1_44408,TPLJ,TPLJ_44408,1,1,TPLJ_1,1,TPLJ_1_1,2021-07-31,44408,Penicillin,0
2748,TPLJ_1_44408,TPLJ,TPLJ_44408,1,1,TPLJ_1,1,TPLJ_1_1,2021-07-31,44408,Dexamethasone,0
2748,TPLJ_1_44408,TPLJ,TPLJ_44408,1,1,TPLJ_1,1,TPLJ_1_1,2021-07-31,44408,Ceftiofur,0
2748,TPLJ_1_44408,TPLJ,TPLJ_44408,1,1,TPLJ_1,1,TPLJ_1_1,2021-07-31,44408,Enroflaxin,0
2748,TPLJ_1_44408,TPLJ,TPLJ_44408,1,1,TPLJ_1,1,TPLJ_1_1,2021-07-31,44408,Tetracycline,0
2748,TPLJ_1_44408,TPLJ,TPLJ_44408,1,1,TPLJ_1,1,TPLJ_1_1,2021-07-31,44408,Lincomycin,0
2748,TPLJ_1_44408,TPLJ,TPLJ_44408,1,1,TPLJ_1,1,TPLJ_1_1,2021-07-31,44408,OtherTreatments,0
2748,TPLJ_1_44408,TPLJ,TPLJ_44408,1,1,TPLJ_1,1,TPLJ_1_1,2021-07-31,44408,PrimaryRespiratory,0
2748,TPLJ_1_44408,TPLJ,TPLJ_44408,1,1,TPLJ_1,1,TPLJ_1_1,2021-07-31,44408,SecondaryRespiratory,0
2748,TPLJ_1_44408,TPLJ,TPLJ_44408,1,1,TPLJ_1,1,TPLJ_1_1,2021-07-31,44408,TotalTreatments,0
2748,TPLJ_1_44408,TPLJ,TPLJ_44408,1,1,TPLJ_1,1,TPLJ_1_1,2021-07-31,44408,WaterMedications,0
2748,TPLJ_1_44408,TPLJ,TPLJ_44408,1,1,TPLJ_1,1,TPLJ_1_1,2021-07-31,44408,SetPointRMS,60
2748,TPLJ_1_44408,TPLJ,TPLJ_44408,1,1,TPLJ_1,1,TPLJ_1_1,2021-07-31,44408,LowTempRMS,70
2748,TPLJ_1_44408,TPLJ,TPLJ_44408,1,1,TPLJ_1,1,TPLJ_1_1,2021-07-31,44408,HiTempRMS,87
2748,TPLJ_1_44408,TPLJ,TPLJ_44408,1,1,TPLJ_1,1,TPLJ_1_1,2021-07-31,44408,TempRangeRMS,17
2748,TPLJ_1_44408,TPLJ,TPLJ_44408,1,1,TPLJ_1,1,TPLJ_1_1,2021-07-31,44408,LowTempSetPointDeviationRMS,-10
2748,TPLJ_1_44408,TPLJ,TPLJ_44408,1,1,TPLJ_1,1,TPLJ_1_1,2021-07-31,44408,HiTempSetPointDeviationRMS,-27
2748,TPLJ_1_44408,TPLJ,TPLJ_44408,1,1,TPLJ_1,1,TPLJ_1_1,2021-07-31,44408,LowTempVC,66.38410187
2748,TPLJ_1_44408,TPLJ,TPLJ_44408,1,1,TPLJ_1,1,TPLJ_1_1,2021-07-31,44408,AvgTempVC,73.31502958
2748,TPLJ_1_44408,TPLJ,TPLJ_44408,1,1,TPLJ_1,1,TPLJ_1_1,2021-07-31,44408,HiTempVC,80.42140198
2748,TPLJ_1_44408,TPLJ,TPLJ_44408,1,1,TPLJ_1,1,TPLJ_1_1,2021-07-31,44408,TempRangeVC,14.037300110000004
2751,TPLJ_1_44412,TPLJ,TPLJ_44412,1,1,TPLJ_1,2,TPLJ_1_2,2021-08-04,44412,WaterDispVC,13
2751,TPLJ_1_44412,TPLJ,TPLJ_44412,1,1,TPLJ_1,2,TPLJ_1_2,2021-08-04,44412,WaterDispHdVC,0.0429042904290429
2753,TPLJ_1_44414,TPLJ,TPLJ_44414,1,1,TPLJ_1,2,TPLJ_1_2,2021-08-06,44414,WaterDispVC,76
2753,TPLJ_1_44414,TPLJ,TPLJ_44414,1,1,TPLJ_1,2,TPLJ_1_2,2021-08-06,44414,WaterDispHdVC,0.036839554047503636
2754,TPLJ_1_44415,TPLJ,TPLJ_44415,1,1,TPLJ_1,2,TPLJ_1_2,2021-08-07,44415,WaterDispVC,78
2754,TPLJ_1_44415,TPLJ,TPLJ_44415,1,1,TPLJ_1,2,TPLJ_1_2,2021-08-07,44415,WaterDispHdVC,0.03780901599612215
2755,TPLJ_1_44416,TPLJ,TPLJ_44416,1,1,TPLJ_1,2,TPLJ_1_2,2021-08-08,44416,WaterDispVC,62
2755,TPLJ_1_44416,TPLJ,TPLJ_44416,1,1,TPLJ_1,2,TPLJ_1_2,2021-08-08,44416,WaterDispHdVC,0.022827687776141383
2869,TPLJ_2_44330,TPLJ,TPLJ_44330,2,2,TPLJ_2,1,TPLJ_2_1,2021-05-14,44330,LowTempRMS,72.3
2869,TPLJ_2_44330,TPLJ,TPLJ_44330,2,2,TPLJ_2,1,TPLJ_2_1,2021-05-14,44330,HiTempRMS,71.6
2869,TPLJ_2_44330,TPLJ,TPLJ_44330,2,2,TPLJ_2,1,TPLJ_2_1,2021-05-14,44330,TempRangeRMS,-0.7000000000000028
2869,TPLJ_2_44330,TPLJ,TPLJ_44330,2,2,TPLJ_2,1,TPLJ_2_1,2021-05-14,44330,LowTempSetPointDeviationRMS,-11.299999999999997
2869,TPLJ_2_44330,TPLJ,TPLJ_44330,2,2,TPLJ_2,1,TPLJ_2_1,2021-05-14,44330,HiTempSetPointDeviationRMS,-10.599999999999994
2945,TPLJ_2_44406,TPLJ,TPLJ_44406,2,2,TPLJ_2,1,TPLJ_2_1,2021-07-29,44406,WaterDispRMS,654.69
2945,TPLJ_2_44406,TPLJ,TPLJ_44406,2,2,TPLJ_2,1,TPLJ_2_1,2021-07-29,44406,WaterDispHdRMS,4.17
2959,TPLJ_2_44420,TPLJ,TPLJ_44420,2,2,TPLJ_2,2,TPLJ_2_2,2021-08-12,44420,WaterDispVC,152
2959,TPLJ_2_44420,TPLJ,TPLJ_44420,2,2,TPLJ_2,2,TPLJ_2_2,2021-08-12,44420,WaterDispHdVC,0.05100671140939597
