,Date (America/Chicago),"Masc_CON2_RM1_C Temp shock - color
 (MO202001-PRXSQLHL)","Masc_CON2_RM1_C Temp (°C) - data
 (MO202001-PRXSQLHL)","Masc_CON2_RM1_C ReHS - color
 (MO202001-PRXSQLHL)","Masc_CON2_RM1_C ReHS - data
 (MO202001-PRXSQLHL)","Masc_CON2_RM1_E Temp shock - color
 (MO201901-ZLBQ8MLB)","Masc_CON2_RM1_E Temp (°C) - data
 (MO201901-ZLBQ8MLB)","Masc_CON2_RM1_E ReHS - color
 (MO201901-ZLBQ8MLB)","Masc_CON2_RM1_E ReHS - data
 (MO201901-ZLBQ8MLB)","Masc_CON2_RM1_W Temp shock - color
 (MO202101-FDHQ4HCS)","Masc_CON2_RM1_W Temp (°C) - data
 (MO202101-FDHQ4HCS)","Masc_CON2_RM1_W ReHS - color
 (MO202101-FDHQ4HCS)","Masc_CON2_RM1_W ReHS - data
 (MO202101-FDHQ4HCS)","Masc_CON2_RM2_C Temp shock - color
 (MO202101-HCX6C8CH)","Masc_CON2_RM2_C Temp (°C) - data
 (MO202101-HCX6C8CH)","Masc_CON2_RM2_C ReHS - color
 (MO202101-HCX6C8CH)","Masc_CON2_RM2_C ReHS - data
 (MO202101-HCX6C8CH)","Masc_CON2_RM2_E Temp shock - color
 (MO201901-G5SZFQP7)","Masc_CON2_RM2_E Temp (°C) - data
 (MO201901-G5SZFQP7)","Masc_CON2_RM2_E ReHS - color
 (MO201901-G5SZFQP7)","Masc_CON2_RM2_E ReHS - data
 (MO201901-G5SZFQP7)","Masc_CON2_RM2_W Temp shock - color
 (MO201901-M27NVRN2)","Masc_CON2_RM2_W Temp (°C) - data
 (MO201901-M27NVRN2)","Masc_CON2_RM2_W ReHS - color
 (MO201901-M27NVRN2)","Masc_CON2_RM2_W ReHS - data
 (MO201901-M27NVRN2)"
0,2020-12-08,green,,blue,,green,,blue,,green,,blue,,green,,blue,,green,,blue,,green,,blue,
1,2020-12-09,green,,blue,,green,,blue,,green,,blue,,green,,blue,,green,,blue,,green,,blue,
2,2020-12-10,green,29.0,green,,green,29.0,green,,green,,green,,green,29.5,green,,green,31.0,green,,green,29.5,green,
3,2020-12-11,green,29.0,green,93.0,green,28.5,green,98.0,green,,green,,green,29.5,green,96.0,green,31.0,green,97.0,green,29.5,green,99.0
4,2020-12-12,green,29.0,green,94.0,green,29.0,green,95.0,green,,green,,green,29.5,green,97.0,green,30.0,green,98.0,green,29.0,green,96.0
5,2020-12-13,green,29.0,green,98.0,green,28.5,green,99.0,green,,green,,green,29.5,green,99.0,green,28.5,green,98.0,green,29.0,green,99.0
6,2020-12-14,green,29.0,green,98.0,green,28.5,green,98.0,green,,green,,green,29.5,green,99.0,green,28.0,green,96.0,green,28.5,green,99.0
7,2020-12-15,green,28.5,green,97.0,green,28.0,green,96.0,green,,green,,green,29.5,green,99.0,green,27.5,green,97.0,green,28.5,green,99.0
8,2020-12-16,green,28.0,green,96.0,green,28.0,green,98.0,green,,green,,green,29.0,green,99.0,green,28.0,green,97.0,green,28.5,green,99.0
9,2020-12-17,green,28.0,green,94.0,green,28.0,green,97.0,green,,green,,green,28.5,green,99.0,green,27.5,green,97.0,green,28.5,green,99.0
10,2020-12-18,green,27.5,green,94.0,green,28.0,green,98.0,green,,green,,green,28.5,green,99.0,green,27.5,green,98.0,green,28.5,green,99.0
11,2020-12-19,green,27.5,green,94.0,green,28.0,green,96.0,green,,green,,green,27.5,green,98.0,green,27.0,green,97.0,green,28.0,green,99.0
12,2020-12-20,green,27.0,green,97.0,green,27.5,green,97.0,green,,green,,green,27.0,green,97.0,green,27.0,green,98.0,green,28.0,green,98.0
13,2020-12-21,green,27.0,green,94.0,green,28.0,green,96.0,green,,green,,green,27.0,green,97.0,green,27.0,green,98.0,green,28.0,green,98.0
14,2020-12-22,green,26.0,green,96.0,green,27.5,green,99.0,green,,green,,green,26.5,green,96.0,green,26.5,green,96.0,green,27.5,green,98.0
15,2020-12-23,green,26.5,green,95.0,green,27.5,green,97.0,green,,green,,green,26.5,green,93.0,green,26.5,green,90.0,green,27.5,green,97.0
16,2020-12-24,green,26.5,green,95.0,green,27.0,green,95.0,green,,green,,green,26.5,green,85.0,green,25.5,green,81.0,green,27.0,green,92.0
17,2020-12-25,green,26.0,green,99.0,green,26.5,green,92.0,green,,green,,green,26.5,green,82.0,green,25.5,green,88.0,green,27.0,green,94.0
18,2020-12-26,green,25.5,green,95.0,green,27.0,green,95.0,green,,green,,green,26.0,green,82.0,green,26.0,green,80.0,green,27.0,green,88.0
19,2020-12-27,green,25.5,green,92.0,green,26.5,green,89.0,green,,green,,green,26.0,green,84.0,green,26.0,green,85.0,green,27.0,green,95.0
20,2020-12-28,green,25.5,green,94.0,green,26.5,green,93.0,green,,green,,green,26.0,green,84.0,green,25.5,green,89.0,green,26.5,green,93.0
21,2020-12-29,green,25.0,green,91.0,green,26.5,green,89.0,green,,green,,green,25.5,green,82.0,green,25.5,yellow,74.0,green,26.5,green,95.0
22,2020-12-30,green,25.0,green,85.0,green,26.5,green,86.0,green,,green,,green,25.5,green,74.0,green,25.5,green,56.0,green,26.5,green,91.0
23,2020-12-31,green,25.0,green,91.0,green,26.0,green,86.0,green,,green,,green,25.5,green,85.0,green,25.0,green,84.0,green,26.5,green,92.0
24,2021-01-01,green,25.0,green,86.0,green,26.0,green,76.0,green,,green,,green,25.5,green,84.0,green,25.5,green,75.0,green,26.5,green,95.0
25,2021-01-02,green,24.5,green,78.0,green,25.5,green,68.0,green,,green,,green,25.5,green,76.0,green,25.0,yellow,67.0,green,26.5,green,94.0
26,2021-01-03,green,24.0,green,84.0,green,25.0,green,86.0,green,,green,,green,25.0,green,78.0,green,25.0,yellow,56.0,green,26.5,green,91.0
27,2021-01-04,green,24.0,green,82.0,green,25.5,green,90.0,green,,green,,green,25.0,green,79.0,green,26.0,green,55.0,green,27.0,green,89.0
28,2021-01-05,green,23.5,green,91.0,green,25.5,green,95.0,green,,green,,green,25.0,green,83.0,green,25.5,yellow,70.0,green,26.5,green,93.0
29,2021-01-06,green,23.0,green,89.0,green,25.5,green,91.0,green,,green,,green,25.0,green,76.0,green,26.0,green,57.0,green,27.0,green,93.0
30,2021-01-07,green,23.0,green,92.0,green,25.0,green,96.0,green,,green,,green,24.5,green,72.0,green,25.5,green,64.0,green,26.5,green,95.0
31,2021-01-08,green,23.5,green,75.0,green,25.5,green,84.0,green,,green,,green,25.0,green,82.0,green,25.5,green,77.0,green,27.0,green,91.0
32,2021-01-09,green,23.5,green,72.0,green,25.0,green,79.0,green,,green,,green,24.5,green,89.0,green,25.0,green,84.0,green,26.0,green,95.0
33,2021-01-10,green,23.5,green,77.0,green,25.5,green,84.0,green,,green,,green,24.0,green,91.0,green,25.0,green,84.0,green,26.0,green,92.0
34,2021-01-11,green,23.0,green,74.0,green,25.5,green,87.0,green,,green,,green,24.0,green,88.0,green,25.5,green,90.0,green,26.0,green,98.0
35,2021-01-12,green,23.0,green,80.0,green,25.0,green,90.0,green,,green,,green,24.0,green,89.0,green,25.5,green,83.0,green,26.5,green,91.0
36,2021-01-13,green,23.5,green,80.0,green,25.0,green,92.0,green,,green,,green,24.5,green,84.0,green,26.0,green,80.0,green,26.0,green,92.0
37,2021-01-14,green,24.0,green,84.0,green,25.0,green,92.0,green,,green,,green,25.0,green,78.0,green,25.5,green,74.0,green,26.5,green,85.0
38,2021-01-15,green,22.5,yellow,84.0,green,24.5,green,95.0,green,,yellow,,green,24.0,green,74.0,green,24.5,yellow,76.0,green,26.0,green,88.0
39,2021-01-16,green,23.5,green,56.0,green,25.0,green,75.0,green,,green,,green,24.0,green,68.0,green,24.5,green,56.0,green,25.5,green,80.0
40,2021-01-17,green,23.5,green,64.0,green,25.0,green,82.0,green,,green,,green,24.0,green,72.0,green,24.5,green,64.0,green,26.0,green,79.0
41,2021-01-18,green,23.0,green,74.0,green,24.5,green,84.0,green,,green,,green,23.5,green,75.0,green,24.5,green,72.0,green,26.0,green,85.0
42,2021-01-19,green,23.0,green,80.0,green,24.5,green,91.0,green,,green,,green,23.5,green,86.0,green,24.0,green,81.0,green,26.0,green,82.0
43,2021-01-20,green,22.5,green,87.0,green,23.5,green,88.0,green,,green,,green,22.0,green,92.0,green,24.0,green,85.0,green,25.5,green,85.0
44,2021-01-21,green,23.0,green,84.0,green,23.0,green,85.0,green,,green,,green,22.5,green,91.0,green,24.5,green,88.0,green,25.5,green,82.0
45,2021-01-22,green,23.0,green,78.0,green,22.5,green,78.0,green,,green,,green,23.5,green,83.0,green,24.0,green,82.0,green,25.0,green,87.0
46,2021-01-23,green,23.0,green,81.0,green,22.5,green,79.0,green,,green,,green,23.0,green,82.0,green,23.5,green,80.0,green,25.0,green,83.0
47,2021-01-24,green,23.5,green,78.0,green,23.0,green,79.0,green,,green,,green,22.5,green,83.0,green,24.5,green,86.0,green,25.0,green,80.0
48,2021-01-25,green,24.0,green,75.0,green,23.0,green,71.0,green,,green,,green,23.5,green,86.0,green,24.0,green,79.0,green,25.0,green,80.0
49,2021-01-26,green,23.5,green,72.0,green,23.0,green,75.0,green,,green,,green,23.5,green,88.0,green,24.5,green,87.0,green,25.0,green,84.0
50,2021-01-27,green,23.0,green,71.0,green,23.0,green,64.0,green,,green,,green,23.5,green,89.0,green,24.0,green,90.0,green,25.0,green,91.0
51,2021-01-28,green,22.5,green,71.0,green,22.0,green,74.0,green,,green,,green,22.5,green,92.0,green,23.5,green,87.0,green,25.0,green,91.0
52,2021-01-29,green,23.0,green,82.0,green,21.5,green,86.0,green,,green,,green,22.5,green,92.0,green,23.0,green,90.0,green,25.0,green,93.0
53,2021-01-30,green,22.5,green,79.0,green,23.0,green,78.0,green,,yellow,,green,23.0,yellow,79.0,green,23.5,yellow,80.0,green,25.0,yellow,75.0
54,2021-01-31,green,23.0,green,74.0,green,24.0,green,68.0,green,,yellow,,green,23.5,yellow,52.0,green,23.0,yellow,46.0,green,25.0,yellow,45.0
55,2021-02-01,green,23.0,green,70.0,green,24.0,green,64.0,green,,yellow,,green,24.0,yellow,50.0,green,23.5,yellow,49.0,green,25.0,yellow,45.0
56,2021-02-02,green,23.0,green,67.0,green,23.5,green,66.0,green,,yellow,,green,23.0,yellow,52.0,green,23.0,green,54.0,green,24.5,yellow,50.0
57,2021-02-03,green,22.5,green,78.0,green,23.5,green,75.0,green,,green,,green,23.0,yellow,54.0,green,23.5,yellow,68.0,green,24.5,yellow,48.0
58,2021-02-04,green,23.0,green,77.0,green,23.5,green,68.0,green,,green,,green,23.0,yellow,51.0,green,23.5,yellow,50.0,green,24.0,green,52.0
59,2021-02-05,green,23.0,green,77.0,green,23.5,green,75.0,green,,yellow,,green,23.0,yellow,52.0,green,23.0,yellow,54.0,green,24.0,yellow,68.0
60,2021-02-06,green,23.0,green,80.0,green,23.5,green,68.0,green,,yellow,,green,23.0,yellow,51.0,green,23.0,green,55.0,green,24.0,yellow,56.0
61,2021-02-07,green,22.5,green,75.0,green,23.0,green,75.0,green,,green,,green,23.0,yellow,49.0,green,23.5,yellow,63.0,green,24.0,green,54.0
62,2021-02-08,green,22.5,green,81.0,green,23.0,green,69.0,green,,green,,green,22.5,yellow,51.0,green,23.0,yellow,53.0,green,24.0,green,64.0
63,2021-02-09,green,22.5,green,77.0,green,23.0,green,73.0,green,,green,,green,22.5,yellow,48.0,green,22.5,yellow,54.0,green,23.5,green,68.0
64,2021-02-10,green,22.5,green,78.0,green,23.0,green,77.0,green,,green,,green,22.5,green,55.0,green,22.5,green,56.0,green,23.5,green,73.0
65,2021-02-11,green,22.0,green,84.0,green,23.0,green,80.0,green,,green,,green,22.0,green,67.0,green,22.5,green,74.0,green,23.5,green,74.0
66,2021-02-12,green,22.0,green,80.0,green,23.0,green,88.0,green,,green,,green,22.0,green,66.0,green,22.5,green,71.0,green,23.5,green,74.0
67,2021-02-13,green,22.0,green,86.0,green,23.0,green,83.0,green,,green,,green,21.5,green,72.0,green,22.0,green,69.0,green,23.5,green,70.0
68,2021-02-14,green,22.0,green,83.0,green,23.0,green,80.0,green,,green,,green,21.5,green,73.0,green,21.5,green,75.0,green,23.0,green,77.0
69,2021-02-15,green,21.5,green,87.0,green,22.5,green,81.0,green,,green,,green,21.0,green,80.0,green,21.5,green,80.0,green,23.0,green,82.0
70,2021-02-16,green,21.0,green,87.0,green,22.5,green,82.0,green,,green,,green,21.0,green,85.0,green,21.5,green,87.0,green,23.0,green,76.0
71,2021-02-17,green,21.5,green,88.0,green,22.5,green,80.0,green,,green,,green,21.5,green,79.0,green,21.5,green,89.0,green,23.5,green,77.0
72,2021-02-18,green,22.0,green,86.0,green,22.5,green,80.0,green,,green,,green,21.0,green,80.0,green,21.5,green,89.0,green,23.0,green,81.0
73,2021-02-19,green,21.5,green,90.0,green,22.5,green,83.0,green,,green,,green,21.0,green,85.0,green,21.5,green,90.0,green,23.0,green,86.0
74,2021-02-20,green,21.0,green,95.0,green,22.0,green,89.0,green,,green,,green,21.0,green,79.0,green,21.5,green,92.0,green,23.0,green,78.0
75,2021-02-21,green,21.5,green,89.0,green,22.5,green,92.0,green,,green,,green,21.0,green,75.0,green,22.0,green,92.0,green,23.5,green,77.0
76,2021-02-22,green,21.0,green,95.0,green,22.5,green,94.0,green,,green,,green,20.5,green,86.0,green,22.0,green,98.0,green,23.0,green,71.0
77,2021-02-23,yellow,20.5,green,92.0,green,22.5,green,97.0,green,,green,,green,20.0,green,88.0,green,21.0,green,96.0,green,23.0,green,80.0
78,2021-02-24,green,20.5,green,95.0,green,22.5,green,97.0,green,,green,,green,21.0,green,86.0,green,21.5,green,96.0,green,23.0,green,84.0
79,2021-02-25,green,20.5,green,93.0,green,22.5,green,94.0,green,,green,,green,21.0,green,87.0,green,21.5,green,97.0,green,22.5,green,84.0
80,2021-02-26,yellow,20.0,green,94.0,green,22.0,green,96.0,green,,green,,green,20.5,green,92.0,green,21.0,green,95.0,green,22.5,green,86.0
81,2021-02-27,green,20.5,green,95.0,green,22.0,green,95.0,green,,green,,green,21.0,green,83.0,green,21.5,green,98.0,green,23.0,green,82.0
82,2021-02-28,yellow,19.5,green,95.0,green,22.0,green,96.0,green,,green,,green,20.5,green,82.0,green,21.0,green,97.0,green,22.5,green,88.0
83,2021-03-01,green,20.0,green,98.0,green,22.0,green,96.0,green,,green,,green,20.0,green,87.0,green,21.0,green,98.0,green,22.0,green,88.0
84,2021-03-02,green,20.0,green,96.0,green,22.0,green,95.0,green,,green,,green,18.5,green,85.0,green,20.5,green,95.0,green,22.0,green,88.0
85,2021-03-03,green,20.5,green,97.0,green,22.5,green,96.0,green,,green,,green,19.5,green,73.0,green,21.5,green,96.0,green,22.5,green,85.0
86,2021-03-04,yellow,20.0,green,97.0,green,21.5,green,96.0,green,,green,,yellow,19.0,green,80.0,green,20.5,green,97.0,green,22.5,green,88.0
87,2021-03-05,yellow,20.0,green,97.0,green,21.5,green,91.0,green,,green,,green,18.5,green,86.0,green,20.0,green,99.0,green,22.0,green,88.0
88,2021-03-06,green,20.0,green,96.0,green,21.5,green,97.0,green,,green,,green,18.5,green,83.0,green,21.0,green,98.0,green,22.5,green,87.0
89,2021-03-07,green,19.5,green,96.0,green,21.5,green,97.0,green,,green,,yellow,19.0,green,87.0,green,21.0,green,98.0,green,22.0,green,89.0
90,2021-03-08,green,20.0,green,96.0,green,22.0,green,99.0,green,,green,,green,19.0,green,90.0,green,21.5,green,99.0,green,22.0,green,92.0
91,2021-03-09,green,20.5,green,91.0,green,22.0,green,98.0,green,,green,,green,20.0,green,92.0,green,21.0,green,98.0,green,22.0,green,93.0
92,2021-03-10,green,20.5,green,96.0,green,21.5,green,99.0,green,,green,,green,20.0,green,92.0,green,21.5,green,98.0,green,22.0,green,89.0
93,2021-03-11,yellow,17.5,green,97.0,green,20.5,green,96.0,green,,green,,green,17.5,green,76.0,green,20.0,green,94.0,green,21.5,green,91.0
94,2021-03-12,green,17.0,green,96.0,green,20.5,green,97.0,green,,green,,green,17.5,green,80.0,green,20.0,green,79.0,green,21.5,green,91.0
95,2021-03-13,green,17.5,green,97.0,green,20.5,green,97.0,green,,green,,green,18.0,green,95.0,green,20.0,green,87.0,green,21.5,green,94.0
96,2021-03-14,green,17.5,green,97.0,green,20.0,green,98.0,green,,green,,green,17.0,green,91.0,green,20.0,green,95.0,green,22.0,green,90.0
97,2021-03-15,green,15.5,green,98.0,green,19.5,green,96.0,green,,green,,green,16.0,green,92.0,green,19.5,green,96.0,green,22.0,green,95.0
98,2021-03-16,green,15.5,green,98.0,green,19.5,green,97.0,green,,green,,green,16.5,green,93.0,green,19.0,green,97.0,green,21.0,green,97.0
99,2021-03-17,green,15.5,green,96.0,green,19.5,green,97.0,green,,green,,green,15.5,green,89.0,green,19.5,green,99.0,green,21.5,green,97.0
100,2021-03-18,yellow,16.5,green,95.0,green,19.5,green,99.0,green,,green,,yellow,17.0,green,93.0,green,20.0,green,95.0,green,21.0,green,97.0
101,2021-03-19,red,16.0,green,97.0,green,20.0,green,98.0,green,,green,,yellow,17.5,green,93.0,green,19.5,green,99.0,green,21.0,green,96.0
102,2021-03-20,yellow,17.0,green,97.0,green,20.0,green,97.0,green,,green,,green,18.0,green,94.0,green,19.5,green,99.0,green,20.5,green,94.0
103,2021-03-21,green,18.0,green,94.0,green,21.0,green,99.0,green,,green,,green,19.0,green,96.0,green,20.0,green,98.0,green,21.0,green,97.0
104,2021-03-22,green,16.0,green,95.0,green,19.0,green,99.0,green,,green,,green,17.0,green,96.0,green,19.5,green,99.0,green,20.5,green,96.0
105,2021-03-23,green,20.5,green,96.0,green,21.5,green,98.0,green,,green,,green,18.0,green,93.0,green,19.0,green,97.0,green,21.0,green,95.0
106,2021-03-24,green,17.5,green,95.0,green,20.0,green,98.0,green,,green,,green,16.0,green,92.0,green,19.5,green,99.0,green,21.0,green,91.0
107,2021-03-25,green,15.5,green,94.0,green,19.0,green,82.0,green,,green,,green,16.5,green,66.0,green,19.5,green,96.0,green,20.5,yellow,54.0
108,2021-03-26,green,16.5,green,81.0,green,19.5,yellow,51.0,green,,yellow,,green,17.0,yellow,52.0,green,19.5,yellow,55.0,green,21.0,red,32.0
109,2021-03-27,green,16.0,green,66.0,green,19.0,yellow,44.0,green,,red,,green,16.5,yellow,51.0,green,19.5,yellow,54.0,green,21.0,red,33.0
110,2021-03-28,yellow,15.5,yellow,56.0,green,19.0,yellow,51.0,green,,red,,green,16.5,yellow,57.0,green,18.5,green,78.0,green,20.0,red,35.0
111,2021-03-29,yellow,19.0,green,75.0,yellow,21.0,green,82.0,yellow,,yellow,,yellow,19.5,yellow,56.0,yellow,21.0,green,82.0,yellow,21.0,red,36.0
112,2021-03-30,green,15.0,yellow,52.0,green,19.0,green,82.0,green,,red,,green,16.0,yellow,53.0,green,19.5,green,66.0,green,20.5,yellow,45.0
113,2021-03-31,green,14.0,green,68.0,green,19.0,green,79.0,green,,yellow,,green,15.0,green,79.0,green,18.5,green,76.0,green,19.5,green,78.0
114,2021-04-01,green,15.0,green,86.0,green,19.5,green,93.0,green,,green,,yellow,16.5,green,88.0,green,19.0,green,90.0,green,19.5,green,86.0
115,2021-04-02,yellow,17.5,green,96.0,green,20.0,green,97.0,green,,green,,green,18.0,green,93.0,green,19.5,green,99.0,green,20.5,green,94.0
116,2021-04-03,yellow,19.5,green,96.0,yellow,21.0,green,99.0,yellow,,green,,red,20.5,green,96.0,yellow,21.5,green,98.0,yellow,22.0,green,93.0
117,2021-04-04,red,21.0,green,97.0,red,23.0,green,99.0,red,,green,,red,21.5,green,95.0,red,22.5,green,98.0,red,23.0,green,94.0
118,2021-04-05,yellow,23.5,green,97.0,yellow,24.0,green,99.0,yellow,,green,,red,23.5,green,96.0,yellow,23.5,green,98.0,red,23.0,green,99.0
119,2021-04-06,yellow,21.5,green,97.0,yellow,22.5,green,98.0,yellow,,green,,yellow,21.5,green,98.0,yellow,22.0,green,99.0,yellow,21.5,green,98.0
120,2021-04-07,green,20.0,green,99.0,green,21.5,green,99.0,green,,green,,green,21.0,green,99.0,green,21.0,green,99.0,green,21.0,green,97.0
121,2021-04-08,green,17.5,green,96.0,green,19.0,green,99.0,green,,green,,purple,101.5,green,99.0,green,19.0,green,99.0,green,21.0,green,98.0
122,2021-04-09,green,17.0,green,99.0,green,19.0,green,98.0,green,,green,,green,45.5,green,96.0,green,19.5,green,98.0,green,21.0,green,98.0
123,2021-04-10,yellow,17.0,green,96.0,green,19.5,green,99.0,green,,green,,yellow,18.0,green,98.0,green,19.5,green,98.0,green,20.5,green,98.0
124,2021-04-11,green,17.0,green,97.0,green,19.5,green,99.0,green,,green,,green,18.5,green,96.0,green,20.0,green,98.0,green,21.0,green,99.0
125,2021-04-12,yellow,16.5,green,98.0,green,19.5,green,97.0,green,,green,,yellow,18.0,green,94.0,green,19.5,green,97.0,green,21.0,green,96.0
126,2021-04-13,yellow,15.5,green,97.0,green,19.0,green,99.0,green,,green,,yellow,16.5,green,97.0,green,19.0,green,98.0,green,20.5,green,96.0
127,2021-04-14,yellow,14.5,green,97.0,green,18.5,green,97.0,green,,green,,yellow,16.5,green,97.0,green,19.0,green,94.0,green,20.0,green,95.0
128,2021-04-15,green,15.0,green,98.0,green,18.5,green,98.0,green,,green,,green,16.5,green,97.0,green,19.0,green,71.0,green,20.5,green,97.0
129,2021-04-16,green,16.0,green,99.0,green,18.5,green,97.0,green,,green,,green,17.5,green,97.0,green,18.5,green,87.0,green,20.5,green,98.0
130,2021-04-17,green,17.0,green,95.0,green,19.0,green,97.0,green,,green,,green,18.5,green,94.0,green,20.0,green,88.0,green,20.5,green,93.0
131,2021-04-18,yellow,17.5,green,98.0,yellow,20.0,green,96.0,yellow,,green,,yellow,19.0,green,95.0,green,20.0,green,99.0,red,20.0,green,98.0
132,2021-04-19,purple,88.5,green,95.0,green,18.5,green,98.0,green,,green,,green,15.0,green,96.0,green,18.5,green,97.0,green,20.0,green,99.0
133,2021-04-20,green,103.0,green,88.0,green,18.0,green,98.0,green,,green,,green,16.0,green,95.0,green,17.5,green,96.0,green,19.5,green,97.0
134,2021-04-21,green,14.5,green,87.0,green,18.0,green,95.0,green,,green,,green,16.0,green,96.0,green,18.5,green,98.0,green,20.0,green,95.0
135,2021-04-22,green,17.0,green,87.0,green,19.5,green,99.0,green,,green,,green,18.0,green,97.0,green,18.5,green,99.0,green,19.0,green,93.0
136,2021-04-23,yellow,18.0,green,94.0,green,19.5,green,99.0,green,,green,,green,18.5,green,96.0,green,19.0,green,97.0,green,20.0,green,93.0
137,2021-04-24,yellow,16.0,green,96.0,green,19.5,green,99.0,green,,green,,yellow,17.5,green,96.0,green,19.5,green,98.0,green,20.0,green,96.0
138,2021-04-25,green,17.5,green,96.0,green,20.0,green,99.0,green,,green,,green,18.5,green,97.0,green,20.5,green,98.0,green,20.5,green,99.0
139,2021-04-26,red,22.5,green,95.0,red,24.0,green,99.0,red,,green,,red,23.5,green,97.0,red,23.5,green,96.0,red,24.0,green,96.0
140,2021-04-27,green,19.5,green,93.0,green,21.0,green,99.0,green,,green,,green,20.5,green,91.0,green,20.5,green,98.0,green,21.0,green,97.0
141,2021-04-28,green,18.5,green,95.0,green,20.0,green,98.0,green,,green,,yellow,19.5,green,97.0,green,19.5,green,99.0,green,20.5,green,99.0
142,2021-04-29,yellow,19.0,green,94.0,green,21.5,green,99.0,green,,green,,yellow,20.0,green,94.0,yellow,21.0,green,98.0,green,21.5,green,94.0
143,2021-04-30,yellow,20.0,green,94.0,yellow,22.0,green,99.0,yellow,,green,,yellow,20.5,green,93.0,yellow,21.0,green,99.0,yellow,21.5,green,96.0
144,2021-05-01,red,25.0,green,98.0,red,25.5,green,99.0,red,,green,,red,25.0,green,96.0,red,24.5,green,99.0,red,25.5,green,97.0
145,2021-05-02,red,23.5,green,97.0,red,24.0,green,99.0,red,,green,,red,23.5,green,97.0,red,23.0,green,99.0,red,23.0,green,98.0
146,2021-05-03,green,19.5,green,96.0,green,20.5,green,97.0,green,,green,,green,20.0,green,98.0,green,20.0,green,99.0,green,20.5,green,97.0
147,2021-05-04,yellow,16.5,green,75.0,green,19.5,green,95.0,green,,green,,green,18.0,green,94.0,green,18.5,green,95.0,green,20.0,green,97.0
148,2021-05-05,yellow,17.5,green,92.0,green,19.5,green,97.0,green,,green,,green,18.0,green,96.0,green,18.5,green,98.0,green,20.0,green,96.0
149,2021-05-06,yellow,17.0,green,94.0,green,19.5,green,95.0,green,,green,,green,18.5,green,93.0,green,18.5,green,97.0,green,20.0,green,96.0
150,2021-05-07,yellow,16.5,green,92.0,green,18.5,green,97.0,green,,green,,green,17.5,green,92.0,green,17.5,green,99.0,green,19.5,green,94.0
151,2021-05-08,green,,green,91.0,green,,green,95.0,green,,green,,green,,green,94.0,green,,green,97.0,green,,green,95.0
152,2021-05-09,yellow,,green,89.0,green,,green,96.0,green,,green,,green,,green,91.0,green,,green,96.0,green,,green,94.0
153,2021-05-10,green,17.5,green,94.0,green,19.5,green,96.0,green,,green,,green,19.0,green,94.0,green,18.5,green,96.0,green,20.0,green,96.0
154,2021-05-11,green,17.5,green,94.0,green,19.0,green,95.0,green,,green,,green,18.0,green,90.0,green,18.0,green,98.0,green,20.0,green,94.0
155,2021-05-12,green,18.0,green,87.0,green,19.5,green,98.0,green,,green,,green,18.0,green,86.0,green,18.0,green,98.0,green,19.5,green,93.0
156,2021-05-13,yellow,18.0,green,97.0,green,20.0,green,97.0,green,,green,,green,19.0,green,92.0,green,18.5,green,97.0,green,19.5,green,89.0
157,2021-05-14,green,17.5,green,94.0,green,18.5,green,98.0,green,,green,,green,18.0,green,95.0,green,17.0,green,93.0,green,18.0,green,91.0
158,2021-05-15,yellow,20.0,green,97.0,yellow,20.5,green,99.0,green,,green,,yellow,20.0,green,97.0,yellow,19.5,green,97.0,yellow,20.0,green,90.0
159,2021-05-16,green,18.0,green,96.0,green,19.0,green,98.0,green,,green,,green,18.5,green,95.0,green,17.5,green,98.0,green,18.5,green,97.0
160,2021-05-17,green,18.0,green,98.0,green,18.5,green,99.0,green,,green,,green,18.0,green,99.0,green,17.0,green,99.0,green,18.0,green,98.0
161,2021-05-18,green,18.5,green,95.0,green,19.5,green,98.0,green,,green,,green,17.5,green,97.0,green,17.0,green,97.0,green,17.5,green,99.0
162,2021-05-19,blue,20.5,green,98.0,blue,21.0,green,99.0,blue,,green,,blue,18.0,blue,,blue,17.5,blue,,blue,17.5,blue,
163,2021-05-20,blue,20.5,green,98.0,blue,20.5,green,99.0,blue,,green,,blue,,blue,,blue,,blue,,blue,,blue,
164,2021-05-21,blue,22.0,green,99.0,blue,22.0,green,99.0,blue,,green,,blue,,blue,,blue,,blue,,blue,,blue,
165,2021-05-22,blue,22.0,green,99.0,blue,22.0,green,99.0,blue,,green,,blue,,blue,,blue,,blue,,blue,,blue,
166,2021-05-23,blue,23.0,green,98.0,blue,23.0,green,98.0,blue,,green,,blue,,blue,,blue,,blue,,blue,,blue,
167,2021-05-24,blue,23.5,green,99.0,blue,23.5,green,99.0,blue,,green,,blue,,blue,,blue,,blue,,blue,,blue,
168,2021-05-25,blue,24.0,green,99.0,blue,24.5,green,99.0,blue,,green,,blue,,blue,,blue,,blue,,blue,,blue,
169,2021-05-26,blue,21.5,green,98.0,blue,21.0,green,99.0,blue,,green,,blue,,blue,,blue,,blue,,blue,,blue,
170,2021-05-27,blue,18.5,green,99.0,blue,18.0,green,99.0,blue,,green,,blue,,blue,,blue,,blue,,blue,,blue,
171,2021-05-28,blue,13.0,blue,,blue,13.0,blue,,blue,,blue,,blue,,blue,,blue,,blue,,blue,,blue,
172,2021-05-29,blue,,blue,,blue,,blue,,blue,,blue,,blue,,blue,,blue,,blue,,blue,,blue,
173,2021-05-30,blue,,blue,,blue,,blue,,blue,,blue,,blue,,blue,,blue,,blue,,blue,,blue,
174,2021-05-31,blue,,blue,,blue,,blue,,blue,,blue,,blue,,blue,,blue,,blue,,blue,,blue,
175,2021-06-01,blue,,blue,,blue,,blue,,blue,,blue,,blue,,blue,,blue,,blue,,blue,,blue,
176,2021-06-02,blue,,blue,,blue,,blue,,blue,,blue,,blue,,blue,,blue,,blue,,blue,,blue,
177,2021-06-03,green,26.5,blue,,green,26.5,blue,,green,,blue,,green,29.5,blue,,green,28.5,blue,,green,29.0,blue,
178,2021-06-04,yellow,29.5,blue,,yellow,29.5,blue,,red,,blue,,yellow,30.0,green,82.0,yellow,29.0,green,77.0,yellow,29.5,green,95.0
179,2021-06-05,yellow,27.5,green,97.0,yellow,27.5,green,97.0,yellow,,green,,yellow,30.5,green,78.0,yellow,30.0,green,74.0,yellow,30.0,green,95.0
180,2021-06-06,green,25.5,green,96.0,green,25.5,green,97.0,yellow,,green,,yellow,28.5,green,74.0,green,28.0,yellow,45.0,yellow,28.0,green,95.0
181,2021-06-07,yellow,26.5,green,99.0,yellow,26.5,green,99.0,yellow,,green,,yellow,31.5,green,76.0,yellow,30.5,green,65.0,yellow,31.0,green,96.0
182,2021-06-08,yellow,28.0,green,99.0,yellow,28.0,green,98.0,yellow,,green,,yellow,31.5,green,81.0,green,31.0,green,70.0,yellow,31.5,green,87.0
183,2021-06-09,yellow,28.5,green,99.0,yellow,28.5,green,96.0,red,,green,,yellow,32.0,green,70.0,yellow,31.5,green,72.0,green,31.5,yellow,47.0
184,2021-06-10,yellow,30.0,green,98.0,yellow,30.0,green,99.0,yellow,,green,,yellow,32.0,green,75.0,green,32.0,green,76.0,green,32.0,yellow,55.0
185,2021-06-11,green,29.0,green,95.0,green,29.0,green,80.0,green,,green,,green,29.5,green,81.0,green,29.0,green,68.0,green,30.0,yellow,55.0
186,2021-06-12,green,29.5,green,87.0,green,29.5,yellow,49.0,green,,green,,yellow,30.5,green,89.0,yellow,29.5,green,81.0,yellow,30.5,green,68.0
187,2021-06-13,yellow,31.5,green,92.0,yellow,31.5,green,79.0,yellow,,green,,yellow,31.5,green,89.0,yellow,31.0,green,79.0,yellow,31.0,green,77.0
188,2021-06-14,green,30.0,green,95.0,green,30.0,green,87.0,green,,green,,yellow,30.5,green,89.0,yellow,30.0,green,78.0,yellow,30.5,green,79.0
189,2021-06-15,yellow,30.5,green,88.0,yellow,31.0,green,88.0,yellow,,green,,yellow,31.5,green,89.0,yellow,30.5,green,79.0,yellow,31.0,green,75.0
190,2021-06-16,green,31.0,green,89.0,green,31.0,green,93.0,green,,green,,green,30.5,green,87.0,green,30.0,green,77.0,green,30.5,green,70.0
191,2021-06-17,yellow,31.5,green,90.0,yellow,32.0,green,94.0,yellow,,green,,green,31.5,green,84.0,green,31.0,green,80.0,green,32.0,green,76.0
192,2021-06-18,yellow,30.0,green,82.0,green,30.5,green,93.0,green,,green,,yellow,30.5,green,80.0,green,30.0,green,70.0,green,31.0,green,74.0
193,2021-06-19,green,30.0,green,74.0,green,30.0,green,92.0,green,,green,,green,30.5,green,82.0,green,30.0,green,74.0,green,30.5,green,82.0
194,2021-06-20,green,29.5,green,70.0,green,29.5,green,83.0,green,,green,,green,29.5,green,84.0,green,28.5,green,81.0,green,30.0,green,77.0
195,2021-06-21,green,29.5,green,77.0,green,29.5,green,81.0,green,,green,,green,29.0,green,87.0,green,27.5,green,86.0,green,29.0,green,82.0
196,2021-06-22,green,29.5,green,80.0,green,29.0,green,90.0,green,,green,,green,29.0,green,82.0,green,27.5,green,88.0,green,29.0,green,77.0
197,2021-06-23,green,30.5,green,91.0,green,30.5,green,90.0,green,,green,,green,30.0,green,75.0,green,29.0,green,70.0,green,30.0,green,66.0
198,2021-06-24,green,29.5,green,88.0,green,29.5,green,84.0,green,,green,,green,29.5,yellow,55.0,green,29.0,green,66.0,green,30.0,yellow,43.0
199,2021-06-25,green,29.0,green,89.0,green,29.0,green,84.0,green,,green,,green,29.0,green,65.0,green,28.5,yellow,57.0,green,29.5,red,35.0
200,2021-06-26,green,28.0,green,87.0,green,28.5,green,75.0,green,,green,,green,28.0,green,68.0,green,27.0,yellow,53.0,green,28.0,red,31.0
201,2021-06-27,green,29.0,green,89.0,green,29.0,green,81.0,green,,green,,green,29.0,green,74.0,green,28.5,green,71.0,green,29.5,red,35.0
202,2021-06-28,green,29.5,green,88.0,green,29.5,green,76.0,green,,green,,green,29.0,green,74.0,green,28.5,green,69.0,green,29.5,yellow,44.0
203,2021-06-29,green,29.5,green,82.0,green,29.5,green,77.0,green,,green,,green,29.5,green,81.0,green,29.0,green,71.0,green,29.5,red,37.0
204,2021-06-30,green,29.0,green,86.0,green,29.5,green,69.0,green,,green,,green,29.5,green,76.0,green,29.0,green,80.0,green,30.0,red,34.0
205,2021-07-01,green,29.0,green,76.0,green,29.0,green,66.0,blue,,blue,,green,29.0,green,81.0,green,28.5,green,88.0,green,29.5,yellow,48.0
206,2021-07-02,yellow,28.5,green,71.0,green,29.0,green,73.0,blue,,blue,,green,29.5,green,79.0,green,29.0,green,85.0,green,29.5,red,36.0
207,2021-07-03,yellow,29.0,green,65.0,green,29.5,green,64.0,blue,,blue,,green,29.0,green,82.0,green,28.5,green,87.0,green,29.0,red,35.0
208,2021-07-04,green,29.0,green,65.0,green,29.5,green,75.0,blue,,blue,,green,29.5,green,84.0,green,29.0,green,87.0,green,29.5,red,36.0
209,2021-07-05,yellow,30.0,green,67.0,green,30.0,green,83.0,blue,,blue,,green,30.0,green,85.0,green,29.5,green,90.0,green,30.0,yellow,46.0
210,2021-07-06,green,29.5,green,70.0,green,30.0,green,85.0,blue,,blue,,green,29.5,green,90.0,green,29.0,green,94.0,green,29.5,yellow,45.0
211,2021-07-07,green,26.5,yellow,56.0,green,27.5,green,80.0,blue,,blue,,green,27.0,green,84.0,green,27.0,green,91.0,green,28.0,yellow,49.0
212,2021-07-08,green,26.5,green,66.0,green,27.0,green,80.0,blue,,blue,,green,26.5,green,79.0,green,26.0,green,88.0,green,27.5,yellow,47.0
213,2021-07-09,green,27.5,green,71.0,green,28.0,green,90.0,blue,,blue,,green,27.0,green,80.0,green,27.0,green,86.0,green,28.5,yellow,51.0
214,2021-07-10,green,26.0,yellow,55.0,green,27.0,green,86.0,blue,,blue,,green,26.0,green,72.0,green,26.0,green,86.0,green,27.5,yellow,47.0
215,2021-07-11,green,26.5,green,66.0,green,27.0,green,86.0,blue,,blue,,green,26.5,green,74.0,green,26.5,green,85.0,green,28.0,green,64.0
216,2021-07-12,yellow,27.0,green,76.0,green,27.5,green,91.0,blue,,blue,,yellow,26.5,green,74.0,green,26.5,green,89.0,green,27.5,yellow,54.0
217,2021-07-13,green,27.5,green,64.0,green,27.5,green,84.0,blue,,blue,,green,26.5,green,72.0,green,26.5,green,85.0,green,27.5,yellow,53.0
218,2021-07-14,green,27.5,yellow,50.0,green,27.5,green,89.0,blue,,blue,,green,27.0,green,67.0,green,27.0,green,81.0,green,28.0,yellow,52.0
219,2021-07-15,yellow,27.0,yellow,49.0,green,27.5,green,89.0,blue,,blue,,yellow,27.0,green,70.0,green,27.0,green,89.0,green,28.0,yellow,55.0
220,2021-07-16,yellow,27.0,yellow,53.0,green,27.5,green,84.0,blue,,blue,,yellow,27.0,green,66.0,green,27.0,green,87.0,green,28.0,yellow,53.0
221,2021-07-17,yellow,27.5,yellow,44.0,green,27.5,green,82.0,blue,,blue,,green,27.0,green,66.0,green,27.0,green,90.0,green,28.0,green,67.0
222,2021-07-18,yellow,27.5,yellow,52.0,green,27.5,green,86.0,blue,,blue,,yellow,27.5,green,67.0,green,27.5,green,88.0,green,28.0,yellow,54.0
223,2021-07-19,yellow,27.5,yellow,57.0,green,27.5,green,87.0,blue,,blue,,yellow,27.5,green,71.0,yellow,27.5,green,89.0,green,28.0,green,70.0
224,2021-07-20,yellow,27.0,yellow,55.0,green,27.5,green,86.0,blue,,blue,,yellow,27.5,green,77.0,yellow,27.5,green,93.0,green,28.5,green,67.0
225,2021-07-21,yellow,27.5,yellow,56.0,yellow,28.0,green,87.0,blue,,blue,,yellow,27.5,green,72.0,yellow,27.5,green,90.0,green,28.0,green,70.0
226,2021-07-22,yellow,27.0,yellow,57.0,green,28.0,green,89.0,blue,,blue,,yellow,27.0,green,72.0,green,27.0,green,87.0,green,27.5,green,76.0
227,2021-07-23,yellow,28.5,green,66.0,yellow,29.5,green,91.0,blue,,blue,,green,28.5,green,74.0,green,28.0,green,92.0,green,28.5,green,74.0
228,2021-07-24,yellow,28.5,green,70.0,green,29.0,green,93.0,blue,,blue,,yellow,29.0,green,82.0,green,28.5,green,94.0,red,28.5,green,72.0
229,2021-07-25,yellow,27.5,yellow,56.0,yellow,28.5,green,84.0,blue,,blue,,yellow,28.0,green,75.0,green,27.5,green,94.0,green,26.5,green,73.0
230,2021-07-26,yellow,27.0,yellow,54.0,green,28.5,green,84.0,green,,blue,,yellow,27.5,green,71.0,yellow,27.0,green,93.0,green,28.0,green,78.0
231,2021-07-27,yellow,28.5,green,74.0,yellow,29.5,green,90.0,yellow,30.5,yellow,55.0,yellow,28.5,green,80.0,yellow,28.0,green,97.0,yellow,29.0,green,77.0
232,2021-07-28,yellow,30.0,green,88.0,yellow,30.0,green,99.0,green,30.5,green,78.0,green,30.0,green,89.0,green,29.5,green,99.0,yellow,30.0,green,80.0
233,2021-07-29,yellow,28.5,green,83.0,green,29.0,green,96.0,green,29.0,green,71.0,green,29.0,green,91.0,green,28.5,green,98.0,green,29.0,green,78.0
234,2021-07-30,green,25.5,green,64.0,green,27.0,green,87.0,green,28.5,yellow,50.0,green,26.0,green,71.0,green,26.0,green,85.0,green,26.5,green,68.0
235,2021-07-31,green,26.0,yellow,54.0,green,27.5,green,85.0,green,28.5,yellow,57.0,yellow,26.0,green,70.0,green,26.5,green,76.0,green,27.0,green,64.0
236,2021-08-01,green,25.0,yellow,56.0,green,27.0,green,86.0,green,28.0,yellow,57.0,green,25.0,green,70.0,green,26.0,green,86.0,green,26.5,green,79.0
237,2021-08-02,green,25.0,green,65.0,green,26.5,green,87.0,green,27.5,green,72.0,yellow,25.5,green,74.0,green,26.0,green,76.0,green,26.5,green,84.0
238,2021-08-03,green,25.0,green,74.0,green,27.0,green,92.0,green,28.0,green,71.0,yellow,25.0,green,71.0,green,26.0,green,69.0,green,26.5,green,73.0
239,2021-08-04,green,25.5,green,72.0,green,27.0,green,90.0,green,28.0,green,71.0,green,25.5,green,69.0,green,26.0,green,75.0,green,26.5,green,76.0
240,2021-08-05,green,26.0,yellow,55.0,green,27.0,green,92.0,green,28.0,yellow,57.0,green,25.5,yellow,54.0,green,26.0,green,66.0,green,26.5,yellow,56.0
241,2021-08-06,green,27.0,green,71.0,green,28.0,green,94.0,green,28.5,green,70.0,green,26.5,green,68.0,green,26.5,green,64.0,green,27.0,yellow,46.0
242,2021-08-07,green,27.0,green,76.0,green,27.5,green,97.0,green,28.0,green,64.0,green,27.0,green,74.0,green,26.5,green,93.0,green,27.0,yellow,48.0
243,2021-08-08,green,26.0,yellow,45.0,green,27.0,green,86.0,green,27.5,red,35.0,green,26.0,yellow,54.0,green,26.0,green,82.0,green,26.5,red,31.0
244,2021-08-09,green,28.0,yellow,51.0,green,28.5,green,96.0,green,28.5,red,32.0,green,28.0,green,82.0,green,27.5,green,91.0,green,28.0,yellow,49.0
245,2021-08-10,green,27.5,green,82.0,green,28.0,green,96.0,green,28.0,red,36.0,green,27.5,green,89.0,green,27.5,green,98.0,green,27.5,green,66.0
246,2021-08-11,yellow,27.5,green,73.0,green,28.0,green,98.0,green,28.5,red,36.0,yellow,28.0,green,90.0,yellow,27.5,green,96.0,green,28.0,green,67.0
247,2021-08-12,yellow,26.0,yellow,48.0,green,27.0,green,85.0,green,28.0,yellow,44.0,yellow,26.0,green,75.0,green,26.0,green,82.0,green,27.0,yellow,54.0
248,2021-08-13,yellow,25.0,yellow,50.0,green,26.5,green,85.0,green,28.0,red,35.0,yellow,25.5,green,77.0,green,25.5,green,84.0,green,26.5,green,64.0
249,2021-08-14,yellow,25.0,yellow,47.0,green,26.5,green,82.0,green,27.5,red,37.0,yellow,25.0,green,78.0,green,25.5,green,90.0,green,26.0,green,72.0
250,2021-08-15,yellow,25.0,yellow,51.0,green,26.5,green,84.0,green,27.5,yellow,50.0,green,25.0,green,82.0,green,25.5,green,87.0,green,26.0,green,74.0
251,2021-08-16,yellow,25.0,yellow,50.0,green,27.0,green,84.0,green,27.5,yellow,50.0,yellow,25.0,green,79.0,green,25.5,green,85.0,green,26.0,green,79.0
252,2021-08-17,yellow,26.0,green,65.0,yellow,27.5,green,85.0,yellow,28.0,yellow,57.0,green,26.0,green,84.0,green,26.0,green,93.0,yellow,26.5,green,83.0
253,2021-08-18,yellow,26.0,green,73.0,green,27.0,green,93.0,green,27.5,green,71.0,green,26.0,green,93.0,green,26.0,green,95.0,yellow,26.5,green,82.0
254,2021-08-19,yellow,27.0,green,79.0,yellow,27.5,green,96.0,yellow,28.0,green,74.0,yellow,27.0,green,90.0,yellow,26.5,green,98.0,yellow,27.0,green,92.0
255,2021-08-20,yellow,27.0,green,84.0,yellow,27.5,green,99.0,yellow,28.0,green,81.0,yellow,27.0,green,94.0,yellow,26.5,green,98.0,yellow,27.0,green,86.0
256,2021-08-21,green,24.0,green,77.0,green,25.5,green,95.0,green,26.5,green,75.0,green,24.5,green,94.0,green,24.5,green,94.0,green,25.5,green,89.0
257,2021-08-22,green,24.5,green,74.0,green,26.0,green,94.0,green,27.0,green,79.0,green,24.5,green,87.0,green,25.0,green,89.0,green,25.5,green,74.0
258,2021-08-23,yellow,28.5,green,82.0,yellow,29.0,green,98.0,yellow,29.5,green,87.0,yellow,28.5,green,85.0,yellow,28.0,green,96.0,yellow,28.5,green,79.0
259,2021-08-24,green,28.0,green,93.0,green,28.5,green,99.0,green,28.0,green,89.0,green,28.0,green,99.0,green,27.5,green,99.0,green,27.5,green,96.0
260,2021-08-25,yellow,26.5,green,93.0,green,27.5,green,99.0,green,27.0,green,87.0,yellow,27.0,green,97.0,yellow,27.0,green,98.0,yellow,27.0,green,95.0
261,2021-08-26,green,25.5,green,90.0,green,26.0,green,99.0,green,26.5,green,90.0,green,25.5,green,96.0,green,25.0,green,99.0,green,25.5,green,95.0
262,2021-08-27,yellow,27.5,green,96.0,green,28.5,green,99.0,yellow,28.0,green,87.0,yellow,28.0,green,99.0,green,27.5,green,99.0,yellow,27.5,green,97.0
263,2021-08-28,yellow,28.0,green,98.0,yellow,28.5,green,99.0,yellow,28.0,green,93.0,yellow,28.0,green,97.0,yellow,27.5,green,99.0,yellow,28.0,green,99.0
264,2021-08-29,green,24.5,green,89.0,green,25.5,green,99.0,green,26.0,green,88.0,yellow,25.0,green,95.0,green,24.5,green,98.0,green,25.5,green,94.0
265,2021-08-30,yellow,24.5,green,80.0,yellow,26.0,green,95.0,green,26.5,green,85.0,green,24.5,green,88.0,green,24.5,green,94.0,green,25.5,green,95.0
266,2021-08-31,green,24.0,green,86.0,green,25.0,green,97.0,green,25.5,green,78.0,green,24.0,green,87.0,green,24.0,green,95.0,green,24.5,green,94.0
267,2021-09-01,green,23.5,green,83.0,green,25.0,green,94.0,green,26.0,green,72.0,green,23.5,green,91.0,green,24.0,green,92.0,green,24.5,green,95.0
268,2021-09-02,green,23.0,green,80.0,green,24.5,green,98.0,green,25.5,green,85.0,green,23.0,green,91.0,green,23.0,green,96.0,green,24.0,green,92.0
269,2021-09-03,green,24.0,green,88.0,green,24.5,green,98.0,green,25.5,green,87.0,green,24.0,green,91.0,green,23.5,green,94.0,green,24.5,green,97.0
270,2021-09-04,green,23.5,green,88.0,green,24.5,green,98.0,green,25.0,green,89.0,green,24.0,green,90.0,green,23.5,green,94.0,green,24.5,green,92.0
271,2021-09-05,yellow,24.5,green,88.0,green,25.5,green,98.0,green,26.5,green,91.0,green,24.0,green,94.0,yellow,24.5,green,96.0,yellow,25.0,green,98.0
272,2021-09-06,yellow,25.5,green,87.0,yellow,26.5,green,99.0,yellow,27.0,green,92.0,yellow,25.0,green,91.0,yellow,25.5,green,96.0,yellow,26.0,green,97.0
273,2021-09-07,green,24.5,green,97.0,green,25.0,green,99.0,green,25.5,green,94.0,yellow,25.0,green,93.0,green,24.5,green,98.0,green,25.0,green,99.0
274,2021-09-08,green,23.0,green,88.0,green,24.5,green,98.0,green,25.5,green,89.0,yellow,23.0,green,93.0,green,23.5,green,96.0,green,24.5,green,95.0
275,2021-09-09,green,23.0,green,88.0,green,24.5,green,97.0,green,25.5,green,85.0,green,22.5,green,92.0,green,23.5,green,96.0,green,24.0,green,94.0
276,2021-09-10,yellow,24.5,green,87.0,yellow,25.5,green,98.0,yellow,26.5,green,76.0,yellow,23.5,green,94.0,yellow,24.5,green,98.0,yellow,25.0,green,95.0
277,2021-09-11,red,26.5,green,92.0,yellow,27.0,green,99.0,red,27.5,green,75.0,red,26.0,green,92.0,yellow,26.0,green,98.0,red,26.5,green,96.0
278,2021-09-12,green,23.5,green,93.0,green,24.5,green,99.0,green,24.5,green,94.0,green,24.0,green,96.0,green,23.5,green,98.0,green,23.5,green,97.0
279,2021-09-13,yellow,24.5,green,88.0,green,25.5,green,97.0,yellow,25.5,green,87.0,green,24.5,green,96.0,yellow,24.0,green,98.0,yellow,24.5,green,97.0
280,2021-09-14,green,23.0,green,90.0,green,23.5,green,96.0,green,24.0,green,86.0,green,23.0,green,92.0,green,22.5,green,94.0,green,23.0,green,92.0
281,2021-09-15,yellow,23.5,green,88.0,yellow,24.5,green,92.0,yellow,25.5,green,86.0,yellow,22.5,green,90.0,yellow,23.5,green,94.0,yellow,24.0,green,97.0
282,2021-09-16,yellow,25.5,green,93.0,yellow,26.5,green,96.0,yellow,26.5,green,90.0,yellow,25.5,green,88.0,yellow,25.0,green,97.0,red,26.0,green,94.0
283,2021-09-17,green,22.5,green,95.0,green,23.5,green,97.0,green,23.5,green,92.0,yellow,22.5,green,92.0,green,22.5,green,97.0,green,22.5,green,97.0
284,2021-09-18,yellow,24.5,green,87.0,yellow,25.5,green,92.0,yellow,26.0,green,78.0,yellow,23.5,green,88.0,yellow,24.5,green,98.0,red,24.5,green,97.0
285,2021-09-19,yellow,26.0,green,97.0,yellow,27.0,green,98.0,red,26.5,green,81.0,red,26.0,green,97.0,yellow,26.0,green,98.0,red,26.0,green,96.0
286,2021-09-20,green,22.0,green,94.0,green,23.0,green,98.0,green,22.5,green,86.0,green,22.5,green,93.0,green,22.0,green,93.0,green,22.0,green,94.0
287,2021-09-21,green,21.0,green,88.0,green,22.0,green,94.0,yellow,23.0,green,81.0,yellow,21.0,green,84.0,green,21.0,green,95.0,green,22.0,green,87.0
288,2021-09-22,green,20.5,green,82.0,green,22.0,green,91.0,green,23.5,green,75.0,yellow,19.5,green,81.0,green,21.0,green,96.0,green,21.5,green,86.0
289,2021-09-23,yellow,21.5,green,80.0,yellow,22.5,green,95.0,green,24.0,green,71.0,yellow,20.5,green,75.0,yellow,21.0,green,95.0,yellow,22.0,green,86.0
290,2021-09-24,green,21.0,green,89.0,green,21.5,green,94.0,green,22.5,green,86.0,yellow,21.0,green,83.0,green,21.0,green,97.0,green,21.5,green,84.0
291,2021-09-25,yellow,21.0,green,83.0,yellow,22.5,green,91.0,yellow,24.0,green,78.0,yellow,20.5,green,71.0,yellow,21.5,green,95.0,yellow,22.0,green,82.0
292,2021-09-26,red,24.0,green,87.0,red,24.5,green,99.0,red,25.0,green,86.0,red,24.0,green,89.0,red,23.5,green,98.0,red,24.0,green,91.0
293,2021-09-27,red,24.0,green,90.0,red,25.0,green,98.0,red,25.0,green,86.0,red,25.0,green,88.0,red,24.5,green,99.0,red,24.5,green,89.0
294,2021-09-28,red,24.5,green,90.0,red,25.5,green,95.0,red,25.0,green,86.0,red,25.0,green,90.0,red,24.5,green,98.0,red,25.0,green,88.0
295,2021-09-29,yellow,24.0,green,87.0,yellow,24.5,green,86.0,yellow,24.0,green,83.0,yellow,24.0,green,94.0,yellow,23.5,green,98.0,yellow,23.5,green,86.0
296,2021-09-30,yellow,23.5,green,93.0,yellow,24.5,green,93.0,yellow,23.0,green,87.0,yellow,23.5,green,96.0,yellow,23.5,green,98.0,yellow,23.0,green,90.0
297,2021-10-01,yellow,22.0,green,94.0,green,23.0,green,98.0,green,22.0,green,86.0,green,22.0,green,95.0,green,22.0,green,99.0,yellow,21.5,green,69.0
298,2021-10-02,green,20.5,green,95.0,green,22.0,green,99.0,green,21.0,green,86.0,green,21.5,green,78.0,green,21.0,green,99.0,green,21.0,yellow,49.0
299,2021-10-03,yellow,21.0,green,89.0,yellow,22.0,green,99.0,green,21.5,green,86.0,yellow,22.0,green,95.0,yellow,21.5,green,99.0,yellow,22.0,green,82.0
300,2021-10-04,yellow,21.0,green,88.0,yellow,22.0,green,97.0,yellow,22.5,green,88.0,yellow,21.5,green,84.0,yellow,21.5,green,98.0,yellow,22.0,green,70.0
301,2021-10-05,green,20.5,green,88.0,green,21.5,green,98.0,green,22.0,green,86.0,green,20.5,green,75.0,green,21.0,green,98.0,green,21.0,yellow,56.0
302,2021-10-06,green,21.0,green,89.0,green,22.0,green,99.0,green,21.0,green,86.0,green,21.5,green,82.0,green,21.0,green,99.0,green,20.5,yellow,51.0
303,2021-10-07,yellow,21.5,green,94.0,green,22.5,green,98.0,green,21.5,green,92.0,green,21.5,green,79.0,green,21.5,green,95.0,green,21.0,green,86.0
304,2021-10-08,yellow,23.0,green,92.0,yellow,23.5,green,99.0,red,23.5,green,87.0,yellow,23.0,green,80.0,yellow,22.5,green,94.0,red,23.0,green,86.0
305,2021-10-09,green,22.0,green,95.0,green,23.0,green,98.0,green,22.0,green,80.0,green,22.5,green,86.0,green,22.0,green,86.0,green,22.0,green,87.0
306,2021-10-10,green,20.0,green,86.0,green,21.0,green,98.0,green,20.5,green,77.0,green,21.0,green,70.0,green,20.5,green,94.0,green,20.5,green,66.0
307,2021-10-11,green,19.5,green,79.0,green,20.5,green,98.0,green,21.0,green,70.0,yellow,20.5,green,75.0,green,20.0,green,97.0,yellow,20.5,green,75.0
308,2021-10-12,green,19.5,green,83.0,green,20.5,green,96.0,green,21.0,green,79.0,green,20.5,green,77.0,green,20.5,green,97.0,green,20.5,yellow,50.0
309,2021-10-13,green,20.0,green,92.0,green,21.0,green,99.0,green,21.0,green,85.0,green,21.0,green,86.0,green,20.0,green,94.0,green,21.0,green,79.0
310,2021-10-14,green,18.5,green,89.0,green,19.0,green,97.0,yellow,21.0,green,87.0,green,18.5,green,88.0,green,19.0,green,93.0,green,20.0,green,80.0
311,2021-10-15,green,18.0,green,91.0,green,19.0,green,99.0,green,20.5,green,89.0,yellow,18.5,green,92.0,green,19.0,green,94.0,green,20.0,green,80.0
312,2021-10-16,green,18.0,green,92.0,green,19.0,green,96.0,green,21.0,green,83.0,yellow,17.5,green,91.0,green,19.0,green,94.0,green,20.0,green,82.0
313,2021-10-17,yellow,19.0,green,91.0,yellow,19.5,green,99.0,yellow,21.5,green,94.0,yellow,18.5,green,91.0,green,19.5,green,94.0,green,20.5,green,82.0
314,2021-10-18,yellow,20.0,green,93.0,yellow,20.5,green,98.0,green,21.5,green,94.0,green,20.0,green,92.0,yellow,20.0,green,96.0,green,21.0,green,81.0
315,2021-10-19,yellow,19.5,green,94.0,yellow,20.5,green,99.0,green,20.5,green,95.0,green,20.5,green,93.0,yellow,20.0,green,94.0,yellow,20.5,green,84.0
316,2021-10-20,green,18.0,green,93.0,green,19.5,green,97.0,green,20.0,green,94.0,green,19.0,green,94.0,green,19.5,green,98.0,green,20.0,green,88.0
317,2021-10-21,green,16.0,green,90.0,green,17.5,green,98.0,green,21.5,green,91.0,green,16.0,green,92.0,green,18.0,green,88.0,green,19.5,green,84.0
318,2021-10-22,green,16.5,green,93.0,green,17.5,green,98.0,green,21.5,green,95.0,green,16.0,green,86.0,green,17.5,green,82.0,green,19.0,green,84.0
319,2021-10-23,green,17.5,green,94.0,green,17.5,green,98.0,green,20.5,green,92.0,green,18.5,green,90.0,green,18.0,green,86.0,green,19.5,green,68.0
320,2021-10-24,green,17.5,green,90.0,green,17.5,green,99.0,green,20.5,green,92.0,green,18.0,green,91.0,green,17.5,green,74.0,green,18.5,green,75.0
321,2021-10-25,green,17.5,green,89.0,green,17.5,green,96.0,green,20.5,yellow,56.0,green,18.0,green,84.0,green,18.0,green,72.0,green,19.0,green,79.0
322,2021-10-26,green,18.0,green,87.0,green,18.5,green,95.0,green,21.0,yellow,46.0,green,19.5,green,82.0,green,18.5,yellow,53.0,green,19.5,green,70.0
323,2021-10-27,green,18.5,yellow,52.0,green,19.0,yellow,49.0,green,21.0,red,33.0,green,19.0,yellow,45.0,green,18.5,red,36.0,green,19.0,red,37.0
324,2021-10-28,green,18.5,yellow,50.0,green,18.5,green,76.0,green,21.5,yellow,53.0,green,18.5,red,27.0,green,19.0,red,27.0,green,20.0,red,26.0
325,2021-10-29,green,18.5,green,64.0,green,19.5,green,69.0,green,24.0,red,37.0,green,17.0,red,33.0,green,18.5,red,29.0,green,20.5,red,25.0
326,2021-10-30,green,19.0,yellow,47.0,green,20.5,yellow,46.0,green,24.0,red,35.0,green,18.0,red,28.0,green,20.5,red,26.0,green,20.5,red,17.0
327,2021-10-31,green,18.5,yellow,51.0,green,20.0,red,36.0,green,25.0,yellow,53.0,green,16.5,red,20.0,green,19.5,red,18.0,green,21.0,red,14.0
328,2021-11-01,green,18.0,green,79.0,green,20.5,yellow,47.0,green,24.0,green,78.0,yellow,17.5,red,32.0,green,20.0,red,30.0,green,20.5,red,20.0
329,2021-11-02,green,17.5,green,87.0,yellow,20.0,green,91.0,green,24.0,green,85.0,green,16.5,red,28.0,green,19.0,yellow,56.0,green,20.0,red,36.0
330,2021-11-03,green,17.0,green,94.0,green,20.0,green,94.0,green,24.5,green,82.0,green,15.5,yellow,54.0,green,19.5,green,73.0,green,21.0,yellow,54.0
331,2021-11-04,green,17.0,green,90.0,green,20.0,green,99.0,green,24.5,green,76.0,green,16.5,yellow,48.0,green,19.5,yellow,57.0,green,20.5,yellow,53.0
332,2021-11-05,green,17.5,green,94.0,green,20.5,green,94.0,green,24.0,green,76.0,green,17.0,yellow,55.0,green,19.0,yellow,48.0,green,20.5,yellow,51.0
333,2021-11-06,green,18.5,green,94.0,green,21.0,green,93.0,green,24.0,green,72.0,green,18.0,red,33.0,green,20.0,yellow,56.0,green,21.0,red,36.0
334,2021-11-07,green,18.0,green,93.0,green,21.0,green,85.0,green,24.0,green,69.0,green,18.5,red,34.0,green,20.0,yellow,54.0,green,20.5,red,33.0
335,2021-11-08,green,17.5,green,91.0,green,20.0,green,82.0,green,24.5,yellow,56.0,green,17.5,yellow,53.0,green,20.0,yellow,56.0,green,20.5,red,34.0
336,2021-11-09,green,17.5,green,90.0,green,20.0,green,90.0,green,24.5,yellow,56.0,green,17.5,yellow,54.0,green,19.5,yellow,52.0,green,21.0,red,35.0
337,2021-11-10,green,17.5,green,87.0,green,20.5,green,90.0,green,24.0,yellow,52.0,green,17.0,yellow,51.0,green,19.0,yellow,51.0,green,20.5,red,35.0
338,2021-11-11,green,17.0,green,90.0,green,20.0,green,84.0,green,23.0,yellow,55.0,green,15.5,red,31.0,green,18.0,yellow,51.0,green,20.0,red,35.0
339,2021-11-12,green,17.0,green,90.0,green,19.0,green,82.0,green,22.5,yellow,56.0,green,14.5,red,36.0,green,18.0,red,36.0,green,19.5,red,35.0
340,2021-11-13,green,17.0,green,79.0,green,18.5,green,79.0,green,22.0,yellow,51.0,green,15.0,red,36.0,green,18.0,red,34.0,green,19.0,red,37.0
341,2021-11-14,green,17.0,green,82.0,green,19.0,green,85.0,green,21.5,yellow,46.0,green,15.0,red,32.0,green,17.5,red,31.0,green,18.5,red,36.0
342,2021-11-15,green,17.5,green,85.0,green,19.0,green,87.0,green,21.5,yellow,54.0,green,17.0,red,33.0,green,18.0,red,37.0,green,18.5,red,29.0
343,2021-11-16,green,16.5,green,81.0,green,18.0,green,88.0,green,20.0,yellow,57.0,green,17.0,red,25.0,green,18.0,red,35.0,green,17.5,red,34.0
344,2021-11-17,green,17.0,green,78.0,green,18.0,green,87.0,green,20.0,yellow,49.0,green,17.0,red,26.0,green,17.0,red,35.0,green,17.0,red,36.0
345,2021-11-18,green,16.0,green,81.0,green,17.0,green,87.0,green,19.0,yellow,52.0,green,16.5,red,23.0,green,16.0,red,29.0,green,15.5,red,32.0
346,2021-11-19,green,16.5,green,73.0,green,17.0,green,85.0,green,19.0,yellow,51.0,green,17.5,red,30.0,green,16.5,red,29.0,green,16.0,red,34.0
347,2021-11-20,green,17.5,yellow,55.0,green,18.0,green,66.0,green,20.5,yellow,45.0,green,16.0,yellow,56.0,green,15.0,red,28.0,green,15.5,yellow,47.0
348,2021-11-21,green,18.0,red,36.0,green,18.5,red,34.0,green,21.0,red,33.0,green,11.0,green,97.0,green,10.5,green,97.0,green,11.0,green,98.0
349,2021-11-22,green,17.0,red,32.0,green,18.0,yellow,55.0,green,21.0,red,32.0,green,11.0,green,97.0,green,10.0,green,98.0,green,9.5,green,96.0
350,2021-11-23,blue,13.5,blue,93.0,blue,13.5,blue,94.0,blue,15.5,blue,89.0,blue,13.0,blue,,blue,12.0,blue,,blue,10.0,blue,
351,2021-11-24,blue,10.5,blue,99.0,blue,11.0,blue,99.0,blue,12.5,blue,97.0,blue,,blue,,blue,,blue,,blue,,blue,
352,2021-11-25,blue,10.5,blue,97.0,blue,9.5,blue,97.0,blue,11.0,blue,98.0,blue,,blue,,blue,,blue,,blue,,blue,
353,2021-11-26,blue,11.0,blue,98.0,blue,10.5,blue,97.0,blue,11.5,blue,98.0,blue,,blue,,blue,,blue,,blue,,blue,
354,2021-11-27,blue,11.0,blue,97.0,blue,11.0,blue,97.0,blue,12.0,blue,98.0,blue,,blue,,blue,,blue,,blue,,blue,
355,2021-11-28,blue,10.5,blue,,blue,10.0,blue,,blue,11.5,blue,,blue,,blue,,blue,,blue,,blue,,blue,
356,2021-11-29,blue,,blue,,blue,,blue,,blue,,blue,,blue,,blue,,blue,,blue,,blue,,blue,
357,2021-11-30,blue,,blue,,blue,,blue,,blue,,blue,,blue,,blue,,blue,,blue,,blue,,blue,
358,2021-12-01,blue,,blue,,blue,,blue,,blue,,blue,,blue,,blue,,blue,,blue,,blue,,blue,
359,2021-12-02,blue,,blue,,blue,,blue,,blue,,blue,,blue,,blue,,blue,,blue,,blue,,blue,
360,2021-12-03,blue,,blue,,blue,,blue,,blue,,blue,,blue,,blue,,blue,,blue,,blue,,blue,
361,2021-12-04,blue,,blue,,blue,,blue,,blue,,blue,,blue,,blue,,blue,,blue,,blue,,blue,
362,2021-12-05,blue,,blue,,blue,,blue,,blue,,blue,,blue,,blue,,blue,,blue,,blue,,blue,
363,2021-12-06,blue,,blue,,blue,,blue,,blue,,blue,,blue,,blue,,blue,,blue,,blue,,blue,
364,2021-12-07,blue,,blue,,blue,,blue,,blue,,blue,,blue,,blue,,blue,,blue,,blue,,blue,
365,2021-12-08,blue,,blue,,blue,,blue,,blue,,blue,,blue,,blue,,blue,,blue,,blue,,blue,
366,2021-12-09,blue,,blue,,blue,,blue,,blue,,blue,,blue,,blue,,blue,,blue,,blue,,blue,
367,2021-12-10,blue,,blue,,blue,,blue,,blue,,blue,,blue,,blue,,blue,,blue,,blue,,blue,
368,2021-12-11,blue,,blue,,blue,,blue,,blue,,blue,,blue,,blue,,blue,,blue,,blue,,blue,
369,2021-12-12,blue,,blue,,blue,,blue,,blue,,blue,,blue,,blue,,blue,,blue,,blue,,blue,
370,2021-12-13,green,27.5,blue,,green,25.5,blue,,green,24.0,blue,,blue,,blue,,blue,,blue,,blue,,blue,
371,2021-12-14,green,,blue,,green,,blue,,green,,blue,,blue,,blue,,blue,,blue,,blue,,blue,
372,2021-12-15,green,,blue,,green,,blue,,green,,blue,,blue,,blue,,blue,,blue,,blue,,blue,
373,2021-12-16,green,,blue,,green,,blue,,green,,blue,,blue,,blue,,blue,,blue,,blue,,blue,
374,2021-12-17,green,,blue,,green,,blue,,green,,blue,,blue,,blue,,blue,,blue,,blue,,blue,
375,2021-12-18,green,,blue,,green,,blue,,green,,blue,,blue,,blue,,blue,,blue,,blue,,blue,
376,2021-12-19,green,,blue,,green,,blue,,green,,blue,,blue,,blue,,blue,,blue,,blue,,blue,
377,2021-12-20,green,,blue,,green,,blue,,green,,blue,,blue,,blue,,blue,,blue,,blue,,blue,
378,2021-12-21,green,,blue,,green,,blue,,green,,blue,,blue,,blue,,blue,,blue,,blue,,blue,
379,2021-12-22,green,27.0,blue,,green,27.0,blue,,green,,blue,,green,31.0,blue,,green,28.0,blue,,green,27.5,blue,
380,2021-12-23,green,27.0,green,93.0,green,27.5,green,94.0,green,28.5,blue,,green,30.0,green,97.0,green,28.0,green,96.0,green,26.5,green,99.0
381,2021-12-24,green,26.5,green,97.0,green,27.5,green,96.0,green,28.5,green,88.0,green,29.0,green,88.0,green,28.0,green,90.0,green,26.5,green,97.0
382,2021-12-25,green,27.0,green,99.0,green,27.0,green,99.0,green,28.5,green,93.0,green,29.0,green,90.0,green,27.5,green,82.0,green,27.5,green,96.0
383,2021-12-26,green,27.0,green,97.0,green,26.5,green,97.0,green,28.5,green,99.0,green,29.5,green,87.0,green,27.5,green,87.0,green,27.5,green,96.0
384,2021-12-27,green,26.5,green,99.0,green,26.5,green,99.0,green,28.5,green,99.0,green,28.5,green,94.0,green,27.0,green,93.0,green,27.0,green,96.0
385,2021-12-28,green,26.5,green,97.0,green,26.5,green,99.0,green,28.5,green,97.0,green,28.5,green,99.0,green,26.5,green,94.0,green,27.5,green,96.0
386,2021-12-29,green,26.5,green,99.0,green,26.0,green,99.0,green,28.5,green,99.0,green,29.0,green,97.0,green,26.5,green,96.0,green,28.0,green,99.0
387,2021-12-30,green,26.0,green,97.0,green,26.5,green,96.0,green,28.0,green,99.0,green,29.0,green,99.0,green,27.0,green,94.0,green,28.0,green,96.0
388,2021-12-31,yellow,26.0,green,97.0,green,26.5,green,99.0,green,28.0,green,99.0,green,29.0,green,94.0,green,27.0,green,94.0,green,28.0,green,91.0
389,2022-01-01,green,26.0,green,99.0,green,26.5,green,98.0,green,27.0,green,98.0,green,29.5,green,96.0,green,26.5,green,94.0,green,27.5,green,99.0
390,2022-01-02,green,26.0,green,99.0,green,26.0,green,99.0,green,27.5,green,99.0,green,29.5,green,99.0,green,26.5,green,99.0,green,27.5,green,99.0
391,2022-01-03,green,25.5,green,99.0,green,26.5,green,99.0,green,28.0,green,98.0,green,29.0,green,99.0,green,27.0,green,97.0,green,27.5,green,94.0
392,2022-01-04,green,25.0,green,98.0,green,26.5,green,97.0,green,28.5,green,99.0,green,28.5,green,96.0,green,27.0,green,97.0,green,27.5,green,96.0
393,2022-01-05,green,25.5,green,97.0,green,26.0,green,99.0,green,27.5,green,97.0,green,29.0,green,97.0,green,26.5,green,99.0,green,27.0,green,99.0
394,2022-01-06,green,25.5,green,99.0,green,26.0,green,99.0,green,27.0,green,97.0,green,29.0,green,99.0,green,26.0,green,99.0,green,26.5,green,99.0
395,2022-01-07,green,25.0,green,99.0,green,25.5,green,97.0,green,27.0,green,99.0,green,28.5,green,99.0,green,26.0,green,99.0,green,27.0,green,99.0
396,2022-01-08,green,24.5,green,96.0,green,26.0,green,97.0,green,27.5,green,98.0,yellow,28.0,green,99.0,green,26.5,green,99.0,green,27.0,green,98.0
397,2022-01-09,green,25.0,green,99.0,green,26.0,green,94.0,green,27.5,green,99.0,green,27.5,green,99.0,green,26.0,green,99.0,green,27.0,green,97.0
398,2022-01-10,green,25.0,green,96.0,green,25.5,green,94.0,green,27.5,green,99.0,green,27.5,green,99.0,green,26.0,green,97.0,green,27.0,green,96.0
399,2022-01-11,green,25.0,green,94.0,green,26.0,green,96.0,green,28.5,green,99.0,green,26.5,green,98.0,green,26.5,green,98.0,green,27.5,green,99.0
400,2022-01-12,green,24.0,green,97.0,green,26.5,green,97.0,green,29.0,green,98.0,green,26.0,green,97.0,green,26.5,green,96.0,green,27.5,green,98.0
401,2022-01-13,green,24.0,green,96.0,green,26.5,green,96.0,green,29.0,green,99.0,green,26.0,green,99.0,green,26.5,green,97.0,green,27.5,green,99.0
402,2022-01-14,green,24.0,green,94.0,green,26.0,green,96.0,green,29.0,green,96.0,yellow,26.5,green,97.0,green,26.0,green,94.0,green,27.0,green,98.0
403,2022-01-15,green,24.5,green,96.0,green,26.0,green,94.0,green,28.5,green,96.0,green,27.0,green,96.0,green,25.5,green,94.0,green,27.0,green,99.0
404,2022-01-16,green,24.0,green,96.0,green,26.0,green,99.0,green,28.5,green,96.0,green,26.5,green,99.0,green,26.0,green,94.0,green,27.0,green,99.0
405,2022-01-17,green,23.0,green,93.0,green,26.0,green,97.0,green,28.5,green,94.0,green,25.5,green,96.0,green,26.0,green,90.0,green,27.0,green,99.0
406,2022-01-18,green,23.0,green,94.0,green,25.5,green,94.0,green,28.5,green,91.0,green,25.0,green,93.0,green,25.0,green,90.0,green,27.0,green,97.0
407,2022-01-19,green,23.0,green,87.0,green,25.5,green,93.0,green,28.0,green,93.0,green,26.0,green,87.0,green,25.0,green,93.0,green,27.0,green,97.0
408,2022-01-20,green,23.0,green,88.0,green,25.0,green,91.0,green,27.5,green,93.0,green,26.0,green,90.0,green,25.0,green,93.0,green,27.0,green,99.0
409,2022-01-21,green,22.5,green,90.0,green,24.5,green,93.0,green,27.0,green,96.0,yellow,26.5,green,96.0,green,24.5,green,94.0,green,27.0,green,99.0
410,2022-01-22,green,21.5,green,90.0,green,24.5,green,97.0,green,27.5,green,88.0,yellow,23.5,green,93.0,green,25.0,green,93.0,green,26.5,green,96.0
411,2022-01-23,green,22.0,green,91.0,yellow,24.0,green,94.0,green,27.0,green,90.0,yellow,24.0,green,93.0,green,24.5,green,93.0,green,26.5,green,97.0
412,2022-01-24,green,22.0,green,96.0,green,24.5,green,96.0,green,27.5,green,93.0,yellow,22.5,green,91.0,green,24.0,green,90.0,green,26.0,green,96.0
413,2022-01-25,green,22.5,green,93.0,green,24.5,green,93.0,green,27.0,green,93.0,green,25.0,green,94.0,green,24.5,green,91.0,green,26.5,green,99.0
414,2022-01-26,yellow,21.0,green,91.0,green,23.5,green,90.0,green,26.5,green,93.0,yellow,24.5,green,94.0,green,23.5,green,93.0,green,27.0,green,96.0
415,2022-01-27,green,21.5,green,88.0,green,24.0,green,96.0,green,27.5,green,91.0,green,21.5,green,96.0,green,24.0,green,96.0,green,26.0,green,96.0
416,2022-01-28,green,21.0,green,85.0,green,23.5,green,93.0,green,26.5,green,85.0,red,22.5,green,97.0,green,24.0,green,96.0,yellow,26.0,green,99.0
417,2022-01-29,green,20.0,green,85.0,green,24.0,green,93.0,green,27.5,green,88.0,green,21.0,green,90.0,green,23.0,green,93.0,green,25.0,green,96.0
418,2022-01-30,green,19.5,green,90.0,green,23.5,green,96.0,green,27.0,green,93.0,green,21.0,green,91.0,green,23.0,green,93.0,green,24.5,green,96.0
419,2022-01-31,green,20.0,green,93.0,green,23.5,green,94.0,green,27.0,green,94.0,green,20.0,green,93.0,green,23.0,green,96.0,green,25.5,green,97.0
420,2022-02-01,green,20.5,green,87.0,green,24.0,green,96.0,green,27.0,green,91.0,yellow,18.5,green,94.0,green,22.5,green,94.0,green,25.0,green,98.0
421,2022-02-02,green,21.5,green,93.0,green,24.5,green,97.0,green,26.5,green,97.0,green,20.5,green,93.0,green,22.5,green,94.0,green,24.0,green,94.0
422,2022-02-03,green,20.5,green,91.0,green,23.5,green,99.0,green,26.0,green,96.0,green,20.5,green,96.0,green,22.5,green,97.0,green,24.0,green,99.0
423,2022-02-04,green,20.5,green,91.0,green,23.5,green,97.0,green,26.0,green,96.0,green,19.5,green,96.0,green,22.5,green,90.0,green,24.0,green,96.0
424,2022-02-05,green,19.5,green,96.0,green,24.0,green,97.0,green,26.5,green,96.0,green,19.5,green,96.0,green,22.5,green,93.0,green,25.0,green,96.0
425,2022-02-06,yellow,19.5,green,96.0,green,24.0,green,99.0,green,27.0,green,94.0,green,17.5,green,96.0,green,22.5,green,96.0,green,25.0,green,99.0
426,2022-02-07,green,19.5,green,94.0,green,23.0,green,96.0,green,26.5,green,96.0,green,18.0,green,96.0,green,22.5,green,96.0,green,24.5,green,96.0
427,2022-02-08,green,20.5,green,96.0,green,24.5,green,98.0,green,27.5,green,99.0,green,18.5,green,94.0,green,23.0,green,94.0,green,26.0,green,99.0
428,2022-02-09,green,20.5,green,96.0,green,24.5,green,98.0,green,27.5,green,94.0,green,18.0,green,93.0,green,23.0,green,93.0,green,26.0,green,94.0
429,2022-02-10,green,20.0,green,94.0,green,24.0,green,99.0,green,27.0,green,94.0,green,18.0,green,93.0,green,23.0,green,96.0,green,25.5,green,99.0
430,2022-02-11,yellow,19.5,green,94.0,green,24.0,green,99.0,green,27.0,green,97.0,yellow,18.0,green,93.0,green,22.5,green,94.0,green,25.5,green,99.0
431,2022-02-12,green,20.0,green,93.0,green,23.0,green,96.0,green,26.0,green,96.0,green,18.0,green,91.0,green,21.5,green,91.0,green,24.0,green,97.0
432,2022-02-13,yellow,20.0,green,93.0,green,23.5,green,96.0,green,26.5,green,94.0,green,16.0,green,91.0,green,21.5,green,94.0,green,24.0,green,96.0
433,2022-02-14,green,20.0,green,96.0,green,23.5,green,97.0,green,26.5,green,96.0,green,16.5,green,94.0,green,21.5,green,96.0,green,24.5,green,98.0
434,2022-02-15,green,20.0,green,96.0,green,24.0,green,99.0,green,27.0,green,96.0,green,18.5,green,90.0,green,22.0,green,93.0,green,25.0,green,96.0
435,2022-02-16,green,21.0,green,97.0,green,24.0,green,97.0,green,27.5,green,96.0,green,18.5,green,90.0,green,23.0,green,94.0,green,25.5,green,99.0
436,2022-02-17,green,20.5,green,96.0,green,24.0,green,99.0,green,26.5,green,96.0,yellow,16.5,green,91.0,green,21.5,green,93.0,green,24.0,green,97.0
437,2022-02-18,yellow,20.0,green,94.0,green,23.5,green,99.0,green,26.5,green,94.0,yellow,17.5,green,93.0,green,22.0,green,93.0,green,25.0,green,99.0
438,2022-02-19,green,18.5,green,94.0,green,23.5,green,99.0,green,26.0,green,97.0,yellow,17.5,green,96.0,green,21.5,green,93.0,green,24.5,green,99.0
439,2022-02-20,green,20.5,green,96.0,green,24.5,green,97.0,green,26.5,green,99.0,green,20.5,green,96.0,green,22.5,green,94.0,green,25.0,green,99.0
440,2022-02-21,green,21.0,green,96.0,green,24.0,green,99.0,green,26.5,green,96.0,green,21.0,green,91.0,green,22.5,green,90.0,green,22.5,green,94.0
441,2022-02-22,green,21.5,green,93.0,green,23.5,green,94.0,green,26.0,green,93.0,green,21.5,green,88.0,green,22.5,green,87.0,green,23.5,green,94.0
442,2022-02-23,green,21.5,green,79.0,green,23.5,green,94.0,green,25.5,green,95.0,green,21.5,green,90.0,green,22.5,green,87.0,green,23.5,green,95.0
443,2022-02-24,green,21.5,green,73.0,green,23.5,green,97.0,green,26.0,green,94.0,green,21.5,green,92.0,green,22.5,green,87.0,green,23.5,green,98.0
444,2022-02-25,green,21.0,green,90.0,green,23.5,green,95.0,green,25.5,green,94.0,green,21.5,green,94.0,green,22.5,green,86.0,green,24.0,green,98.0
445,2022-02-26,green,21.5,green,90.0,green,24.0,green,92.0,green,26.0,green,94.0,green,21.5,green,84.0,green,22.5,green,92.0,green,24.5,green,94.0
446,2022-02-27,green,20.5,green,86.0,green,24.0,green,78.0,green,26.0,green,97.0,green,21.5,green,79.0,green,22.5,green,86.0,green,24.5,green,84.0
447,2022-02-28,green,21.0,green,73.0,green,24.0,green,73.0,green,26.5,green,78.0,green,22.5,yellow,48.0,green,23.0,yellow,46.0,green,25.0,green,66.0
448,2022-03-01,green,21.5,green,66.0,green,24.5,green,79.0,green,26.5,yellow,45.0,green,22.5,yellow,55.0,green,23.5,yellow,58.0,green,25.0,yellow,58.0
449,2022-03-02,green,21.0,yellow,49.0,green,24.0,green,71.0,green,26.5,red,39.0,green,22.0,yellow,52.0,green,23.0,yellow,58.0,green,24.5,yellow,55.0
450,2022-03-03,green,21.0,yellow,58.0,green,23.5,green,82.0,green,26.0,red,28.0,green,20.5,yellow,52.0,green,22.0,red,39.0,green,24.0,green,74.0
451,2022-03-04,green,21.5,yellow,50.0,green,24.0,green,92.0,green,26.5,yellow,58.0,green,20.5,green,73.0,green,22.0,yellow,49.0,green,24.0,green,89.0
452,2022-03-05,green,20.5,green,84.0,green,24.0,green,95.0,green,26.5,green,81.0,green,20.0,green,92.0,green,22.0,green,78.0,green,24.0,green,92.0
453,2022-03-06,green,20.5,green,87.0,green,23.0,green,94.0,green,26.0,green,92.0,green,20.5,green,90.0,green,21.5,green,86.0,green,23.0,green,95.0
454,2022-03-07,green,20.0,green,86.0,green,23.0,green,94.0,green,26.0,green,92.0,green,20.0,green,89.0,green,21.5,green,87.0,green,23.0,green,97.0
455,2022-03-08,green,20.5,green,90.0,green,23.0,green,95.0,green,26.0,green,95.0,green,20.5,green,87.0,green,22.0,green,90.0,green,23.5,green,94.0
456,2022-03-09,green,20.5,green,90.0,green,23.0,green,92.0,green,26.0,green,94.0,green,20.5,green,90.0,green,21.5,green,90.0,green,23.0,green,95.0
457,2022-03-10,green,21.5,green,89.0,green,23.0,green,95.0,green,26.0,green,94.0,green,20.0,green,86.0,green,21.5,green,81.0,green,23.0,green,98.0
458,2022-03-11,green,19.5,green,87.0,green,22.5,green,95.0,green,25.5,green,95.0,green,20.5,green,92.0,green,21.0,green,87.0,green,22.5,green,94.0
459,2022-03-12,green,20.0,green,89.0,green,22.5,green,89.0,green,25.5,green,94.0,yellow,19.0,green,86.0,green,21.0,green,89.0,green,23.0,green,95.0
460,2022-03-13,green,21.0,green,90.0,green,23.5,green,92.0,green,26.5,green,95.0,green,20.0,green,94.0,green,21.5,green,90.0,green,23.5,green,95.0
461,2022-03-14,green,20.5,green,87.0,green,23.5,green,92.0,green,26.0,green,94.0,green,20.0,green,84.0,green,21.0,green,89.0,green,23.5,green,95.0
462,2022-03-15,green,20.0,green,92.0,green,23.0,green,94.0,green,25.0,green,92.0,green,20.0,green,82.0,green,21.0,green,92.0,green,23.0,green,95.0
463,2022-03-16,yellow,20.0,green,92.0,green,23.0,green,95.0,green,25.0,green,90.0,yellow,20.5,green,90.0,green,22.0,green,92.0,green,23.0,green,94.0
464,2022-03-17,green,17.5,green,92.0,green,21.5,green,98.0,green,24.0,green,92.0,green,18.0,green,89.0,green,20.5,green,87.0,green,22.5,green,92.0
465,2022-03-18,green,17.5,green,90.0,green,21.0,green,92.0,green,24.0,green,89.0,green,18.0,green,90.0,green,21.5,green,86.0,green,23.5,green,95.0
466,2022-03-19,yellow,17.5,green,92.0,green,21.5,green,95.0,green,24.0,green,94.0,green,18.5,green,87.0,green,21.5,green,89.0,green,23.0,green,98.0
467,2022-03-20,yellow,19.5,green,89.0,green,23.0,green,95.0,green,24.0,green,95.0,yellow,19.5,green,90.0,green,22.0,green,95.0,green,22.5,green,98.0
468,2022-03-21,yellow,20.0,green,94.0,green,22.5,green,97.0,green,24.0,green,95.0,yellow,20.5,green,96.0,green,21.5,green,98.0,green,22.5,green,96.0
469,2022-03-22,green,17.0,green,93.0,green,21.5,green,97.0,green,24.5,green,94.0,green,16.5,green,92.0,green,21.0,green,94.0,green,22.5,green,95.0
470,2022-03-23,green,17.5,green,93.0,green,21.5,green,95.0,green,24.5,green,95.0,green,16.5,green,94.0,green,21.0,green,94.0,green,22.5,green,96.0
471,2022-03-24,green,17.0,green,93.0,green,20.0,green,97.0,green,23.5,green,91.0,green,17.0,green,94.0,green,21.5,green,97.0,green,22.5,green,96.0
472,2022-03-25,yellow,17.5,green,96.0,green,20.5,green,97.0,green,23.5,green,91.0,green,17.0,green,96.0,green,20.5,green,96.0,green,22.5,green,97.0
473,2022-03-26,yellow,16.0,green,96.0,yellow,20.0,green,98.0,green,23.0,green,93.0,green,16.0,green,91.0,green,20.0,green,96.0,green,22.0,green,97.0
474,2022-03-27,yellow,16.5,green,95.0,green,20.0,green,94.0,green,23.0,green,93.0,green,17.5,green,91.0,green,20.5,green,97.0,green,22.0,green,97.0
475,2022-03-28,green,16.5,green,95.0,green,20.0,green,96.0,green,21.5,green,94.0,green,17.0,green,93.0,green,20.0,green,94.0,green,22.0,green,96.0
476,2022-03-29,green,17.0,green,94.0,green,20.5,green,97.0,green,21.5,green,91.0,yellow,18.0,green,91.0,green,20.0,green,96.0,green,22.0,green,97.0
477,2022-03-30,green,16.5,green,93.0,green,19.5,green,97.0,green,21.5,green,91.0,green,16.0,green,93.0,green,20.0,green,92.0,green,21.5,green,97.0
478,2022-03-31,yellow,16.0,green,92.0,green,19.0,green,96.0,green,20.5,green,95.0,green,16.0,green,93.0,green,19.5,green,96.0,green,21.5,green,97.0
479,2022-04-01,green,17.0,green,93.0,green,19.5,green,97.0,green,20.5,green,92.0,yellow,17.5,green,94.0,green,20.0,green,96.0,green,21.5,green,99.0
480,2022-04-02,yellow,17.0,green,97.0,green,20.0,green,99.0,green,21.5,green,96.0,yellow,17.5,green,94.0,green,20.0,green,95.0,green,21.5,green,98.0
481,2022-04-03,yellow,16.0,green,95.0,green,20.0,green,96.0,green,21.0,green,95.0,yellow,17.0,green,92.0,green,19.5,green,95.0,green,21.5,green,98.0
482,2022-04-04,yellow,16.5,green,95.0,green,20.0,green,97.0,green,21.0,green,95.0,yellow,17.0,green,95.0,green,20.0,green,93.0,green,21.0,green,97.0
483,2022-04-05,green,16.0,green,94.0,green,19.5,green,97.0,green,20.5,green,96.0,green,16.5,green,95.0,green,19.5,green,94.0,green,21.0,green,99.0
484,2022-04-06,green,16.0,green,96.0,green,19.5,green,96.0,green,21.0,green,93.0,green,15.5,green,92.0,green,19.0,green,97.0,green,21.0,green,98.0
485,2022-04-07,green,15.0,green,96.0,green,19.0,green,98.0,green,20.5,green,94.0,green,15.5,green,93.0,green,18.5,green,97.0,green,21.0,green,96.0
486,2022-04-08,green,15.5,green,95.0,green,20.0,green,96.0,green,21.0,green,95.0,green,16.0,green,94.0,green,18.5,green,95.0,green,21.0,green,97.0
487,2022-04-09,red,16.5,green,96.0,yellow,19.5,green,96.0,yellow,20.5,green,95.0,yellow,17.0,green,92.0,green,19.0,green,92.0,green,20.5,green,97.0
488,2022-04-10,red,18.5,green,97.0,yellow,21.0,green,96.0,yellow,21.0,green,96.0,red,18.5,green,94.0,yellow,20.0,green,98.0,green,21.0,green,96.0
489,2022-04-11,yellow,18.0,green,93.0,yellow,20.0,green,97.0,yellow,21.0,green,94.0,yellow,17.5,green,93.0,green,19.5,green,96.0,green,20.0,green,97.0
490,2022-04-12,red,20.0,green,96.0,red,21.5,green,99.0,red,21.5,green,93.0,red,20.5,green,96.0,red,21.5,green,99.0,red,22.0,green,94.0
491,2022-04-13,yellow,14.5,green,91.0,green,18.0,green,91.0,yellow,19.0,green,84.0,yellow,15.0,green,86.0,green,19.0,green,95.0,green,20.0,green,92.0
492,2022-04-14,yellow,14.0,green,89.0,green,18.0,green,94.0,green,19.5,green,87.0,green,15.0,green,84.0,green,18.5,green,93.0,green,20.0,green,91.0
493,2022-04-15,yellow,13.5,green,92.0,green,18.0,green,92.0,green,19.5,green,92.0,yellow,15.0,green,71.0,green,18.5,green,85.0,green,20.0,green,78.0
494,2022-04-16,yellow,14.0,green,91.0,green,18.0,green,72.0,green,20.0,green,89.0,yellow,15.0,green,68.0,green,18.0,green,87.0,green,20.0,green,72.0
495,2022-04-17,green,14.5,green,76.0,green,17.5,green,73.0,green,20.0,green,82.0,green,14.5,green,71.0,green,18.0,green,80.0,green,20.0,green,73.0
496,2022-04-18,green,14.5,green,64.0,green,17.5,green,73.0,green,19.5,green,89.0,green,15.0,green,77.0,green,19.0,green,84.0,green,20.5,green,79.0
497,2022-04-19,green,14.0,green,82.0,green,18.0,green,81.0,green,19.5,green,82.0,green,14.5,green,85.0,green,18.5,green,86.0,green,20.0,green,85.0
498,2022-04-20,yellow,15.5,green,92.0,green,19.0,green,95.0,green,20.0,green,77.0,yellow,17.0,green,97.0,green,19.0,green,97.0,green,20.0,green,92.0
499,2022-04-21,green,17.5,green,87.0,green,20.0,green,93.0,green,20.0,green,85.0,green,18.5,green,97.0,green,20.0,green,97.0,green,20.5,green,97.0
500,2022-04-22,green,21.0,green,95.0,green,22.0,green,97.0,yellow,21.0,green,94.0,green,21.5,green,98.0,green,22.0,green,96.0,yellow,21.5,green,99.0
501,2022-04-23,yellow,21.5,green,96.0,yellow,23.0,green,96.0,yellow,21.5,green,95.0,green,21.5,green,99.0,green,21.5,green,97.0,green,21.5,green,99.0
502,2022-04-24,yellow,16.5,green,96.0,green,19.5,green,97.0,green,20.5,green,95.0,yellow,17.5,green,97.0,green,19.0,green,99.0,green,20.5,green,97.0
503,2022-04-25,yellow,14.5,green,96.0,green,19.0,green,99.0,green,20.0,green,97.0,yellow,15.0,green,95.0,green,18.5,green,97.0,green,20.5,green,99.0
504,2022-04-26,yellow,16.5,green,96.0,green,20.0,green,97.0,green,20.0,green,97.0,yellow,17.0,green,97.0,green,19.0,green,97.0,green,20.0,green,96.0
505,2022-04-27,yellow,18.0,green,96.0,yellow,21.0,green,98.0,yellow,20.5,green,97.0,green,18.5,green,97.0,yellow,20.0,green,99.0,yellow,20.0,green,99.0
506,2022-04-28,green,19.0,green,96.0,green,21.5,green,98.0,green,20.5,green,98.0,green,20.0,green,96.0,green,20.5,green,97.0,green,20.5,green,94.0
507,2022-04-29,green,19.5,green,98.0,green,21.5,green,97.0,green,20.0,green,97.0,green,21.0,green,96.0,green,21.0,green,99.0,green,21.0,green,99.0
508,2022-04-30,green,18.5,green,97.0,green,20.5,green,98.0,green,20.5,green,97.0,green,19.5,green,98.0,green,19.0,green,98.0,green,20.5,green,98.0
509,2022-05-01,green,16.5,green,99.0,green,19.0,green,99.0,green,20.5,green,99.0,green,17.0,green,94.0,green,18.5,green,97.0,green,20.5,green,99.0
510,2022-05-02,green,16.0,green,98.0,green,19.0,green,97.0,green,21.0,green,97.0,green,16.0,green,97.0,green,18.5,green,98.0,green,20.0,green,96.0
511,2022-05-03,yellow,17.0,green,86.0,green,19.0,green,97.0,green,20.5,green,97.0,yellow,17.5,green,96.0,green,18.5,green,96.0,green,20.0,green,99.0
512,2022-05-04,green,18.0,green,96.0,green,20.0,green,98.0,green,20.0,green,96.0,green,18.5,green,95.0,green,19.5,green,97.0,green,20.0,green,98.0
513,2022-05-05,green,19.0,green,99.0,green,20.5,green,97.0,yellow,20.0,green,99.0,green,20.0,green,97.0,green,19.5,green,96.0,yellow,20.0,green,98.0
514,2022-05-06,yellow,19.5,green,99.0,green,21.5,green,99.0,yellow,20.0,green,98.0,green,20.5,green,98.0,yellow,21.0,green,97.0,yellow,20.5,green,96.0
515,2022-05-07,green,20.5,green,96.0,green,22.0,green,99.0,yellow,21.0,green,96.0,yellow,21.0,green,97.0,green,21.5,green,99.0,green,21.0,green,98.0
516,2022-05-08,green,20.0,green,99.0,green,21.0,green,98.0,green,20.0,green,95.0,green,21.0,green,99.0,green,21.0,green,99.0,green,21.0,green,99.0
517,2022-05-09,red,25.0,green,97.0,red,26.0,green,98.0,red,25.0,green,95.0,red,26.0,green,97.0,red,26.0,green,98.0,red,26.0,green,98.0
518,2022-05-10,red,23.0,green,96.0,yellow,24.0,green,99.0,red,22.5,green,93.0,yellow,23.5,green,96.0,yellow,23.5,green,99.0,red,23.0,green,97.0
519,2022-05-11,red,27.5,green,97.0,red,28.0,green,98.0,red,27.0,green,98.0,red,27.5,green,99.0,red,27.5,green,97.0,red,27.5,green,97.0
520,2022-05-12,red,28.0,green,99.0,red,29.0,green,97.0,red,28.0,green,97.0,red,28.0,green,99.0,red,28.0,green,98.0,red,28.0,green,98.0
521,2022-05-13,red,22.5,green,99.0,red,23.5,green,98.0,red,22.0,green,97.0,red,22.5,green,98.0,red,22.5,green,99.0,red,22.0,green,98.0
522,2022-05-14,red,23.5,green,97.0,yellow,24.5,green,99.0,red,23.0,green,97.0,red,24.0,green,97.0,red,23.5,green,99.0,red,24.0,green,98.0
523,2022-05-15,yellow,21.0,green,97.0,yellow,22.0,green,99.0,red,20.5,green,97.0,yellow,22.0,green,96.0,yellow,21.5,green,97.0,red,21.5,green,99.0
524,2022-05-16,red,22.5,green,99.0,yellow,23.5,green,98.0,red,22.5,green,97.0,red,23.0,green,98.0,red,23.0,green,99.0,red,23.5,green,99.0
525,2022-05-17,green,20.5,green,95.0,green,22.0,green,98.0,green,20.0,green,93.0,green,21.0,green,97.0,green,21.0,green,98.0,green,20.5,green,97.0
526,2022-05-18,yellow,22.5,green,97.0,yellow,23.5,green,99.0,red,22.0,green,97.0,yellow,23.5,green,97.0,yellow,23.0,green,99.0,red,23.5,green,99.0
527,2022-05-19,red,25.5,green,97.0,red,26.0,green,99.0,red,25.0,green,98.0,red,25.5,green,98.0,red,25.5,green,98.0,red,25.0,green,97.0
528,2022-05-20,green,20.0,green,97.0,green,21.0,green,97.0,green,19.5,green,97.0,green,21.5,green,98.0,green,20.5,green,99.0,yellow,21.5,green,98.0
529,2022-05-21,green,18.5,green,96.0,green,20.0,green,99.0,yellow,20.0,green,96.0,yellow,19.0,green,96.0,green,19.0,green,96.0,yellow,20.0,green,97.0
530,2022-05-22,green,18.5,green,95.0,green,20.5,green,97.0,green,19.5,green,96.0,green,19.0,green,93.0,green,20.0,green,95.0,green,20.5,green,97.0
531,2022-05-23,green,20.0,green,96.0,green,21.5,green,97.0,green,21.0,green,91.0,green,20.0,green,91.0,green,20.5,green,97.0,green,20.5,green,95.0
532,2022-05-24,green,20.0,green,97.0,green,21.0,green,96.0,green,21.5,green,96.0,green,20.0,green,96.0,green,20.5,green,97.0,green,21.0,green,99.0
533,2022-05-25,green,19.5,green,96.0,green,20.5,green,98.0,green,21.5,green,96.0,green,19.0,green,97.0,green,20.0,green,98.0,green,21.5,green,96.0
534,2022-05-26,green,18.5,green,96.0,green,20.0,green,99.0,green,20.5,green,95.0,green,19.0,green,95.0,green,19.5,green,99.0,green,20.5,green,98.0
535,2022-05-27,yellow,20.0,green,95.0,yellow,22.0,green,97.0,yellow,21.5,green,94.0,yellow,20.5,green,95.0,yellow,21.5,green,96.0,yellow,21.5,green,99.0
536,2022-05-28,red,24.5,green,97.0,yellow,25.5,green,98.0,red,24.5,green,93.0,red,25.0,green,97.0,yellow,24.5,green,99.0,red,24.5,green,99.0
537,2022-05-29,green,25.5,green,98.0,green,26.5,green,97.0,green,25.0,green,96.0,green,25.5,green,97.0,green,25.5,green,96.0,green,25.5,green,97.0
538,2022-05-30,red,26.5,green,99.0,yellow,27.0,green,97.0,red,26.0,green,98.0,red,26.5,green,99.0,red,26.5,green,96.0,red,26.5,green,97.0
539,2022-05-31,yellow,22.0,green,97.0,yellow,23.0,green,96.0,yellow,21.5,green,92.0,yellow,22.5,green,96.0,yellow,22.0,green,98.0,yellow,22.0,green,96.0
540,2022-06-01,yellow,19.5,green,94.0,green,21.0,green,99.0,green,20.0,green,89.0,yellow,20.5,green,93.0,green,20.5,green,97.0,green,21.0,green,96.0
541,2022-06-02,red,21.0,green,94.0,yellow,22.5,green,97.0,yellow,22.0,green,93.0,yellow,21.5,green,95.0,yellow,22.0,green,97.0,yellow,22.5,green,97.0
542,2022-06-03,yellow,21.5,green,94.0,yellow,23.0,green,97.0,red,22.0,green,93.0,yellow,22.0,green,96.0,yellow,22.0,green,99.0,red,23.0,green,97.0
543,2022-06-04,green,21.0,green,96.0,green,21.5,green,96.0,green,20.5,green,93.0,green,21.0,green,95.0,green,20.5,green,99.0,green,21.0,green,96.0
544,2022-06-05,green,21.5,green,97.0,green,22.0,green,96.0,green,21.5,green,93.0,green,22.0,green,96.0,green,21.5,green,99.0,green,22.0,green,98.0
545,2022-06-06,blue,20.0,blue,,blue,20.5,blue,,blue,19.5,blue,,green,21.5,green,97.0,green,21.0,green,99.0,green,21.5,green,97.0
546,2022-06-07,blue,,blue,,blue,,blue,,blue,,blue,,green,22.5,green,97.0,green,22.0,green,99.0,green,22.5,green,97.0
547,2022-06-08,blue,,blue,,blue,,blue,,blue,,blue,,yellow,22.5,green,98.0,yellow,22.0,green,97.0,yellow,22.5,green,97.0
548,2022-06-09,blue,,blue,,blue,,blue,,blue,,blue,,green,22.0,green,99.0,green,21.5,green,98.0,green,22.0,green,98.0
549,2022-06-10,blue,,blue,,blue,,blue,,blue,,blue,,blue,20.0,blue,,blue,19.0,blue,,blue,19.5,blue,
550,2022-06-11,blue,,blue,,blue,,blue,,blue,,blue,,blue,,blue,,blue,,blue,,blue,,blue,
551,2022-06-12,blue,,blue,,blue,,blue,,blue,,blue,,blue,,blue,,blue,,blue,,blue,,blue,
552,2022-06-13,blue,,blue,,blue,,blue,,blue,,blue,,blue,,blue,,blue,,blue,,blue,,blue,
553,2022-06-14,blue,,blue,,blue,,blue,,blue,,blue,,blue,,blue,,blue,,blue,,blue,,blue,
554,2022-06-15,blue,,blue,,blue,,blue,,blue,,blue,,blue,,blue,,blue,,blue,,blue,,blue,
555,2022-06-16,blue,,blue,,blue,,blue,,blue,,blue,,blue,,blue,,blue,,blue,,blue,,blue,
