,Date (America/Chicago),"Maschhoff_HOTC_WC_RM7 Temp shock - color
 (MO201201-ZB856GBP)","Maschhoff_HOTC_WC_RM7Temp (°C) - data
 (MO201201-ZB856GBP)","Maschhoff_HOTC_WC_RM7 ReHS - color
 (MO201201-ZB856GBP)","Maschhoff_HOTC_WC_RM7 ReHS - data
(MO201201-ZB856GBP)","Maschhoff_HOTC_WW_RM7 Temp shock - color
 (MO201301-9V9PHSMB)","Maschhoff_HOTC_WW_RM7Temp (°C) - data
 (MO201301-9V9PHSMB)","Maschhoff_HOTC_WW_RM7 ReHS - color
 (MO201301-9V9PHSMB)","Maschhoff_HOTC_WW_RM7 ReHS - data
(MO201301-9V9PHSMB)","Maschhoff_HOTC_EC_RM7 Temp shock - color
 (MO201301-48J2HC6M)","Maschhoff_HOTC_EC_RM7Temp (°C) - data
 (MO201301-48J2HC6M)","Maschhoff_HOTC_EC_RM7 ReHS - color
 (MO201301-48J2HC6M)","Maschhoff_HOTC_EC_RM7 ReHS - data
(MO201301-48J2HC6M)","Maschhoff_HOTC_EE_RM8 Temp shock - color
 (MO201401-QHJLTHT9)","Maschhoff_HOTC_EE_RM8Temp (°C) - data
 (MO201401-QHJLTHT9)","Maschhoff_HOTC_EE_RM8 ReHS - color
 (MO201401-QHJLTHT9)","Maschhoff_HOTC_EE_RM8 ReHS - data
(MO201401-QHJLTHT9)","Maschhoff_HOTC_C_RM7 Temp shock - color
 (MO201901-6P8LLGNG)","Maschhoff_HOTC_C_RM7Temp (°C) - data
 (MO201901-6P8LLGNG)","Maschhoff_HOTC_C_RM7 ReHS - color
 (MO201901-6P8LLGNG)","Maschhoff_HOTC_C_RM7 ReHS - data
(MO201901-6P8LLGNG)","Maschhoff_HOTC_WC_RM8 Temp shock - color
 (MO201901-QVBMLZV7)","Maschhoff_HOTC_WC_RM8Temp (°C) - data
 (MO201901-QVBMLZV7)","Maschhoff_HOTC_WC_RM8 ReHS - color
 (MO201901-QVBMLZV7)","Maschhoff_HOTC_WC_RM8 ReHS - data
(MO201901-QVBMLZV7)","Maschhoff_HOTC_EE_RM7 Temp shock - color
 (MO202001-VWHX49GR)","Maschhoff_HOTC_EE_RM7Temp (°C) - data
 (MO202001-VWHX49GR)","Maschhoff_HOTC_EE_RM7 ReHS - color
 (MO202001-VWHX49GR)","Maschhoff_HOTC_EE_RM7 ReHS - data
(MO202001-VWHX49GR)","Maschhoff_HOTC_C_RM8 Temp shock - color
 (MO202001-5VW997BT)","Maschhoff_HOTC_C_RM8Temp (°C) - data
 (MO202001-5VW997BT)","Maschhoff_HOTC_C_RM8 ReHS - color
 (MO202001-5VW997BT)","Maschhoff_HOTC_C_RM8 ReHS - data
(MO202001-5VW997BT)","Maschhoff_HOTC_EC_RM8 Temp shock - color
 (MO202101-5HBHCH9K)","Maschhoff_HOTC_EC_RM8Temp (°C) - data
 (MO202101-5HBHCH9K)","Maschhoff_HOTC_EC_RM8 ReHS - color
 (MO202101-5HBHCH9K)","Maschhoff_HOTC_EC_RM8 ReHS - data
(MO202101-5HBHCH9K)","Maschhoff_HOTC_WW_RM8 Temp shock - color
 (MO202201-TTDCTLQN)","Maschhoff_HOTC_WW_RM8Temp (°C) - data
 (MO202201-TTDCTLQN)","Maschhoff_HOTC_WW_RM8 ReHS - color
 (MO202201-TTDCTLQN)","Maschhoff_HOTC_WW_RM8 ReHS - data
(MO202201-TTDCTLQN)"
0,2021-02-08,blue,,blue,,green,,blue,,green,,blue,,green,,blue,,blue,,blue,,green,,blue,,green,,blue,,blue,,blue,,green,,blue,,green,,blue,
1,2021-02-09,blue,,blue,,green,,blue,,green,,blue,,green,,blue,,blue,,blue,,green,,blue,,green,,blue,,blue,,blue,,green,,blue,,green,,blue,
2,2021-02-10,blue,,blue,,green,,blue,,green,,blue,,green,,blue,,green,,blue,,green,,blue,,green,,blue,,green,,blue,,green,,blue,,green,,blue,
3,2021-02-11,blue,,blue,,green,27.0,blue,,green,27.5,blue,,green,20.5,blue,,green,27.5,blue,,green,20.0,blue,,green,26.5,blue,,green,21.5,blue,,green,21.5,blue,,green,19.5,blue,
4,2021-02-12,blue,,blue,,green,,blue,,green,,blue,,green,,blue,,green,,blue,,green,,blue,,green,,blue,,green,,blue,,green,,blue,,green,,blue,
5,2021-02-13,blue,,blue,,blue,,blue,,blue,,blue,,blue,,blue,,blue,,blue,,blue,,blue,,blue,,blue,,blue,,blue,,blue,,blue,,blue,,blue,
6,2021-02-14,blue,,blue,,blue,,blue,,blue,,blue,,blue,,blue,,blue,,blue,,blue,,blue,,blue,,blue,,blue,,blue,,blue,,blue,,blue,,blue,
7,2021-02-15,blue,,blue,,blue,,blue,,blue,,blue,,blue,,blue,,blue,,blue,,blue,,blue,,blue,,blue,,blue,,blue,,blue,,blue,,blue,,blue,
8,2021-02-16,blue,,blue,,blue,,blue,,blue,,blue,,blue,,blue,,blue,,blue,,blue,,blue,,blue,,blue,,blue,,blue,,blue,,blue,,blue,,blue,
9,2021-02-17,blue,,blue,,blue,,blue,,blue,,blue,,blue,,blue,,blue,,blue,,blue,,blue,,blue,,blue,,blue,,blue,,blue,,blue,,blue,,blue,
10,2021-02-18,blue,,blue,,blue,,blue,,blue,,blue,,blue,,blue,,blue,,blue,,blue,,blue,,blue,,blue,,blue,,blue,,blue,,blue,,blue,,blue,
11,2021-02-19,blue,,blue,,blue,,blue,,blue,,blue,,blue,,blue,,blue,,blue,,blue,,blue,,blue,,blue,,blue,,blue,,blue,,blue,,blue,,blue,
12,2021-02-20,blue,,blue,,blue,,blue,,blue,,blue,,blue,,blue,,blue,,blue,,blue,,blue,,blue,,blue,,blue,,blue,,blue,,blue,,blue,,blue,
13,2021-02-21,blue,,blue,,blue,,blue,,blue,,blue,,blue,,blue,,blue,,blue,,blue,,blue,,blue,,blue,,blue,,blue,,blue,,blue,,blue,,blue,
14,2021-02-22,blue,,blue,,blue,,blue,,blue,,blue,,blue,,blue,,blue,,blue,,blue,,blue,,blue,,blue,,blue,,blue,,blue,,blue,,blue,,blue,
15,2021-02-23,blue,,blue,,blue,,blue,,blue,,blue,,blue,,blue,,blue,,blue,,blue,,blue,,blue,,blue,,blue,,blue,,blue,,blue,,blue,,blue,
16,2021-02-24,blue,,blue,,blue,,blue,,blue,,blue,,blue,,blue,,blue,,blue,,blue,,blue,,blue,,blue,,blue,,blue,,blue,,blue,,blue,,blue,
17,2021-02-25,red,,blue,,green,23.5,green,,yellow,27.5,yellow,,green,26.5,green,,green,24.5,green,,green,26.5,red,,red,30.0,red,,green,26.5,green,,green,27.0,green,,green,27.5,green,
18,2021-02-26,red,26.5,red,,green,23.0,yellow,69.0,yellow,28.0,red,54.0,green,26.5,green,90.0,green,24.0,yellow,67.0,green,26.0,red,30.0,red,33.5,red,24.0,green,26.0,green,92.0,green,27.0,green,74.0,green,27.0,red,66.0
19,2021-02-27,red,25.0,red,26.0,green,24.0,yellow,56.0,red,25.5,red,37.0,green,26.5,green,79.0,green,24.5,yellow,50.0,green,26.5,red,26.0,red,28.0,red,15.0,green,26.0,yellow,71.0,green,27.0,green,67.0,green,26.5,red,36.0
20,2021-02-28,red,24.0,red,25.0,green,24.0,green,54.0,yellow,24.5,yellow,32.0,green,26.5,green,73.0,green,24.5,green,48.0,green,26.5,red,27.0,red,25.0,red,14.0,green,26.0,green,56.0,green,27.5,green,68.0,green,27.0,green,33.0
21,2021-03-01,red,24.5,red,34.0,green,23.0,green,66.0,red,25.5,yellow,44.0,green,25.5,green,87.0,green,24.0,green,65.0,green,25.5,red,32.0,red,29.0,red,16.0,green,25.0,green,90.0,green,26.0,yellow,68.0,green,26.5,yellow,68.0
22,2021-03-02,red,24.5,red,36.0,green,23.0,yellow,66.0,yellow,25.0,yellow,50.0,green,25.5,green,81.0,green,24.0,green,71.0,green,25.5,red,25.0,red,28.5,red,18.0,green,25.0,green,83.0,green,26.0,yellow,55.0,green,26.5,red,52.0
23,2021-03-03,green,24.0,red,30.0,green,23.5,yellow,54.0,green,24.5,red,44.0,green,26.0,yellow,68.0,green,24.5,yellow,65.0,green,25.0,red,24.0,green,26.5,red,14.0,green,25.0,green,71.0,green,26.5,yellow,46.0,green,25.5,red,33.0
24,2021-03-04,green,22.5,red,27.0,green,23.0,yellow,52.0,green,23.5,red,35.0,green,25.0,yellow,52.0,green,24.0,yellow,47.0,green,25.0,red,26.0,green,24.0,red,12.0,green,25.0,green,74.0,green,25.5,red,44.0,green,25.0,red,27.0
25,2021-03-05,red,22.5,red,27.0,green,23.0,yellow,51.0,yellow,23.5,red,32.0,green,24.5,yellow,56.0,green,23.0,yellow,46.0,green,24.5,red,20.0,red,25.0,red,12.0,green,24.0,green,76.0,green,25.0,yellow,34.0,green,25.0,red,27.0
26,2021-03-06,green,22.5,red,30.0,green,22.5,yellow,52.0,green,23.5,red,34.0,green,24.5,yellow,55.0,green,23.5,yellow,46.0,green,24.5,red,27.0,green,25.0,red,12.0,green,24.0,green,79.0,green,25.5,red,45.0,green,25.0,red,37.0
27,2021-03-07,green,22.0,red,33.0,green,22.5,yellow,46.0,green,23.0,red,35.0,green,24.5,yellow,47.0,green,23.5,yellow,43.0,green,24.0,red,25.0,green,24.0,red,10.0,green,24.5,red,69.0,green,25.5,red,36.0,green,25.0,red,31.0
28,2021-03-08,green,22.0,red,31.0,green,22.5,yellow,50.0,green,23.0,yellow,35.0,green,25.0,yellow,49.0,green,23.5,yellow,45.0,green,24.0,red,26.0,green,23.5,red,13.0,green,24.5,red,32.0,green,26.0,red,33.0,green,25.0,red,28.0
29,2021-03-09,green,22.5,yellow,35.0,green,23.0,green,55.0,green,23.0,yellow,47.0,green,25.0,red,52.0,green,23.5,yellow,48.0,green,24.0,red,30.0,green,23.5,red,12.0,green,25.0,red,30.0,green,26.0,red,33.0,green,25.0,yellow,30.0
30,2021-03-10,green,21.5,yellow,45.0,green,21.5,green,77.0,green,22.5,yellow,46.0,green,26.0,red,35.0,green,23.5,yellow,53.0,green,23.5,red,25.0,green,23.5,red,10.0,green,25.0,red,31.0,green,26.5,red,29.0,green,25.0,red,50.0
31,2021-03-11,green,21.0,red,45.0,green,20.5,yellow,86.0,green,21.0,yellow,49.0,green,25.5,red,36.0,green,22.5,yellow,47.0,green,23.5,red,26.0,green,23.5,red,9.0,green,25.0,red,25.0,green,26.5,red,25.0,green,25.0,red,32.0
32,2021-03-12,green,21.0,red,32.0,green,21.0,yellow,54.0,green,21.5,yellow,45.0,green,25.0,red,26.0,green,22.0,yellow,46.0,green,24.5,red,19.0,green,22.5,red,14.0,green,25.0,red,22.0,green,26.0,red,21.0,green,25.0,red,17.0
33,2021-03-13,green,20.5,red,35.0,green,20.5,yellow,54.0,green,21.0,red,47.0,green,25.0,red,19.0,green,21.5,red,50.0,green,24.5,red,16.0,green,22.5,red,14.0,green,24.5,red,20.0,green,26.0,red,15.0,green,25.5,red,17.0
34,2021-03-14,green,20.0,red,26.0,green,20.5,yellow,46.0,green,21.0,red,31.0,green,25.0,red,8.0,green,21.0,red,36.0,green,24.0,red,6.0,green,22.5,red,6.0,green,24.5,red,13.0,green,25.5,red,7.0,green,25.5,red,9.0
35,2021-03-15,green,20.5,red,28.0,green,20.5,yellow,45.0,green,21.0,red,31.0,green,25.0,red,16.0,green,21.0,yellow,46.0,green,24.0,red,16.0,green,22.0,red,15.0,green,24.5,red,21.0,green,25.5,red,12.0,green,25.0,red,13.0
36,2021-03-16,green,20.5,red,27.0,green,21.0,yellow,46.0,green,21.5,red,22.0,green,25.0,red,12.0,green,21.0,red,34.0,green,23.5,red,12.0,green,22.5,red,10.0,green,24.0,red,14.0,green,25.5,red,4.0,green,25.0,red,10.0
37,2021-03-17,green,20.0,red,34.0,green,19.5,green,63.0,green,20.0,red,32.0,green,25.0,red,8.0,green,21.0,yellow,48.0,green,23.0,red,16.0,green,22.0,red,8.0,green,24.0,red,15.0,green,25.5,red,6.0,green,25.0,red,18.0
38,2021-03-18,green,20.0,red,26.0,green,20.0,green,67.0,green,20.5,red,20.0,green,24.0,red,13.0,green,21.0,yellow,43.0,green,22.0,red,22.0,green,22.0,red,7.0,green,23.5,red,20.0,green,25.0,red,10.0,green,24.0,red,20.0
39,2021-03-19,green,21.0,red,26.0,green,21.0,red,30.0,green,21.5,red,20.0,green,23.0,red,8.0,green,21.5,red,36.0,green,23.0,red,13.0,green,22.0,red,6.0,green,23.0,red,17.0,green,24.0,red,8.0,green,23.5,red,12.0
40,2021-03-20,green,20.5,red,32.0,green,21.0,red,37.0,green,21.0,red,25.0,green,23.5,red,12.0,green,21.5,red,32.0,green,22.5,red,21.0,green,21.0,red,9.0,green,23.0,red,23.0,green,24.0,red,7.0,green,24.0,red,28.0
41,2021-03-21,green,21.0,red,30.0,yellow,21.5,yellow,50.0,green,21.0,red,27.0,green,23.5,red,11.0,green,21.5,red,34.0,green,22.5,red,23.0,green,21.5,red,7.0,green,23.0,red,22.0,green,24.5,red,8.0,green,24.0,red,31.0
42,2021-03-22,green,21.0,red,29.0,yellow,21.0,green,65.0,green,20.5,red,27.0,green,23.0,red,15.0,green,21.5,yellow,48.0,green,22.5,red,23.0,green,21.5,red,5.0,green,23.0,red,21.0,green,24.0,red,10.0,green,24.0,red,35.0
43,2021-03-23,green,19.0,red,37.0,green,18.5,green,92.0,green,19.0,red,34.0,green,22.5,red,16.0,green,21.0,red,36.0,green,20.0,red,31.0,green,22.0,red,4.0,green,22.5,red,30.0,green,23.5,red,29.0,green,22.5,green,69.0
44,2021-03-24,yellow,21.0,red,37.0,red,21.0,green,83.0,yellow,21.0,red,26.0,green,22.5,red,16.0,green,22.0,yellow,46.0,yellow,21.5,red,32.0,green,22.0,red,3.0,green,22.5,red,29.0,green,23.5,red,36.0,yellow,23.5,green,70.0
45,2021-03-25,green,20.0,red,24.0,green,20.0,green,64.0,green,21.0,red,26.0,yellow,22.5,red,18.0,green,21.0,red,36.0,green,19.5,red,28.0,green,22.0,red,4.0,green,22.0,red,27.0,green,23.0,red,17.0,green,22.5,green,63.0
46,2021-03-26,green,20.5,red,28.0,yellow,20.5,green,66.0,yellow,21.0,red,31.0,yellow,21.5,red,26.0,green,21.5,yellow,47.0,yellow,20.0,red,34.0,green,22.0,red,5.0,green,21.5,red,30.0,green,23.0,red,22.0,green,22.5,green,78.0
47,2021-03-27,yellow,22.5,red,36.0,yellow,22.5,green,72.0,yellow,22.5,red,26.0,red,22.5,red,16.0,green,22.5,red,37.0,yellow,22.5,red,31.0,yellow,23.0,red,3.0,yellow,22.5,red,24.0,yellow,23.5,red,15.0,yellow,24.0,green,78.0
48,2021-03-28,green,20.0,red,33.0,green,20.0,green,69.0,green,22.0,red,30.0,green,21.5,red,28.0,green,21.0,yellow,52.0,green,19.0,yellow,46.0,green,22.5,red,7.0,green,22.0,red,33.0,green,22.5,red,31.0,green,21.5,green,78.0
49,2021-03-29,yellow,20.5,red,34.0,red,20.5,green,68.0,green,20.5,red,34.0,yellow,21.0,red,24.0,green,20.5,yellow,46.0,red,19.5,red,33.0,green,21.5,red,8.0,green,21.0,red,31.0,green,22.0,red,20.0,yellow,22.0,green,64.0
50,2021-03-30,green,21.0,yellow,47.0,yellow,21.0,green,77.0,green,21.0,red,34.0,yellow,20.5,red,25.0,green,21.5,yellow,45.0,yellow,21.0,red,37.0,yellow,22.0,red,9.0,green,21.5,red,30.0,green,22.0,red,21.0,yellow,22.5,green,88.0
51,2021-03-31,green,20.0,red,32.0,yellow,20.0,green,64.0,green,22.0,red,30.0,yellow,21.5,red,21.0,green,21.0,yellow,52.0,green,18.5,red,34.0,green,23.0,red,12.0,green,21.5,red,31.0,green,22.5,red,24.0,green,22.0,green,64.0
52,2021-04-01,green,20.0,red,37.0,green,20.0,yellow,51.0,green,21.5,yellow,50.0,green,21.5,red,35.0,green,20.0,green,64.0,green,15.5,yellow,47.0,green,22.5,red,15.0,green,21.0,red,34.0,green,21.0,red,29.0,green,21.5,yellow,44.0
53,2021-04-02,green,19.5,yellow,46.0,green,20.0,green,63.0,green,21.0,green,64.0,yellow,21.0,red,28.0,green,20.0,green,65.0,yellow,17.0,yellow,51.0,green,22.0,red,20.0,green,20.5,red,34.0,yellow,21.5,red,25.0,green,22.0,yellow,55.0
54,2021-04-03,yellow,20.5,green,65.0,yellow,20.5,green,79.0,green,21.0,green,63.0,green,20.5,red,34.0,green,21.0,green,70.0,red,19.5,green,67.0,green,21.5,red,18.0,green,21.5,red,36.0,green,21.5,red,29.0,yellow,22.5,green,76.0
55,2021-04-04,green,22.0,green,71.0,yellow,22.0,green,92.0,yellow,21.5,green,68.0,yellow,22.0,red,33.0,green,22.5,green,72.0,yellow,22.5,green,74.0,yellow,22.5,red,26.0,green,22.5,yellow,44.0,green,23.0,red,29.0,green,24.0,green,92.0
56,2021-04-05,green,22.0,green,83.0,green,22.0,green,97.0,green,21.5,green,73.0,yellow,21.0,red,34.0,green,23.0,green,73.0,green,22.5,green,66.0,yellow,22.5,red,26.0,green,23.0,red,36.0,green,22.5,red,25.0,green,24.0,green,99.0
57,2021-04-06,green,23.0,green,86.0,green,23.5,green,95.0,green,22.5,green,78.0,yellow,22.0,yellow,45.0,green,23.5,green,75.0,green,24.5,green,70.0,yellow,22.5,yellow,49.0,green,23.5,yellow,54.0,yellow,23.5,yellow,45.0,green,25.5,green,96.0
58,2021-04-07,green,24.0,green,92.0,yellow,24.0,green,99.0,green,23.0,green,80.0,yellow,23.0,red,24.0,green,24.0,green,83.0,green,25.5,green,72.0,yellow,23.0,red,28.0,yellow,24.0,yellow,49.0,yellow,24.0,red,23.0,green,26.0,green,99.0
59,2021-04-08,red,20.5,green,91.0,green,17.5,green,97.0,red,21.0,green,89.0,green,17.5,yellow,46.0,green,20.0,green,83.0,yellow,20.5,green,68.0,red,26.0,green,72.0,green,21.0,yellow,54.0,green,20.5,red,36.0,green,22.5,green,97.0
60,2021-04-09,yellow,23.0,green,99.0,yellow,21.0,green,99.0,yellow,23.0,green,98.0,red,21.5,red,25.0,yellow,22.0,green,91.0,green,22.5,green,66.0,yellow,26.5,green,89.0,green,23.0,yellow,49.0,yellow,23.0,red,19.0,green,24.0,green,98.0
61,2021-04-10,red,20.5,green,99.0,green,18.5,green,99.0,yellow,20.5,green,99.0,red,20.0,red,29.0,green,19.5,green,96.0,red,21.5,yellow,50.0,red,25.0,green,84.0,green,21.0,yellow,47.0,yellow,21.0,red,27.0,green,23.5,green,94.0
62,2021-04-11,red,22.0,green,98.0,green,19.0,green,98.0,red,22.0,green,99.0,green,21.5,red,29.0,green,20.5,green,97.0,red,20.5,yellow,49.0,red,27.0,green,82.0,green,22.0,yellow,46.0,green,22.0,red,24.0,yellow,23.5,green,83.0
63,2021-04-12,green,22.0,green,76.0,green,19.5,green,94.0,green,21.5,green,90.0,green,21.5,red,34.0,green,21.0,green,74.0,green,21.5,yellow,55.0,green,25.5,green,84.0,green,21.0,yellow,56.0,green,22.5,red,35.0,green,23.5,green,88.0
64,2021-04-13,green,21.0,red,36.0,green,20.0,yellow,55.0,green,19.0,green,83.0,green,17.5,yellow,47.0,green,21.0,yellow,47.0,red,19.5,yellow,56.0,green,20.0,green,87.0,green,20.5,yellow,54.0,green,20.0,red,35.0,yellow,21.0,green,94.0
65,2021-04-14,green,22.0,yellow,44.0,green,22.5,yellow,47.0,green,19.0,green,84.0,red,21.0,red,35.0,green,22.5,yellow,51.0,red,20.5,green,69.0,green,18.5,green,91.0,green,21.5,yellow,49.0,yellow,22.5,red,30.0,green,21.0,green,90.0
66,2021-04-15,green,21.5,red,33.0,green,21.5,yellow,45.0,green,18.5,green,85.0,yellow,22.5,yellow,48.0,green,22.0,yellow,48.0,yellow,19.5,green,72.0,green,18.5,green,88.0,green,21.0,yellow,54.0,yellow,23.0,yellow,44.0,green,20.5,green,84.0
67,2021-04-16,green,21.0,yellow,46.0,green,21.0,yellow,54.0,green,18.0,green,81.0,green,20.5,yellow,50.0,green,22.0,yellow,50.0,green,19.0,green,81.0,green,18.0,green,88.0,green,20.5,yellow,54.0,green,21.5,yellow,45.0,green,20.5,green,90.0
68,2021-04-17,green,20.5,yellow,46.0,green,20.0,yellow,52.0,green,17.0,green,94.0,green,18.5,yellow,53.0,green,21.5,green,64.0,red,19.0,green,75.0,green,17.5,green,93.0,green,21.0,green,69.0,green,20.5,yellow,51.0,yellow,20.5,green,92.0
69,2021-04-18,green,22.5,red,37.0,green,23.0,yellow,54.0,green,19.0,green,91.0,yellow,20.5,yellow,52.0,green,22.5,yellow,53.0,red,20.0,green,78.0,green,18.5,green,93.0,green,21.0,green,72.0,yellow,22.0,yellow,52.0,yellow,21.5,green,89.0
70,2021-04-19,yellow,21.0,yellow,56.0,red,21.5,green,69.0,yellow,19.0,green,85.0,green,20.0,yellow,56.0,green,21.5,green,72.0,yellow,20.0,green,79.0,green,19.5,green,77.0,green,21.0,yellow,55.0,green,21.0,yellow,45.0,yellow,21.0,green,81.0
71,2021-04-20,green,18.5,yellow,56.0,green,18.0,green,69.0,green,19.0,green,72.0,green,19.0,green,70.0,green,19.5,green,74.0,green,21.0,green,74.0,green,21.5,red,36.0,green,21.0,green,68.0,green,21.0,yellow,54.0,green,20.0,yellow,49.0
72,2021-04-21,green,18.5,green,70.0,yellow,18.0,green,74.0,yellow,19.0,green,69.0,green,19.5,green,65.0,green,20.0,green,78.0,green,20.5,green,71.0,green,21.0,yellow,48.0,green,20.5,yellow,56.0,green,21.5,yellow,53.0,green,20.5,yellow,48.0
73,2021-04-22,yellow,19.5,green,72.0,red,19.0,green,77.0,green,19.0,green,74.0,yellow,18.5,green,76.0,green,21.0,green,76.0,yellow,20.5,green,66.0,green,20.5,yellow,44.0,green,20.5,green,64.0,yellow,21.0,yellow,47.0,green,21.0,yellow,55.0
74,2021-04-23,green,18.5,green,74.0,yellow,17.5,green,91.0,green,17.5,green,74.0,yellow,19.0,green,74.0,green,20.5,green,77.0,yellow,20.0,green,65.0,green,21.0,red,34.0,green,21.0,yellow,43.0,green,21.0,yellow,48.0,green,21.5,green,74.0
75,2021-04-24,green,19.0,green,76.0,yellow,17.0,green,88.0,green,17.5,green,79.0,yellow,19.5,yellow,57.0,green,21.0,green,75.0,yellow,17.5,green,74.0,green,19.5,red,32.0,green,20.5,red,34.0,green,20.5,yellow,48.0,green,20.5,green,90.0
76,2021-04-25,green,19.5,green,77.0,yellow,19.0,green,94.0,green,18.0,green,74.0,yellow,20.5,yellow,55.0,green,20.5,green,79.0,yellow,19.5,green,69.0,green,20.5,yellow,45.0,green,21.0,red,35.0,green,21.0,yellow,52.0,yellow,22.0,green,77.0
77,2021-04-26,green,21.5,green,82.0,green,21.5,green,98.0,green,21.0,green,68.0,green,22.5,green,64.0,green,22.5,green,74.0,green,22.0,green,73.0,green,22.5,red,36.0,green,22.5,yellow,50.0,green,23.5,yellow,51.0,green,23.5,green,89.0
78,2021-04-27,green,25.0,green,86.0,green,26.0,green,99.0,green,24.0,yellow,48.0,green,23.5,yellow,51.0,green,25.0,green,74.0,green,25.0,green,78.0,green,24.0,red,26.0,green,24.0,red,33.0,green,24.5,red,32.0,green,25.0,green,99.0
79,2021-04-28,green,23.0,green,86.0,green,24.0,green,99.0,green,22.0,green,74.0,green,21.5,green,66.0,green,23.0,green,85.0,green,23.5,green,73.0,green,21.5,green,64.0,green,22.0,yellow,52.0,green,22.5,yellow,50.0,green,24.0,green,99.0
80,2021-04-29,green,22.5,green,82.0,green,23.5,green,99.0,green,20.5,green,68.0,green,20.0,yellow,55.0,green,22.0,green,83.0,yellow,22.0,green,79.0,green,20.5,yellow,50.0,green,21.0,yellow,56.0,green,21.5,yellow,48.0,green,22.5,green,99.0
81,2021-04-30,green,22.5,green,85.0,yellow,22.5,green,97.0,yellow,21.0,yellow,56.0,yellow,21.0,green,69.0,green,23.0,green,76.0,yellow,21.0,green,78.0,yellow,22.0,yellow,43.0,green,22.0,yellow,49.0,yellow,22.0,yellow,46.0,green,22.5,green,98.0
82,2021-05-01,green,22.5,green,85.0,green,22.5,green,98.0,yellow,21.5,yellow,55.0,yellow,22.5,yellow,53.0,yellow,23.0,green,72.0,green,22.0,green,76.0,yellow,22.5,red,29.0,green,23.0,red,36.0,yellow,23.5,red,34.0,green,23.5,green,96.0
83,2021-05-02,green,22.5,green,82.0,green,23.5,green,98.0,green,20.5,yellow,53.0,green,19.5,yellow,48.0,green,22.0,green,72.0,green,23.0,green,72.0,green,19.5,red,33.0,green,21.0,red,33.0,green,21.5,red,26.0,green,23.5,green,97.0
84,2021-05-03,yellow,24.0,green,64.0,green,25.0,green,98.0,yellow,22.5,yellow,45.0,yellow,22.0,yellow,46.0,yellow,24.0,green,70.0,yellow,24.5,green,71.0,yellow,22.5,red,21.0,yellow,23.0,red,36.0,yellow,23.5,red,29.0,yellow,24.5,green,99.0
85,2021-05-04,green,21.5,green,77.0,green,22.0,green,96.0,green,19.0,green,65.0,green,19.0,yellow,55.0,green,21.0,green,74.0,yellow,21.0,green,77.0,green,19.0,yellow,48.0,green,20.0,yellow,55.0,green,20.5,yellow,51.0,green,22.0,green,96.0
86,2021-05-05,green,20.5,green,74.0,yellow,20.0,green,98.0,green,18.0,green,71.0,green,19.5,green,72.0,green,21.0,green,77.0,red,19.5,green,78.0,green,20.0,yellow,50.0,green,20.5,yellow,56.0,green,20.5,yellow,56.0,yellow,21.5,green,96.0
87,2021-05-06,yellow,20.5,green,79.0,red,19.5,green,97.0,green,18.5,green,74.0,yellow,19.0,green,69.0,green,21.5,green,78.0,red,19.0,green,81.0,green,19.5,red,36.0,green,20.5,yellow,53.0,green,20.5,green,64.0,yellow,21.5,green,92.0
88,2021-05-07,yellow,17.5,green,81.0,yellow,16.0,green,96.0,yellow,16.5,green,74.0,yellow,21.0,green,70.0,green,20.0,green,84.0,yellow,18.0,green,75.0,green,21.0,yellow,52.0,green,20.5,yellow,55.0,yellow,21.5,green,67.0,yellow,21.5,green,86.0
89,2021-05-08,green,,green,86.0,green,,green,97.0,green,,green,80.0,green,,green,75.0,green,,green,80.0,yellow,,green,77.0,green,,green,63.0,green,,green,68.0,green,,green,77.0,green,,green,98.0
90,2021-05-09,green,,green,82.0,yellow,,green,97.0,green,,green,78.0,yellow,,green,80.0,green,,green,83.0,green,,green,81.0,yellow,,yellow,52.0,green,,green,72.0,yellow,,green,74.0,green,,green,96.0
91,2021-05-10,yellow,20.5,green,80.0,red,20.5,green,95.0,green,19.0,green,77.0,yellow,19.0,green,77.0,green,21.0,green,88.0,red,19.5,green,77.0,green,20.0,yellow,44.0,green,20.0,green,72.0,yellow,20.5,yellow,56.0,yellow,21.5,green,86.0
92,2021-05-11,green,19.0,green,85.0,yellow,18.5,green,99.0,green,17.5,green,77.0,green,18.5,green,75.0,green,20.5,green,86.0,yellow,18.5,green,83.0,green,20.0,yellow,52.0,green,20.0,green,73.0,green,20.0,yellow,56.0,green,21.0,green,92.0
93,2021-05-12,yellow,19.5,green,88.0,red,19.0,green,97.0,green,17.5,green,77.0,yellow,19.5,green,79.0,green,21.0,green,89.0,red,19.0,green,84.0,green,19.5,yellow,55.0,green,20.0,green,71.0,yellow,20.5,green,75.0,yellow,21.5,green,92.0
94,2021-05-13,yellow,19.5,green,90.0,red,19.0,green,97.0,yellow,18.0,green,77.0,yellow,20.0,green,79.0,green,20.5,green,88.0,red,19.5,green,86.0,green,20.5,green,64.0,green,20.5,green,73.0,yellow,20.5,green,75.0,yellow,22.0,green,90.0
95,2021-05-14,green,20.5,green,90.0,yellow,20.0,green,98.0,yellow,19.0,green,79.0,yellow,20.0,green,82.0,green,21.0,green,89.0,red,20.0,green,85.0,green,21.0,yellow,55.0,green,20.5,green,76.0,green,21.0,green,80.0,green,22.0,green,90.0
96,2021-05-15,green,21.0,green,85.0,green,21.0,green,98.0,green,19.0,green,79.0,green,18.0,green,86.0,green,21.5,green,87.0,green,20.0,green,87.0,green,19.0,green,65.0,green,20.5,green,77.0,green,20.0,green,77.0,green,22.0,green,96.0
97,2021-05-16,green,23.0,green,89.0,green,24.0,green,98.0,green,21.0,green,74.0,green,20.5,green,82.0,green,22.5,green,87.0,green,23.0,green,86.0,green,21.5,green,64.0,green,22.0,green,72.0,green,22.5,green,71.0,green,24.0,green,98.0
98,2021-05-17,green,23.0,green,88.0,green,24.0,green,99.0,green,21.5,green,80.0,green,21.0,green,80.0,green,22.5,green,87.0,green,23.5,green,87.0,green,21.5,green,69.0,green,22.0,green,77.0,green,22.0,green,77.0,green,24.0,green,99.0
99,2021-05-18,green,22.0,green,91.0,green,23.5,green,99.0,green,21.0,green,77.0,green,20.5,green,76.0,green,22.0,green,88.0,green,23.0,green,87.0,green,21.0,green,68.0,green,21.5,green,80.0,green,21.5,green,74.0,green,24.0,green,99.0
100,2021-05-19,green,23.5,green,90.0,green,24.5,green,99.0,green,23.0,green,74.0,green,22.5,green,75.0,green,23.5,green,92.0,green,24.5,green,88.0,green,23.0,yellow,56.0,green,23.0,green,80.0,green,23.5,green,69.0,green,25.0,green,98.0
101,2021-05-20,yellow,25.0,green,95.0,yellow,26.0,green,98.0,yellow,24.0,green,82.0,yellow,24.0,green,76.0,yellow,25.0,green,89.0,yellow,25.5,green,84.0,yellow,24.5,yellow,55.0,yellow,24.5,green,73.0,yellow,25.0,green,70.0,yellow,26.5,green,96.0
102,2021-05-21,yellow,25.0,green,95.0,yellow,26.0,green,99.0,yellow,24.5,green,79.0,yellow,24.0,green,76.0,yellow,25.0,green,92.0,yellow,25.5,green,81.0,yellow,24.5,green,68.0,yellow,24.5,green,81.0,yellow,25.0,green,76.0,green,26.5,green,99.0
103,2021-05-22,yellow,26.0,green,95.0,yellow,26.5,green,98.0,red,25.0,green,83.0,red,25.0,green,78.0,red,26.0,green,93.0,red,26.0,green,81.0,red,25.5,green,67.0,red,25.0,green,78.0,red,26.0,green,78.0,red,26.5,green,99.0
104,2021-05-23,yellow,26.5,green,94.0,yellow,27.5,green,99.0,yellow,26.0,green,83.0,yellow,26.0,green,81.0,yellow,26.5,green,92.0,yellow,27.0,green,88.0,yellow,26.0,green,67.0,yellow,25.5,green,86.0,yellow,26.5,green,76.0,yellow,27.0,green,99.0
105,2021-05-24,yellow,26.5,green,96.0,yellow,27.5,green,97.0,yellow,26.0,green,83.0,yellow,26.0,green,80.0,yellow,27.0,green,94.0,yellow,27.0,green,92.0,yellow,26.5,green,76.0,yellow,26.0,green,88.0,yellow,26.5,green,75.0,green,27.5,green,99.0
106,2021-05-25,green,26.5,green,96.0,green,27.0,green,98.0,green,26.0,green,86.0,green,26.0,green,81.0,green,27.0,green,93.0,green,27.0,green,90.0,green,26.5,green,75.0,green,26.0,green,90.0,green,27.0,green,77.0,green,27.5,green,97.0
107,2021-05-26,yellow,25.5,green,99.0,yellow,26.0,green,99.0,yellow,25.0,green,87.0,yellow,24.5,green,84.0,yellow,25.5,green,94.0,yellow,25.5,green,90.0,yellow,25.0,green,69.0,yellow,24.5,green,87.0,red,25.5,green,76.0,yellow,26.0,green,99.0
108,2021-05-27,green,23.5,green,98.0,green,25.0,green,98.0,green,23.0,green,89.0,green,22.5,green,82.0,green,23.5,green,93.0,green,24.5,green,92.0,green,23.0,green,77.0,green,23.0,green,87.0,green,23.5,green,83.0,green,25.0,green,99.0
109,2021-05-28,green,21.5,green,95.0,green,22.0,green,99.0,green,19.5,green,92.0,green,18.5,green,87.0,green,21.5,green,96.0,yellow,21.0,green,94.0,green,19.0,green,79.0,green,20.5,green,90.0,green,20.0,green,84.0,green,22.5,green,99.0
110,2021-05-29,green,20.0,green,94.0,yellow,19.5,green,98.0,green,17.0,green,91.0,green,16.5,green,90.0,green,21.0,green,94.0,yellow,18.0,green,95.0,green,17.5,green,87.0,green,19.5,green,90.0,green,18.5,green,89.0,green,20.0,green,99.0
111,2021-05-30,green,21.0,green,94.0,green,21.0,green,99.0,green,19.0,green,92.0,green,19.0,green,93.0,green,21.5,green,93.0,green,20.0,green,96.0,green,20.0,green,82.0,green,20.5,green,91.0,green,20.0,green,89.0,green,21.5,green,97.0
112,2021-05-31,green,22.5,green,98.0,green,23.0,green,99.0,green,20.5,green,92.0,yellow,20.0,green,89.0,green,22.5,green,95.0,yellow,22.0,green,95.0,yellow,21.0,green,80.0,yellow,22.0,green,88.0,yellow,21.5,green,86.0,green,23.5,green,99.0
113,2021-06-01,green,21.5,green,97.0,green,23.0,green,99.0,green,20.0,green,92.0,green,19.5,green,88.0,green,21.0,green,93.0,green,22.0,green,94.0,green,20.0,green,83.0,green,20.0,green,90.0,green,20.5,green,88.0,green,22.5,green,99.0
114,2021-06-02,green,22.0,green,97.0,green,80.5,green,98.0,green,20.5,green,92.0,green,20.0,green,88.0,green,21.5,green,97.0,green,22.0,green,95.0,green,20.5,green,80.0,green,20.5,green,91.0,green,21.0,green,88.0,green,22.5,green,99.0
115,2021-06-03,yellow,23.5,green,97.0,yellow,173.5,green,98.0,yellow,22.5,green,90.0,yellow,22.0,green,82.0,yellow,23.5,green,97.0,yellow,23.5,green,96.0,yellow,22.5,green,77.0,yellow,22.0,green,92.0,yellow,23.0,green,86.0,yellow,24.0,green,98.0
116,2021-06-04,yellow,25.5,green,97.0,yellow,26.5,green,99.0,yellow,24.5,green,92.0,yellow,24.0,green,87.0,yellow,25.5,green,98.0,yellow,26.0,green,95.0,yellow,24.5,green,85.0,yellow,24.5,green,93.0,yellow,25.0,green,86.0,yellow,26.5,green,99.0
117,2021-06-05,yellow,26.0,green,99.0,yellow,27.0,green,99.0,yellow,25.5,green,93.0,yellow,25.5,green,89.0,yellow,26.5,green,97.0,yellow,27.0,green,96.0,yellow,26.0,green,78.0,yellow,25.5,green,93.0,yellow,26.0,green,83.0,yellow,27.5,green,99.0
118,2021-06-06,green,25.5,green,96.0,green,26.0,green,99.0,green,25.0,green,91.0,green,25.0,green,87.0,green,25.5,green,95.0,green,27.0,green,93.0,green,25.5,green,82.0,green,25.5,green,92.0,green,26.0,green,82.0,green,27.0,green,97.0
119,2021-06-07,green,25.0,green,99.0,green,26.0,green,96.0,green,24.5,green,91.0,green,24.5,green,88.0,green,25.5,green,97.0,green,26.5,green,95.0,green,25.0,green,77.0,green,25.0,green,91.0,green,25.5,green,84.0,green,27.0,green,98.0
120,2021-06-08,green,24.5,green,96.0,green,25.0,green,98.0,green,24.0,green,92.0,green,23.5,green,85.0,green,24.5,green,95.0,green,25.5,green,94.0,green,24.0,green,83.0,green,24.0,green,92.0,green,24.5,green,84.0,green,26.0,green,96.0
121,2021-06-09,green,26.0,green,98.0,green,27.0,green,99.0,yellow,25.5,green,94.0,green,25.5,green,88.0,yellow,26.5,green,97.0,yellow,26.5,green,97.0,yellow,26.0,green,82.0,yellow,25.5,green,96.0,yellow,26.0,green,90.0,green,27.0,green,97.0
122,2021-06-10,yellow,27.5,green,99.0,yellow,28.5,green,99.0,yellow,27.0,green,94.0,yellow,27.0,green,92.0,yellow,28.0,green,99.0,yellow,28.0,green,98.0,yellow,27.5,green,86.0,yellow,27.0,green,97.0,yellow,28.0,green,86.0,yellow,28.5,green,99.0
123,2021-06-11,yellow,29.5,green,98.0,yellow,30.0,green,99.0,yellow,29.0,green,96.0,yellow,29.0,green,89.0,yellow,29.5,green,98.0,yellow,29.5,green,98.0,yellow,29.5,green,89.0,yellow,28.5,green,90.0,yellow,29.5,green,90.0,yellow,29.5,green,98.0
124,2021-06-12,yellow,30.5,green,99.0,yellow,31.0,green,99.0,yellow,30.0,green,95.0,yellow,30.5,green,90.0,yellow,31.0,green,98.0,yellow,30.5,green,96.0,yellow,30.5,green,86.0,yellow,30.0,green,92.0,yellow,31.0,green,86.0,yellow,31.0,green,99.0
125,2021-06-13,red,28.5,green,98.0,yellow,29.0,green,97.0,red,28.0,green,95.0,red,28.0,green,90.0,red,29.0,green,98.0,red,28.5,green,95.0,red,28.5,green,88.0,red,28.0,green,91.0,red,29.0,green,88.0,red,28.5,green,96.0
126,2021-06-14,red,28.0,green,96.0,red,28.5,green,99.0,red,27.5,green,96.0,red,27.5,green,90.0,red,28.5,green,98.0,red,28.0,green,96.0,red,28.0,green,83.0,red,27.0,green,94.0,red,28.0,green,88.0,red,28.0,green,98.0
127,2021-06-15,red,26.0,green,97.0,yellow,26.5,green,99.0,red,25.0,green,94.0,red,25.0,green,92.0,red,26.0,green,95.0,red,26.0,green,95.0,red,25.5,green,88.0,red,25.0,green,91.0,red,25.5,green,88.0,yellow,26.5,green,99.0
128,2021-06-16,red,26.0,green,98.0,red,26.5,green,98.0,red,25.5,green,96.0,red,25.0,green,87.0,red,26.0,green,96.0,red,26.0,green,96.0,red,25.5,green,85.0,red,25.0,green,96.0,red,26.0,green,92.0,yellow,26.5,green,98.0
129,2021-06-17,yellow,27.5,green,98.0,yellow,28.5,green,99.0,yellow,27.5,green,97.0,yellow,27.5,green,92.0,yellow,28.0,green,96.0,yellow,28.0,green,95.0,yellow,28.0,green,87.0,yellow,27.0,green,93.0,yellow,28.0,green,88.0,yellow,28.5,green,99.0
130,2021-06-18,green,31.0,green,98.0,green,31.5,green,99.0,yellow,31.0,green,95.0,yellow,31.0,green,96.0,green,31.5,green,96.0,yellow,31.5,green,96.0,yellow,31.5,green,91.0,yellow,30.5,green,92.0,yellow,31.5,green,93.0,yellow,31.5,green,96.0
131,2021-06-19,green,28.0,green,99.0,green,29.0,green,99.0,green,28.0,green,97.0,green,28.0,green,95.0,green,28.5,green,97.0,green,28.5,green,97.0,green,28.5,green,87.0,green,27.5,green,94.0,green,28.5,green,92.0,green,29.0,green,99.0
132,2021-06-20,green,29.5,green,99.0,green,30.0,green,97.0,green,29.5,green,98.0,green,29.5,green,97.0,green,30.0,green,97.0,yellow,30.5,green,98.0,green,30.0,green,87.0,green,29.0,green,95.0,green,30.5,green,95.0,green,30.0,green,99.0
133,2021-06-21,green,24.0,green,98.0,green,24.5,green,98.0,yellow,23.0,green,96.0,yellow,23.0,green,95.0,blue,25.0,blue,,blue,,blue,,yellow,23.0,green,90.0,yellow,23.0,green,96.0,yellow,23.5,green,94.0,yellow,24.5,green,99.0
134,2021-06-22,yellow,23.0,green,94.0,yellow,23.5,green,99.0,yellow,21.5,green,93.0,blue,16.0,blue,,blue,,blue,,blue,,blue,,yellow,21.5,green,83.0,yellow,21.5,green,95.0,yellow,22.0,green,89.0,blue,21.5,blue,
135,2021-06-23,yellow,24.0,green,97.0,yellow,25.0,green,96.0,green,23.5,green,97.0,blue,,blue,,blue,,blue,,blue,,blue,,yellow,23.5,green,85.0,yellow,24.0,green,93.0,yellow,24.5,green,91.0,blue,,blue,
136,2021-06-24,green,25.5,green,98.0,green,26.0,green,99.0,blue,,blue,,blue,,blue,,blue,,blue,,blue,,blue,,green,25.5,green,85.0,green,25.5,green,94.0,green,26.0,green,91.0,blue,,blue,
137,2021-06-25,green,27.5,green,97.0,green,28.0,green,99.0,blue,,blue,,blue,,blue,,blue,,blue,,blue,,blue,,green,28.0,green,89.0,blue,26.5,blue,,blue,27.5,blue,,blue,,blue,
138,2021-06-26,yellow,28.5,green,98.0,yellow,29.0,green,98.0,blue,,blue,,blue,,blue,,blue,,blue,,blue,,blue,,yellow,29.0,green,90.0,blue,,blue,,blue,,blue,,blue,,blue,
139,2021-06-27,yellow,28.0,green,99.0,yellow,28.5,green,97.0,blue,,blue,,blue,,blue,,blue,,blue,,blue,,blue,,yellow,28.5,green,89.0,blue,,blue,,blue,,blue,,blue,,blue,
140,2021-06-28,green,27.5,green,99.0,green,28.0,green,98.0,blue,,blue,,blue,,blue,,blue,,blue,,blue,,blue,,green,27.5,green,95.0,blue,,blue,,blue,,blue,,blue,,blue,
141,2021-06-29,yellow,29.0,green,99.0,yellow,30.0,green,98.0,blue,,blue,,blue,,blue,,blue,,blue,,blue,,blue,,yellow,29.5,green,94.0,blue,,blue,,blue,,blue,,blue,,blue,
142,2021-06-30,yellow,27.0,green,98.0,yellow,27.5,green,98.0,blue,,blue,,blue,,blue,,blue,,blue,,blue,,blue,,yellow,27.0,green,94.0,blue,,blue,,blue,,blue,,blue,,blue,
143,2021-07-01,yellow,25.5,green,99.0,yellow,26.5,green,99.0,blue,,blue,,blue,,blue,,blue,,blue,,blue,,blue,,yellow,25.5,green,95.0,blue,,blue,,blue,,blue,,blue,,blue,
144,2021-07-02,yellow,23.0,green,98.0,yellow,23.5,green,98.0,blue,,blue,,blue,,blue,,blue,,blue,,blue,,blue,,yellow,22.0,green,83.0,blue,,blue,,blue,,blue,,blue,,blue,
145,2021-07-03,yellow,24.0,green,99.0,yellow,25.0,green,99.0,blue,,blue,,blue,,blue,,blue,,blue,,blue,,blue,,yellow,23.0,green,84.0,blue,,blue,,blue,,blue,,blue,,blue,
146,2021-07-04,yellow,26.0,green,99.0,yellow,26.5,green,99.0,blue,,blue,,blue,,blue,,blue,,blue,,blue,,blue,,yellow,25.5,green,93.0,blue,,blue,,blue,,blue,,blue,,blue,
147,2021-07-05,yellow,27.0,green,99.0,yellow,27.5,green,99.0,blue,,blue,,blue,,blue,,blue,,blue,,blue,,blue,,yellow,27.0,green,92.0,blue,,blue,,blue,,blue,,blue,,blue,
148,2021-07-06,yellow,28.0,green,99.0,yellow,28.5,green,99.0,blue,,blue,,blue,,blue,,blue,,blue,,blue,,blue,,yellow,28.0,green,95.0,blue,,blue,,blue,,blue,,blue,,blue,
149,2021-07-07,yellow,29.0,green,99.0,yellow,29.5,green,97.0,blue,,blue,,blue,,blue,,blue,,blue,,blue,,blue,,yellow,29.0,green,95.0,blue,,blue,,blue,,blue,,blue,,blue,
150,2021-07-08,yellow,27.5,green,99.0,yellow,28.0,green,99.0,blue,,blue,,blue,,blue,,blue,,blue,,blue,,blue,,yellow,27.5,green,96.0,blue,,blue,,blue,,blue,,blue,,blue,
151,2021-07-09,green,26.0,green,99.0,green,26.5,green,96.0,blue,,blue,,blue,,blue,,blue,,blue,,blue,,blue,,green,25.5,green,95.0,blue,,blue,,blue,,blue,,blue,,blue,
152,2021-07-10,green,24.0,green,98.0,green,25.0,green,97.0,blue,,blue,,blue,,blue,,blue,,blue,,blue,,blue,,green,24.0,green,91.0,blue,,blue,,blue,,blue,,blue,,blue,
153,2021-07-11,yellow,25.0,green,99.0,green,25.5,green,99.0,blue,,blue,,blue,,blue,,blue,,blue,,blue,,blue,,yellow,24.5,green,93.0,blue,,blue,,blue,,blue,,blue,,blue,
154,2021-07-12,green,25.5,green,98.0,green,26.0,green,96.0,blue,,blue,,blue,,blue,,blue,,blue,,blue,,blue,,green,25.0,green,92.0,blue,,blue,,blue,,blue,,blue,,blue,
155,2021-07-13,yellow,25.5,green,99.0,yellow,26.0,green,96.0,blue,18.0,blue,,blue,17.0,blue,,blue,19.5,blue,,blue,19.5,blue,,yellow,25.0,green,96.0,blue,19.5,blue,,blue,13.0,blue,,blue,18.0,blue,
156,2021-07-14,yellow,26.5,green,97.0,yellow,27.0,green,99.0,blue,,blue,,blue,,blue,,blue,,blue,,blue,,blue,,yellow,26.5,green,93.0,blue,,blue,,blue,,blue,,blue,,blue,
157,2021-07-15,yellow,28.0,green,99.0,yellow,28.5,green,97.0,blue,,blue,,blue,,blue,,blue,,blue,,blue,,blue,,yellow,28.0,green,96.0,blue,,blue,,blue,,blue,,blue,,blue,
158,2021-07-16,green,24.5,green,99.0,green,25.0,green,96.0,blue,,blue,,blue,,blue,,blue,,blue,,blue,,blue,,green,24.0,green,94.0,blue,,blue,,blue,,blue,,blue,,blue,
159,2021-07-17,green,25.0,green,98.0,green,26.0,green,98.0,blue,,blue,,blue,,blue,,blue,,blue,,blue,,blue,,green,24.5,green,92.0,blue,,blue,,blue,,blue,,blue,,blue,
160,2021-07-18,yellow,25.0,green,99.0,green,26.0,green,99.0,blue,,blue,,blue,,blue,,blue,,blue,,blue,,blue,,yellow,25.0,green,94.0,blue,,blue,,blue,,blue,,blue,,blue,
161,2021-07-19,yellow,25.5,green,97.0,yellow,26.0,green,99.0,blue,,blue,,blue,,blue,,blue,,blue,,blue,,blue,,yellow,25.0,green,93.0,blue,,blue,,blue,,blue,,blue,,blue,
162,2021-07-20,yellow,25.5,green,98.0,yellow,26.0,green,99.0,blue,,blue,,blue,,blue,,blue,,blue,,blue,,blue,,yellow,25.5,green,90.0,blue,,blue,,blue,,blue,,blue,,blue,
163,2021-07-21,yellow,26.0,green,98.0,yellow,26.5,green,99.0,blue,,blue,,blue,,blue,,blue,,blue,,blue,,blue,,yellow,26.0,green,89.0,blue,,blue,,blue,,blue,,blue,,blue,
164,2021-07-22,yellow,27.5,green,98.0,yellow,28.0,green,99.0,blue,,blue,,blue,,blue,,blue,,blue,,blue,,blue,,yellow,27.0,green,92.0,blue,,blue,,blue,,blue,,blue,,blue,
165,2021-07-23,yellow,27.5,green,97.0,yellow,28.0,green,99.0,blue,,blue,,blue,,blue,,blue,,blue,,blue,,blue,,yellow,27.5,green,88.0,blue,,blue,,blue,,blue,,blue,,blue,
166,2021-07-24,yellow,28.5,green,98.0,yellow,29.0,green,99.0,blue,,blue,,blue,,blue,,blue,,blue,,blue,,blue,,yellow,29.0,green,83.0,blue,,blue,,blue,,blue,,blue,,blue,
167,2021-07-25,green,27.5,green,98.0,green,28.0,green,96.0,blue,,blue,,blue,,blue,,blue,,blue,,blue,,blue,,yellow,27.5,green,84.0,blue,,blue,,blue,,blue,,blue,,blue,
168,2021-07-26,yellow,27.5,green,97.0,yellow,28.0,green,99.0,blue,,blue,,blue,,blue,,blue,,blue,,blue,,blue,,yellow,27.5,green,85.0,blue,,blue,,blue,,blue,,blue,,blue,
169,2021-07-27,red,26.5,green,96.0,yellow,27.0,green,99.0,blue,,blue,,blue,,blue,,blue,,blue,,blue,,blue,,red,26.5,green,90.0,blue,,blue,,blue,,blue,,blue,,blue,
170,2021-07-28,yellow,27.0,green,98.0,yellow,28.0,green,99.0,blue,,blue,,blue,,blue,,blue,,blue,,blue,,blue,,yellow,27.5,green,89.0,blue,,blue,,blue,,blue,,blue,,blue,
171,2021-07-29,red,28.5,green,97.0,yellow,29.0,green,99.0,blue,,blue,,blue,,blue,,blue,,blue,,blue,,blue,,red,29.0,green,90.0,blue,,blue,,blue,,blue,,blue,,blue,
172,2021-07-30,yellow,26.0,green,97.0,yellow,26.5,green,98.0,blue,,blue,,blue,,blue,,blue,,blue,,blue,,blue,,yellow,26.0,green,87.0,blue,,blue,,blue,,blue,,blue,,blue,
173,2021-07-31,green,22.0,green,96.0,green,22.5,green,98.0,blue,,blue,,blue,,blue,,blue,,blue,,blue,,blue,,green,22.0,green,89.0,blue,,blue,,blue,,blue,,blue,,blue,
174,2021-08-01,yellow,23.5,green,98.0,yellow,24.0,green,97.0,blue,,blue,,blue,,blue,,blue,,blue,,blue,,blue,,red,23.5,green,83.0,blue,,blue,,blue,,blue,,blue,,blue,
175,2021-08-02,yellow,22.5,green,97.0,yellow,23.5,green,97.0,blue,,blue,,blue,,blue,,blue,,blue,,blue,,blue,,yellow,22.5,green,90.0,blue,,blue,,blue,,blue,,blue,,blue,
176,2021-08-03,red,22.5,green,98.0,yellow,23.0,green,99.0,blue,,blue,,blue,,blue,,blue,,blue,,blue,,blue,,yellow,22.5,green,93.0,blue,,blue,,blue,,blue,,blue,,blue,
177,2021-08-04,red,23.0,green,98.0,yellow,23.5,green,99.0,blue,,blue,,blue,,blue,,blue,,blue,,blue,,blue,,red,23.0,green,91.0,blue,,blue,,blue,,blue,,blue,,blue,
178,2021-08-05,yellow,23.5,green,99.0,yellow,24.0,green,96.0,blue,,blue,,blue,,blue,,blue,,blue,,blue,,blue,,yellow,24.0,green,92.0,blue,,blue,,blue,,blue,,blue,,blue,
179,2021-08-06,yellow,25.0,green,98.0,yellow,25.5,green,99.0,blue,,blue,,blue,,blue,,blue,,blue,,blue,,blue,,yellow,25.5,green,90.0,blue,,blue,,blue,,blue,,blue,,blue,
180,2021-08-07,yellow,26.5,green,94.0,yellow,27.0,green,99.0,blue,,blue,,blue,,blue,,blue,,blue,,blue,,blue,,yellow,27.0,green,91.0,blue,,blue,,blue,,blue,,blue,,blue,
181,2021-08-08,yellow,26.0,green,87.0,yellow,26.5,green,97.0,blue,,blue,,blue,,blue,,blue,,blue,,blue,,blue,,yellow,26.5,green,88.0,blue,,blue,,blue,,blue,,blue,,blue,
182,2021-08-09,green,27.0,green,97.0,green,27.5,green,99.0,blue,,blue,,blue,,blue,,blue,,blue,,blue,,blue,,green,28.0,green,86.0,blue,,blue,,blue,,blue,,blue,,blue,
183,2021-08-10,green,27.0,green,98.0,green,27.5,green,99.0,blue,,blue,,blue,,blue,,blue,,blue,,blue,,blue,,green,28.0,green,88.0,blue,,blue,,blue,,blue,,blue,,blue,
184,2021-08-11,green,29.0,green,99.0,green,29.5,green,97.0,blue,,blue,,blue,,blue,,blue,,blue,,blue,,blue,,green,30.0,green,91.0,blue,,blue,,blue,,blue,,blue,,blue,
185,2021-08-12,yellow,28.0,green,99.0,yellow,28.0,green,99.0,blue,,blue,,blue,,blue,,blue,,blue,,blue,,blue,,green,28.5,green,88.0,blue,,blue,,blue,,blue,,blue,,blue,
186,2021-08-13,yellow,25.5,green,99.0,yellow,26.0,green,99.0,blue,,blue,,blue,,blue,,blue,,blue,,blue,,blue,,yellow,26.5,green,88.0,blue,,blue,,blue,,blue,,blue,,blue,
187,2021-08-14,red,24.0,green,99.0,red,24.5,green,99.0,blue,,blue,,blue,,blue,,blue,,blue,,blue,,blue,,red,24.5,green,88.0,blue,,blue,,blue,,blue,,blue,,blue,
188,2021-08-15,yellow,22.5,green,99.0,yellow,23.0,green,98.0,blue,,blue,,blue,,blue,,blue,,blue,,blue,,blue,,yellow,23.5,green,82.0,blue,,blue,,blue,,blue,,blue,,blue,
189,2021-08-16,yellow,23.5,green,98.0,yellow,23.5,green,99.0,blue,,blue,,blue,,blue,,blue,,blue,,blue,,blue,,yellow,24.0,green,91.0,blue,,blue,,blue,,blue,,blue,,blue,
190,2021-08-17,yellow,24.0,green,99.0,yellow,24.5,green,98.0,blue,,blue,,blue,,blue,,blue,,blue,,blue,,blue,,yellow,25.0,green,92.0,blue,,blue,,blue,,blue,,blue,,blue,
191,2021-08-18,yellow,24.0,green,99.0,yellow,24.5,green,97.0,blue,,blue,,blue,,blue,,blue,,blue,,blue,,blue,,yellow,25.0,green,92.0,blue,,blue,,blue,,blue,,blue,,blue,
192,2021-08-19,yellow,24.5,green,99.0,yellow,24.5,green,99.0,blue,,blue,,blue,,blue,,blue,,blue,,blue,,blue,,yellow,25.0,green,91.0,blue,,blue,,blue,,blue,,blue,,blue,
193,2021-08-20,yellow,25.5,green,97.0,yellow,26.0,green,99.0,blue,,blue,,blue,,blue,,blue,,blue,,blue,,blue,,yellow,26.5,green,91.0,blue,,blue,,blue,,blue,,blue,,blue,
194,2021-08-21,green,24.0,green,98.0,green,24.5,green,98.0,blue,,blue,,blue,,blue,,blue,,blue,,blue,,blue,,green,25.0,green,92.0,blue,,blue,,blue,,blue,,blue,,blue,
195,2021-08-22,yellow,25.5,green,98.0,yellow,26.0,green,96.0,blue,,blue,,blue,,blue,,blue,,blue,,blue,,blue,,yellow,26.5,green,97.0,blue,,blue,,blue,,blue,,blue,,blue,
196,2021-08-23,yellow,25.5,green,98.0,yellow,25.5,blue,,blue,,blue,,blue,,blue,,blue,,blue,,blue,,blue,,yellow,26.5,green,95.0,blue,,blue,,blue,,blue,,blue,,blue,
197,2021-08-24,yellow,27.0,green,98.0,yellow,27.5,blue,,blue,,blue,,blue,,blue,,blue,,blue,,blue,,blue,,yellow,28.0,green,90.0,blue,,blue,,blue,,blue,,blue,,blue,
198,2021-08-25,yellow,29.5,green,99.0,yellow,29.5,green,99.0,blue,,blue,,blue,,blue,,blue,,blue,,blue,,blue,,yellow,30.0,green,99.0,blue,,blue,,blue,,blue,,blue,,blue,
199,2021-08-26,green,26.0,blue,,yellow,26.0,blue,,blue,,blue,,blue,,blue,,blue,,blue,,blue,,blue,,yellow,28.5,blue,,blue,,blue,,blue,,blue,,blue,,blue,
200,2021-08-27,green,,blue,,yellow,,blue,,blue,,blue,,blue,,blue,,blue,,blue,,blue,,blue,,yellow,,blue,,blue,,blue,,blue,,blue,,blue,,blue,
201,2021-08-28,green,,blue,,yellow,,blue,,blue,,blue,,blue,,blue,,blue,,blue,,blue,,blue,,yellow,,blue,,blue,,blue,,blue,,blue,,blue,,blue,
202,2021-08-29,green,,blue,,yellow,,blue,,blue,,blue,,blue,,blue,,blue,,blue,,blue,,blue,,yellow,,blue,,blue,,blue,,blue,,blue,,blue,,blue,
203,2021-08-30,green,,blue,,yellow,,blue,,blue,,blue,,blue,,blue,,blue,,blue,,blue,,blue,,yellow,,blue,,blue,,blue,,blue,,blue,,blue,,blue,
204,2021-08-31,green,,blue,,yellow,,blue,,blue,,blue,,blue,,blue,,blue,,blue,,blue,,blue,,yellow,,blue,,blue,,blue,,blue,,blue,,blue,,blue,
205,2021-09-01,green,,blue,,yellow,,blue,,blue,,blue,,blue,,blue,,blue,,blue,,blue,,blue,,yellow,,blue,,blue,,blue,,blue,,blue,,blue,,blue,
206,2021-09-02,green,,blue,,yellow,,blue,,blue,,blue,,blue,,blue,,blue,,blue,,blue,,blue,,yellow,,blue,,blue,,blue,,blue,,blue,,blue,,blue,
207,2021-09-03,green,,blue,,yellow,,blue,,blue,,blue,,blue,,blue,,blue,,blue,,blue,,blue,,yellow,,blue,,blue,,blue,,blue,,blue,,blue,,blue,
208,2021-09-04,green,,blue,,yellow,,blue,,blue,,blue,,blue,,blue,,blue,,blue,,blue,,blue,,yellow,,blue,,blue,,blue,,blue,,blue,,blue,,blue,
209,2021-09-05,green,,blue,,yellow,,blue,,blue,,blue,,blue,,blue,,blue,,blue,,blue,,blue,,yellow,,blue,,blue,,blue,,blue,,blue,,blue,,blue,
210,2021-09-06,green,,blue,,yellow,,blue,,blue,,blue,,blue,,blue,,blue,,blue,,blue,,blue,,yellow,,blue,,blue,,blue,,blue,,blue,,blue,,blue,
211,2021-09-07,green,,blue,,yellow,,blue,,blue,,blue,,blue,,blue,,blue,,blue,,blue,,blue,,yellow,,blue,,blue,,blue,,blue,,blue,,blue,,blue,
212,2021-09-08,green,28.5,blue,,green,29.0,blue,,blue,,blue,,blue,,blue,,blue,,blue,,blue,,blue,,green,29.0,blue,,blue,,blue,,blue,,blue,,blue,,blue,
213,2021-09-09,green,27.5,green,95.0,green,27.5,green,86.0,red,30.5,blue,,green,26.5,blue,,red,31.5,blue,,green,28.0,blue,,yellow,28.0,green,99.0,green,28.0,blue,,green,27.5,blue,,green,28.5,blue,
214,2021-09-10,green,28.0,green,93.0,green,27.5,green,63.0,green,31.0,green,99.0,green,25.5,green,99.0,green,32.5,green,97.0,green,27.5,green,91.0,green,28.0,green,99.0,green,27.0,green,98.0,green,27.5,green,99.0,green,28.5,green,73.0
215,2021-09-11,green,28.0,green,63.0,green,28.5,red,31.0,green,28.5,green,93.0,green,26.0,green,98.0,green,29.0,green,70.0,green,28.0,green,70.0,green,28.0,green,93.0,green,27.0,green,84.0,green,27.5,green,99.0,green,28.5,red,36.0
216,2021-09-12,green,28.5,red,36.0,green,29.0,red,36.0,green,28.5,yellow,56.0,green,26.0,green,99.0,green,29.5,red,27.0,green,28.5,yellow,55.0,green,28.0,green,74.0,green,27.5,green,82.0,green,27.5,green,99.0,green,29.0,yellow,47.0
217,2021-09-13,green,29.0,yellow,48.0,green,29.0,green,63.0,green,29.0,green,79.0,green,26.0,blue,,green,30.0,yellow,50.0,green,29.0,green,84.0,green,29.0,green,85.0,green,28.0,green,97.0,green,28.0,green,99.0,green,29.0,green,66.0
218,2021-09-14,yellow,29.0,red,37.0,yellow,29.5,green,66.0,yellow,29.0,green,66.0,blue,,blue,,green,30.0,yellow,46.0,green,29.5,green,82.0,green,30.5,green,81.0,green,28.5,green,94.0,green,28.5,green,97.0,green,30.0,green,66.0
219,2021-09-15,green,28.5,red,29.0,green,28.5,yellow,56.0,red,28.5,yellow,43.0,blue,29.0,blue,,red,29.0,red,31.0,green,28.5,green,75.0,green,29.0,yellow,52.0,green,27.0,green,89.0,green,27.5,green,81.0,green,28.5,yellow,52.0
220,2021-09-16,green,28.0,yellow,49.0,green,28.0,green,66.0,green,30.5,yellow,52.0,blue,,blue,,green,31.0,yellow,56.0,green,28.0,green,71.0,green,29.0,red,34.0,green,27.5,green,79.0,green,27.0,yellow,53.0,green,28.5,green,66.0
221,2021-09-17,green,28.5,yellow,51.0,green,29.0,green,71.0,green,28.5,yellow,51.0,blue,,blue,,green,29.5,red,34.0,green,28.5,green,72.0,green,29.5,yellow,44.0,green,28.0,green,74.0,green,28.0,yellow,51.0,green,29.0,yellow,52.0
222,2021-09-18,yellow,29.0,yellow,56.0,yellow,29.5,green,74.0,yellow,29.0,green,64.0,blue,,blue,,green,30.0,yellow,43.0,green,29.0,green,67.0,green,30.0,yellow,46.0,green,28.0,green,74.0,green,28.0,red,37.0,green,29.5,yellow,56.0
223,2021-09-19,green,28.0,yellow,50.0,green,28.5,green,75.0,green,28.0,green,70.0,blue,,blue,,green,29.0,yellow,44.0,green,28.5,green,67.0,green,29.0,yellow,48.0,green,27.5,green,76.0,green,27.5,red,30.0,green,29.0,yellow,52.0
224,2021-09-20,green,28.0,green,69.0,green,28.5,green,86.0,green,27.5,green,81.0,blue,,blue,,green,29.0,yellow,51.0,green,29.0,green,73.0,green,29.0,green,66.0,green,28.0,green,70.0,green,27.5,yellow,51.0,green,29.5,green,64.0
225,2021-09-21,green,27.0,green,69.0,green,27.5,green,80.0,green,27.0,green,82.0,blue,,blue,,green,27.5,yellow,56.0,green,27.5,green,73.0,green,28.5,yellow,55.0,green,26.0,green,73.0,green,26.0,green,64.0,green,28.0,yellow,48.0
226,2021-09-22,green,26.0,green,74.0,green,26.0,green,71.0,red,28.0,green,88.0,blue,,blue,,red,28.5,green,75.0,green,26.0,green,76.0,green,27.0,yellow,50.0,green,25.0,green,92.0,green,25.5,green,75.0,green,26.0,green,70.0
227,2021-09-23,green,26.0,green,80.0,green,25.5,green,77.0,red,29.5,green,92.0,blue,,blue,,red,30.5,green,82.0,green,26.0,green,82.0,green,27.0,yellow,56.0,green,25.0,green,94.0,green,25.0,green,76.0,green,26.5,green,80.0
228,2021-09-24,green,26.0,green,79.0,green,26.5,green,83.0,green,28.0,green,90.0,blue,,blue,,green,29.0,green,82.0,green,26.5,green,78.0,green,27.0,green,69.0,green,25.0,green,88.0,green,25.5,green,76.0,green,27.0,green,70.0
229,2021-09-25,green,26.5,green,85.0,green,26.5,green,79.0,green,26.5,green,86.0,blue,,blue,,green,27.0,green,74.0,green,26.5,green,77.0,green,27.0,green,73.0,green,25.0,green,82.0,green,25.5,green,81.0,green,26.5,yellow,57.0
230,2021-09-26,green,25.5,green,88.0,green,26.0,green,84.0,green,26.0,green,88.0,blue,,blue,,green,26.5,green,84.0,green,26.5,green,78.0,green,27.0,green,65.0,green,25.0,green,92.0,green,25.5,green,83.0,green,26.5,yellow,57.0
231,2021-09-27,yellow,27.5,green,86.0,yellow,28.0,green,92.0,yellow,27.0,green,85.0,blue,,blue,,green,28.0,green,78.0,green,28.0,green,83.0,green,28.5,green,78.0,green,26.5,green,82.0,yellow,26.5,green,80.0,yellow,28.0,green,76.0
232,2021-09-28,yellow,27.0,green,88.0,yellow,27.5,green,98.0,yellow,26.5,green,78.0,blue,,blue,,green,28.5,green,81.0,green,28.0,green,86.0,yellow,28.5,green,67.0,yellow,26.5,green,80.0,yellow,26.5,green,80.0,yellow,28.0,green,81.0
233,2021-09-29,yellow,26.0,green,90.0,yellow,26.5,green,99.0,yellow,26.0,green,80.0,blue,,blue,,green,27.5,green,75.0,green,27.5,green,82.0,green,28.0,yellow,55.0,green,26.0,green,82.0,yellow,26.0,green,86.0,yellow,28.0,green,84.0
234,2021-09-30,green,25.5,green,88.0,green,26.0,green,99.0,green,25.0,green,83.0,blue,,blue,,green,27.0,green,76.0,green,27.0,green,77.0,green,27.5,yellow,55.0,green,26.0,green,78.0,green,25.5,green,78.0,green,27.5,green,83.0
235,2021-10-01,green,25.0,green,86.0,green,25.5,green,99.0,green,24.5,green,79.0,blue,,blue,,green,26.5,green,72.0,green,26.5,green,79.0,green,26.5,yellow,56.0,green,25.5,green,79.0,green,25.0,green,79.0,green,27.0,green,84.0
236,2021-10-02,green,24.5,green,79.0,green,25.5,green,98.0,green,23.5,green,73.0,blue,,blue,,green,26.5,green,66.0,green,26.0,green,84.0,green,24.5,yellow,56.0,green,24.5,green,76.0,green,23.5,green,75.0,green,25.5,green,98.0
237,2021-10-03,green,24.5,green,74.0,green,25.0,green,94.0,green,23.5,green,73.0,blue,,blue,,green,26.0,yellow,56.0,green,25.5,green,86.0,green,25.0,yellow,55.0,green,24.5,green,74.0,green,23.0,green,69.0,green,25.0,green,96.0
238,2021-10-04,green,24.0,green,75.0,yellow,24.5,green,96.0,yellow,23.0,green,74.0,blue,,blue,,green,26.0,yellow,53.0,green,25.0,green,81.0,green,25.0,yellow,55.0,green,24.0,green,73.0,yellow,23.0,green,76.0,green,25.0,green,90.0
239,2021-10-05,green,23.5,green,69.0,green,24.0,green,94.0,green,22.0,green,69.0,blue,,blue,,green,25.5,yellow,50.0,green,25.0,green,78.0,green,25.0,yellow,54.0,green,23.5,green,69.0,green,23.0,green,73.0,green,25.0,green,79.0
240,2021-10-06,green,24.0,green,70.0,green,24.5,green,93.0,green,23.5,green,69.0,blue,,blue,,green,26.0,yellow,50.0,green,25.0,green,79.0,green,25.0,yellow,51.0,green,24.0,green,74.0,green,22.5,green,65.0,green,24.5,green,94.0
241,2021-10-07,green,23.5,green,69.0,yellow,24.0,green,95.0,green,22.5,green,64.0,blue,,blue,,green,25.5,yellow,44.0,green,24.5,green,69.0,green,25.0,yellow,51.0,green,23.5,green,68.0,green,22.5,yellow,55.0,green,25.0,green,86.0
242,2021-10-08,green,24.5,green,72.0,green,24.5,green,96.0,green,23.5,green,68.0,blue,,blue,,green,26.0,yellow,49.0,green,25.5,yellow,54.0,green,25.5,yellow,50.0,green,24.0,green,68.0,green,24.5,green,68.0,green,26.5,green,76.0
243,2021-10-09,green,26.0,green,71.0,green,26.5,green,96.0,green,25.5,green,64.0,blue,,blue,,green,27.0,yellow,46.0,green,26.5,green,78.0,green,26.5,yellow,46.0,green,26.0,green,72.0,green,25.0,yellow,56.0,green,26.5,green,98.0
244,2021-10-10,green,27.0,green,76.0,green,27.5,green,97.0,green,26.5,yellow,56.0,blue,,blue,,green,27.5,yellow,48.0,green,27.0,green,79.0,yellow,26.5,yellow,47.0,green,26.5,green,65.0,green,26.0,yellow,56.0,green,27.5,green,98.0
245,2021-10-11,green,25.0,green,67.0,green,25.5,green,97.0,yellow,24.0,yellow,52.0,blue,,blue,,green,25.5,yellow,47.0,green,25.5,green,76.0,green,24.5,red,37.0,green,25.0,yellow,52.0,green,24.0,yellow,52.0,green,26.0,green,99.0
246,2021-10-12,yellow,23.0,yellow,54.0,red,23.5,green,82.0,yellow,22.0,yellow,56.0,blue,,blue,,green,25.0,yellow,46.0,green,24.5,green,69.0,green,25.0,red,36.0,green,23.5,yellow,49.0,green,23.0,yellow,53.0,green,25.0,green,76.0
247,2021-10-13,green,23.5,yellow,52.0,green,24.0,green,90.0,green,23.0,yellow,52.0,blue,,blue,,green,25.0,red,36.0,green,25.5,green,69.0,green,25.5,red,35.0,green,24.0,yellow,46.0,green,24.0,yellow,52.0,green,26.0,green,77.0
248,2021-10-14,green,25.0,yellow,51.0,green,26.0,green,91.0,green,23.5,red,36.0,blue,,blue,,green,25.5,red,30.0,green,25.0,green,68.0,green,24.0,red,28.0,green,24.0,red,35.0,green,23.5,red,33.0,green,26.0,green,96.0
249,2021-10-15,green,22.5,red,30.0,yellow,23.0,green,66.0,yellow,20.5,red,31.0,blue,,blue,,green,24.5,red,25.0,green,24.5,yellow,48.0,green,24.0,red,19.0,green,22.5,red,29.0,yellow,22.0,red,32.0,green,25.0,green,71.0
250,2021-10-16,green,21.5,red,28.0,yellow,22.0,yellow,45.0,yellow,21.0,red,33.0,blue,,blue,,green,23.0,red,26.0,green,24.0,red,35.0,green,25.0,red,23.0,green,20.5,red,25.0,green,22.5,red,37.0,green,24.0,red,27.0
251,2021-10-17,yellow,22.0,red,34.0,red,23.0,yellow,51.0,red,21.5,red,31.0,blue,,blue,,green,23.0,red,33.0,green,24.0,red,37.0,green,24.5,red,29.0,green,21.0,red,28.0,yellow,22.5,red,36.0,green,24.5,red,35.0
252,2021-10-18,yellow,21.5,red,31.0,yellow,22.5,yellow,52.0,yellow,21.0,red,31.0,blue,,blue,,green,23.0,red,26.0,green,24.0,red,36.0,green,24.5,red,21.0,green,21.0,red,25.0,yellow,22.5,red,29.0,yellow,25.0,red,34.0
253,2021-10-19,green,21.0,red,32.0,yellow,21.5,yellow,52.0,green,20.0,red,28.0,blue,,blue,,green,23.0,red,25.0,green,23.5,red,32.0,green,23.5,red,13.0,green,21.0,red,22.0,yellow,21.5,red,32.0,yellow,24.0,yellow,53.0
254,2021-10-20,green,22.0,red,36.0,green,22.5,green,80.0,green,21.0,red,27.0,blue,,blue,,green,24.0,red,25.0,green,24.0,yellow,54.0,green,24.0,red,15.0,green,22.0,red,29.0,green,22.5,red,29.0,green,25.0,green,69.0
255,2021-10-21,green,20.5,red,32.0,green,20.5,green,75.0,green,18.5,red,32.0,green,,blue,,green,23.0,red,36.0,green,23.0,green,67.0,green,22.5,red,20.0,green,21.0,red,35.0,yellow,19.5,red,36.0,yellow,22.0,green,77.0
256,2021-10-22,yellow,18.5,yellow,52.0,yellow,18.0,green,74.0,red,16.0,red,28.0,yellow,21.5,red,34.0,green,22.0,red,33.0,green,22.5,yellow,50.0,green,23.0,red,10.0,green,19.5,red,25.0,yellow,19.5,red,33.0,yellow,22.5,yellow,56.0
257,2021-10-23,green,18.5,yellow,44.0,green,19.0,green,73.0,green,17.5,red,21.0,green,21.0,red,29.0,green,21.5,red,33.0,green,22.5,yellow,53.0,green,23.0,red,8.0,green,19.0,red,28.0,green,19.0,red,27.0,yellow,21.5,yellow,51.0
258,2021-10-24,green,23.0,red,32.0,green,23.5,green,90.0,green,22.0,red,16.0,yellow,22.0,red,19.0,green,24.0,red,36.0,green,23.5,green,74.0,yellow,23.0,red,3.0,green,22.5,red,27.0,green,21.5,red,23.0,green,23.5,green,89.0
259,2021-10-25,green,19.0,yellow,48.0,green,19.0,green,81.0,yellow,17.0,red,15.0,green,19.5,red,20.0,green,22.0,red,34.0,green,22.0,green,70.0,green,21.0,red,6.0,green,20.0,red,28.0,yellow,17.5,red,21.0,yellow,20.5,green,82.0
260,2021-10-26,yellow,18.5,yellow,51.0,yellow,19.5,green,77.0,green,17.5,red,23.0,yellow,21.5,red,23.0,green,21.0,red,37.0,green,22.5,yellow,54.0,green,22.0,red,9.0,green,18.5,red,24.0,yellow,19.5,red,26.0,yellow,23.0,yellow,47.0
261,2021-10-27,green,18.0,yellow,54.0,yellow,19.0,green,84.0,green,17.0,red,20.0,green,20.5,red,18.0,green,21.5,red,34.0,green,22.5,green,70.0,green,21.5,red,7.0,green,19.0,red,27.0,yellow,19.0,red,15.0,green,22.5,yellow,55.0
262,2021-10-28,green,18.5,yellow,51.0,green,19.5,green,73.0,green,17.0,red,32.0,green,19.5,red,23.0,green,22.0,yellow,51.0,green,22.0,green,73.0,green,20.5,red,15.0,green,19.5,red,35.0,green,17.0,red,29.0,green,20.5,green,79.0
263,2021-10-29,green,19.0,red,32.0,green,19.5,yellow,56.0,green,16.5,red,17.0,green,19.5,red,12.0,green,22.5,red,32.0,green,22.0,green,74.0,green,20.0,red,2.0,green,19.5,red,26.0,yellow,17.0,red,19.0,green,20.0,green,79.0
264,2021-10-30,yellow,18.5,red,36.0,yellow,18.5,green,70.0,yellow,16.0,red,16.0,yellow,19.0,red,7.0,green,22.0,red,33.0,green,21.5,green,70.0,yellow,21.0,red,5.0,green,19.5,red,26.0,yellow,16.5,red,15.0,yellow,20.0,green,75.0
265,2021-10-31,yellow,17.0,yellow,55.0,red,17.0,green,77.0,red,15.0,red,16.0,yellow,21.0,red,5.0,green,21.0,yellow,52.0,green,22.0,green,68.0,green,21.5,red,5.0,green,18.5,red,25.0,red,18.0,red,17.0,yellow,22.0,yellow,51.0
266,2021-11-01,green,17.0,yellow,57.0,yellow,18.5,green,71.0,red,16.0,red,18.0,green,22.0,red,8.0,green,20.0,yellow,50.0,green,22.0,yellow,50.0,green,23.0,red,5.0,green,17.0,red,27.0,green,19.0,red,18.0,green,22.0,red,34.0
267,2021-11-02,yellow,18.5,green,64.0,red,20.0,green,73.0,red,18.0,red,26.0,green,21.5,red,5.0,green,21.0,yellow,49.0,green,22.0,yellow,50.0,green,23.0,red,8.0,green,17.5,red,30.0,green,18.5,red,23.0,green,22.0,red,34.0
268,2021-11-03,yellow,19.0,yellow,44.0,yellow,18.5,green,70.0,red,18.5,red,22.0,green,21.5,red,5.0,green,20.5,yellow,52.0,green,22.0,yellow,48.0,green,22.5,red,6.0,green,17.5,red,35.0,green,19.0,red,18.0,green,22.0,red,32.0
269,2021-11-04,yellow,19.0,red,36.0,yellow,17.0,green,65.0,red,19.0,red,29.0,green,21.0,red,6.0,green,20.5,yellow,50.0,green,21.5,yellow,50.0,green,22.5,red,12.0,green,17.5,red,33.0,green,19.0,red,26.0,green,22.0,red,35.0
270,2021-11-05,yellow,19.0,red,35.0,green,15.0,green,82.0,red,19.5,red,21.0,yellow,21.0,red,6.0,green,21.5,yellow,51.0,green,22.0,yellow,52.0,green,23.0,red,10.0,green,17.5,red,34.0,red,19.0,red,22.0,yellow,22.5,red,33.0
271,2021-11-06,yellow,18.0,red,37.0,red,14.0,green,90.0,red,19.5,red,22.0,yellow,20.5,red,8.0,yellow,21.5,yellow,48.0,green,22.0,yellow,55.0,yellow,23.0,red,11.0,green,18.0,red,35.0,red,19.0,red,25.0,yellow,22.5,red,31.0
272,2021-11-07,yellow,19.0,red,33.0,yellow,16.5,green,98.0,yellow,18.5,red,31.0,yellow,20.5,red,8.0,green,21.5,yellow,54.0,green,22.0,green,52.0,yellow,22.5,red,9.0,green,19.0,red,31.0,yellow,18.5,red,26.0,yellow,22.0,yellow,56.0
273,2021-11-08,green,17.5,green,83.0,green,16.5,green,86.0,red,20.5,red,34.0,yellow,20.0,red,12.0,red,21.5,green,69.0,green,22.0,green,74.0,green,25.0,red,9.0,green,20.5,red,33.0,red,19.0,red,28.0,yellow,21.5,green,79.0
274,2021-11-09,green,18.0,green,72.0,green,18.0,green,66.0,green,23.0,green,69.0,green,18.5,red,12.0,green,23.0,green,68.0,green,22.0,green,70.0,green,25.0,red,6.0,green,20.5,red,34.0,green,17.0,red,31.0,green,19.5,green,93.0
275,2021-11-10,green,20.0,red,29.0,green,23.0,red,34.0,green,20.0,red,35.0,green,18.5,red,12.0,green,21.0,red,27.0,green,22.5,green,71.0,green,21.5,red,25.0,green,21.0,red,36.0,green,18.0,red,30.0,green,20.0,green,91.0
276,2021-11-11,green,19.5,red,27.0,green,22.5,red,35.0,green,23.0,red,27.0,yellow,18.0,red,21.0,green,21.5,red,21.0,green,22.5,green,66.0,green,20.5,red,22.0,green,20.5,red,36.0,red,17.5,red,31.0,yellow,20.5,green,76.0
277,2021-11-12,green,19.0,red,36.0,green,21.5,red,23.0,red,24.0,red,36.0,green,19.0,red,23.0,red,22.5,red,36.0,green,22.0,green,70.0,green,20.0,red,22.0,green,20.0,red,33.0,yellow,16.5,red,35.0,green,19.5,green,67.0
278,2021-11-13,green,18.5,red,34.0,green,20.5,red,19.0,red,25.5,red,33.0,green,20.5,red,14.0,red,24.5,red,32.0,green,22.0,yellow,55.0,green,20.0,red,22.0,green,19.5,red,35.0,green,18.5,red,29.0,green,20.0,yellow,48.0
279,2021-11-14,green,19.0,red,30.0,green,21.0,red,25.0,red,24.5,red,35.0,green,19.0,red,27.0,red,23.5,red,35.0,green,22.0,yellow,57.0,green,20.0,red,20.0,green,20.0,red,32.0,green,17.5,red,35.0,green,19.0,yellow,47.0
280,2021-11-15,green,19.5,red,31.0,green,22.0,red,22.0,green,24.0,yellow,48.0,green,19.5,red,32.0,green,24.0,yellow,44.0,green,23.0,yellow,56.0,green,19.5,red,25.0,green,18.5,yellow,49.0,yellow,18.0,green,74.0,green,21.5,red,30.0
281,2021-11-16,green,21.0,red,30.0,blue,22.5,blue,,green,21.0,red,22.0,green,20.5,yellow,45.0,green,21.5,red,27.0,green,22.0,green,76.0,green,20.0,red,26.0,green,19.5,yellow,54.0,green,18.5,green,70.0,green,22.0,yellow,54.0
282,2021-11-17,green,20.5,red,35.0,yellow,21.5,green,76.0,red,19.0,red,23.0,green,22.0,red,16.0,green,21.5,red,29.0,green,21.0,green,71.0,green,22.0,red,14.0,green,21.0,yellow,49.0,green,19.5,red,32.0,green,22.5,yellow,55.0
283,2021-11-18,green,18.5,yellow,52.0,green,18.0,yellow,49.0,green,19.0,red,26.0,green,21.0,red,22.0,green,20.5,red,32.0,green,20.0,yellow,46.0,green,22.5,red,18.0,green,20.5,red,33.0,green,20.0,red,26.0,green,21.0,red,21.0
284,2021-11-19,green,18.5,red,35.0,green,18.5,red,34.0,green,19.0,red,25.0,green,20.0,red,15.0,green,20.0,red,29.0,green,20.0,red,35.0,green,22.5,red,15.0,green,19.5,yellow,46.0,green,19.5,red,27.0,green,20.5,red,18.0
285,2021-11-20,green,18.0,yellow,54.0,yellow,18.0,red,31.0,red,18.0,red,27.0,green,20.5,red,19.0,green,20.5,red,37.0,green,21.0,red,35.0,green,22.0,red,15.0,green,20.5,red,37.0,green,19.5,red,29.0,green,21.5,red,25.0
286,2021-11-21,yellow,17.0,yellow,53.0,yellow,17.0,yellow,56.0,red,16.0,red,25.0,green,21.0,red,18.0,green,20.5,red,32.0,green,21.0,red,35.0,green,22.5,red,13.0,green,20.5,red,36.0,green,18.5,red,29.0,green,21.0,red,25.0
287,2021-11-22,green,19.0,yellow,51.0,green,19.0,red,32.0,green,20.0,red,34.0,green,20.5,red,23.0,green,19.5,red,35.0,green,20.0,red,37.0,green,22.5,red,24.0,green,19.0,red,36.0,green,19.0,red,34.0,green,20.0,red,19.0
288,2021-11-23,green,18.5,yellow,47.0,green,18.5,red,35.0,green,19.0,red,27.0,green,20.0,red,16.0,green,20.0,red,37.0,green,20.0,red,30.0,green,22.5,red,19.0,green,19.0,red,36.0,yellow,16.0,red,32.0,green,20.5,red,20.0
289,2021-11-24,green,19.0,yellow,54.0,green,19.0,yellow,55.0,green,18.5,red,25.0,green,19.5,red,17.0,green,21.5,red,32.0,green,21.0,red,29.0,green,21.5,red,22.0,green,20.5,red,36.0,green,16.5,red,29.0,green,19.5,yellow,53.0
290,2021-11-25,green,18.0,yellow,49.0,green,18.0,yellow,52.0,green,18.0,red,23.0,green,21.0,red,12.0,green,20.5,red,34.0,green,20.5,red,34.0,green,23.0,red,16.0,green,20.5,red,32.0,green,19.0,red,22.0,green,20.0,red,28.0
291,2021-11-26,green,19.0,yellow,50.0,green,19.0,red,36.0,green,20.0,red,27.0,green,21.0,red,11.0,green,20.0,red,35.0,green,20.5,red,27.0,green,23.0,red,16.0,green,19.5,red,30.0,green,20.0,red,24.0,green,20.0,red,24.0
292,2021-11-27,yellow,18.5,yellow,53.0,yellow,18.5,yellow,52.0,red,18.0,red,26.0,green,20.5,red,14.0,green,20.5,red,36.0,green,21.0,red,32.0,green,22.0,red,20.0,green,20.0,red,35.0,green,18.5,red,25.0,green,21.0,red,25.0
293,2021-11-28,green,19.0,yellow,55.0,green,18.5,yellow,55.0,green,19.0,red,29.0,green,21.0,red,13.0,green,20.5,red,35.0,green,20.5,red,30.0,green,22.0,red,17.0,green,19.5,red,32.0,green,19.0,red,28.0,green,21.0,red,27.0
294,2021-11-29,yellow,18.0,yellow,55.0,yellow,18.5,green,69.0,red,18.0,red,34.0,green,20.5,red,15.0,green,20.0,red,32.0,green,20.5,red,34.0,green,22.5,red,22.0,green,20.0,red,35.0,green,18.5,red,29.0,green,20.5,red,28.0
295,2021-11-30,green,17.0,green,72.0,green,17.0,green,76.0,green,16.0,red,29.0,green,19.5,red,16.0,green,20.5,yellow,48.0,green,20.5,yellow,56.0,green,22.0,red,18.0,green,20.0,red,31.0,green,16.0,red,33.0,green,19.0,yellow,52.0
296,2021-12-01,green,17.0,green,80.0,green,17.0,green,86.0,yellow,15.0,red,32.0,yellow,18.0,red,20.0,green,21.5,yellow,55.0,green,20.5,green,69.0,green,21.5,red,23.0,green,20.5,yellow,52.0,green,14.0,red,34.0,green,17.5,green,77.0
297,2021-12-02,yellow,19.0,green,79.0,red,18.5,green,91.0,yellow,17.0,red,37.0,yellow,19.5,red,25.0,green,22.0,yellow,54.0,green,21.5,green,70.0,yellow,22.0,red,26.0,green,21.0,yellow,55.0,yellow,16.5,red,32.0,yellow,20.0,green,84.0
298,2021-12-03,yellow,19.5,green,81.0,red,19.5,green,90.0,yellow,18.0,red,33.0,yellow,21.0,red,24.0,green,22.0,green,67.0,green,22.5,yellow,55.0,yellow,21.5,red,24.0,green,21.5,yellow,53.0,yellow,19.0,red,34.0,yellow,22.0,green,69.0
299,2021-12-04,green,18.5,green,80.0,green,19.0,green,83.0,green,17.5,red,31.0,green,20.5,red,25.0,green,21.0,green,71.0,green,21.5,green,65.0,green,21.5,red,25.0,green,21.0,yellow,55.0,green,18.0,red,35.0,green,21.0,yellow,54.0
300,2021-12-05,yellow,20.0,green,78.0,yellow,21.0,green,91.0,yellow,19.0,yellow,46.0,green,19.5,red,22.0,green,21.0,green,68.0,green,22.0,yellow,54.0,green,21.0,red,27.0,green,21.0,yellow,56.0,green,19.5,red,37.0,green,22.5,green,69.0
301,2021-12-06,green,18.0,green,82.0,green,19.0,green,87.0,green,18.5,yellow,50.0,green,21.0,red,29.0,green,21.0,green,72.0,green,20.5,green,68.0,green,23.0,red,22.0,green,20.5,yellow,54.0,yellow,18.5,yellow,54.0,green,21.0,yellow,45.0
302,2021-12-07,green,18.5,green,79.0,green,19.5,green,81.0,green,20.0,yellow,56.0,green,20.5,red,29.0,green,19.5,green,71.0,green,19.5,yellow,57.0,green,21.0,red,34.0,green,19.5,green,71.0,yellow,15.5,yellow,55.0,green,20.5,red,34.0
303,2021-12-08,green,19.0,green,80.0,green,19.5,green,78.0,green,19.0,yellow,50.0,green,20.5,red,30.0,green,20.5,green,74.0,green,20.0,yellow,54.0,green,21.0,red,30.0,green,20.0,yellow,54.0,green,16.0,yellow,50.0,green,19.5,red,33.0
304,2021-12-09,green,18.0,green,81.0,green,18.5,green,83.0,yellow,17.0,yellow,56.0,yellow,19.5,red,30.0,green,21.0,green,76.0,green,21.0,green,70.0,yellow,21.0,red,32.0,green,20.5,green,67.0,yellow,17.0,yellow,51.0,yellow,20.0,yellow,52.0
305,2021-12-10,green,21.0,green,84.0,green,22.0,green,95.0,green,19.0,yellow,56.0,green,19.5,red,30.0,green,22.5,green,74.0,green,23.0,green,74.0,green,20.0,red,33.0,green,22.0,yellow,53.0,green,19.5,yellow,52.0,green,23.0,green,90.0
306,2021-12-11,green,18.5,green,84.0,green,19.0,green,93.0,green,18.0,yellow,55.0,green,20.5,red,32.0,green,21.5,green,81.0,green,21.0,green,76.0,green,21.5,red,32.0,green,20.5,green,71.0,green,18.0,yellow,55.0,green,20.5,green,81.0
307,2021-12-12,green,18.0,green,89.0,green,19.0,green,90.0,green,18.0,green,75.0,green,20.5,yellow,49.0,green,21.0,green,82.0,green,21.0,green,71.0,green,22.0,yellow,51.0,green,20.0,green,74.0,green,18.0,yellow,56.0,green,20.5,green,71.0
308,2021-12-13,yellow,18.0,green,89.0,red,18.5,green,92.0,red,17.5,green,75.0,yellow,20.0,yellow,54.0,green,21.0,green,82.0,green,21.5,green,76.0,yellow,21.0,yellow,51.0,green,20.5,green,76.0,red,18.5,green,70.0,yellow,21.0,green,75.0
309,2021-12-14,green,20.0,green,88.0,green,21.5,green,95.0,green,18.5,green,71.0,green,19.5,yellow,49.0,green,21.5,green,80.0,green,22.5,green,77.0,green,20.5,yellow,48.0,green,21.0,green,77.0,green,19.0,green,74.0,green,22.5,green,87.0
310,2021-12-15,green,22.5,green,87.0,green,23.5,green,99.0,green,20.0,green,71.0,green,20.0,yellow,47.0,green,22.0,green,78.0,green,23.0,green,83.0,green,20.0,yellow,52.0,green,22.0,green,78.0,green,21.0,green,69.0,green,24.0,green,97.0
311,2021-12-16,yellow,19.0,green,92.0,red,19.5,green,96.0,red,17.0,green,77.0,green,18.5,yellow,52.0,green,22.0,green,82.0,green,22.0,green,83.0,green,20.0,yellow,55.0,green,21.0,green,81.0,green,18.0,green,73.0,green,22.0,green,84.0
312,2021-12-17,green,17.5,green,83.0,green,20.0,green,92.0,green,19.5,green,81.0,green,21.5,yellow,54.0,green,21.0,green,78.0,green,21.0,green,81.0,green,24.0,yellow,54.0,green,20.0,green,83.0,yellow,18.0,green,78.0,green,21.5,green,77.0
313,2021-12-18,green,18.0,green,89.0,green,20.5,green,90.0,green,20.0,green,73.0,green,22.0,yellow,55.0,green,22.0,green,82.0,green,21.0,green,82.0,green,25.0,blue,,green,21.0,green,85.0,green,16.0,green,75.0,green,21.0,green,78.0
314,2021-12-19,green,17.0,green,89.0,green,19.0,green,91.0,green,18.0,green,78.0,green,21.0,yellow,53.0,green,20.5,green,80.0,green,21.0,green,83.0,green,22.5,green,68.0,green,20.0,green,85.0,green,18.0,green,80.0,green,21.0,green,74.0
315,2021-12-20,green,17.0,green,91.0,green,19.0,green,89.0,green,18.5,green,78.0,green,20.5,yellow,55.0,green,20.5,green,84.0,green,20.5,green,77.0,green,22.0,green,66.0,green,19.5,green,82.0,green,17.0,green,80.0,green,20.5,green,75.0
316,2021-12-21,yellow,16.5,green,90.0,red,17.0,green,91.0,red,16.5,green,77.0,green,20.5,green,71.0,green,20.5,green,85.0,green,21.0,green,82.0,green,21.0,green,74.0,green,20.0,green,85.0,yellow,17.5,green,86.0,green,20.5,green,74.0
317,2021-12-22,green,16.5,green,90.0,blue,18.0,blue,,green,18.0,green,79.0,green,21.0,yellow,57.0,green,20.0,green,85.0,green,20.5,green,83.0,green,22.0,green,74.0,green,19.5,green,86.0,green,18.5,green,82.0,green,20.5,green,70.0
318,2021-12-23,yellow,18.0,green,89.0,green,18.5,green,95.0,yellow,18.0,green,83.0,yellow,19.5,green,69.0,green,21.0,green,87.0,green,21.0,green,88.0,yellow,21.0,green,75.0,green,20.5,green,87.0,yellow,17.5,green,82.0,green,20.0,green,79.0
319,2021-12-24,green,20.5,green,89.0,green,21.5,green,97.0,green,19.0,green,76.0,green,19.0,yellow,56.0,green,21.5,green,84.0,green,22.5,green,83.0,green,19.5,green,77.0,green,21.5,green,83.0,green,18.5,green,84.0,green,22.0,green,91.0
320,2021-12-25,green,22.0,green,90.0,green,23.0,green,97.0,red,18.5,green,79.0,yellow,19.0,green,70.0,green,22.0,green,86.0,green,22.0,green,91.0,yellow,19.5,green,73.0,green,20.5,green,85.0,red,18.0,green,87.0,yellow,22.0,green,89.0
321,2021-12-26,green,21.0,green,91.0,green,21.0,green,96.0,yellow,15.0,green,80.0,green,18.0,green,71.0,green,22.0,green,89.0,green,21.5,green,84.0,yellow,19.0,green,66.0,green,20.5,green,87.0,red,14.0,green,88.0,yellow,19.0,green,88.0
322,2021-12-27,yellow,20.5,green,92.0,yellow,21.5,green,97.0,yellow,18.5,green,84.0,yellow,19.0,green,69.0,green,22.0,green,89.0,green,22.0,green,91.0,red,19.5,green,71.0,green,20.5,green,90.0,red,18.0,green,87.0,green,23.0,green,93.0
323,2021-12-28,yellow,16.0,green,94.0,yellow,15.5,green,95.0,red,13.0,green,88.0,yellow,20.5,green,72.0,green,20.5,green,87.0,green,21.0,green,92.0,yellow,20.0,green,79.0,green,20.5,green,91.0,red,15.0,green,89.0,yellow,19.5,green,91.0
324,2021-12-29,green,15.5,green,94.0,yellow,15.0,green,94.0,red,12.0,green,84.0,yellow,20.5,green,67.0,green,21.0,green,87.0,green,21.0,green,82.0,yellow,20.5,green,77.0,green,20.5,green,88.0,red,15.5,green,80.0,yellow,19.5,green,91.0
325,2021-12-30,green,17.0,green,88.0,green,16.5,green,93.0,green,14.5,green,86.0,yellow,19.0,green,74.0,green,21.5,green,85.0,green,21.5,green,85.0,yellow,19.5,green,67.0,green,20.5,green,86.0,green,16.0,green,77.0,green,20.5,green,92.0
326,2021-12-31,green,20.5,green,87.0,green,21.5,green,95.0,green,18.5,green,85.0,green,18.5,green,70.0,green,22.0,green,85.0,green,22.5,green,86.0,green,18.5,green,74.0,green,21.5,green,84.0,green,18.5,green,75.0,green,23.0,green,96.0
327,2022-01-01,yellow,17.5,green,84.0,yellow,18.5,green,89.0,red,15.0,green,82.0,green,20.0,green,72.0,green,20.5,green,84.0,green,21.0,green,88.0,red,13.0,green,70.0,green,20.5,green,82.0,yellow,15.5,green,65.0,green,20.5,green,85.0
328,2022-01-02,green,19.0,green,82.0,green,19.5,green,77.0,green,20.0,green,87.0,green,20.5,green,74.0,green,19.5,green,84.0,green,20.0,green,83.0,green,18.5,green,71.0,green,18.5,green,75.0,green,19.5,green,72.0,green,20.0,green,77.0
329,2022-01-03,green,19.5,green,80.0,green,20.0,green,82.0,green,19.5,green,84.0,green,20.5,green,77.0,green,20.0,green,84.0,green,20.0,green,86.0,green,18.0,green,72.0,green,18.5,green,78.0,green,18.5,green,78.0,green,20.5,green,75.0
330,2022-01-04,green,19.5,green,86.0,green,20.0,green,82.0,green,19.5,green,82.0,green,21.0,green,75.0,green,20.0,green,88.0,green,20.0,green,84.0,green,17.5,yellow,54.0,green,19.5,green,79.0,green,17.5,green,82.0,green,21.0,green,81.0
331,2022-01-05,green,19.0,green,88.0,green,20.0,green,88.0,green,20.0,green,84.0,green,21.0,green,77.0,green,21.0,green,90.0,green,20.0,green,88.0,green,18.0,yellow,56.0,green,19.5,green,85.0,green,18.0,green,84.0,green,20.5,green,84.0
332,2022-01-06,yellow,18.0,green,93.0,yellow,20.0,green,87.0,red,20.0,green,89.0,green,19.5,green,75.0,green,20.5,green,89.0,green,19.0,green,84.0,yellow,15.5,yellow,52.0,green,18.5,green,87.0,red,16.0,green,86.0,yellow,19.0,green,83.0
333,2022-01-07,green,17.0,green,95.0,green,18.5,green,96.0,green,17.5,green,86.0,green,19.0,green,81.0,green,19.5,green,90.0,green,19.0,green,88.0,green,15.0,green,66.0,green,18.5,green,89.0,yellow,16.0,green,89.0,green,18.0,green,79.0
334,2022-01-08,yellow,18.0,green,97.0,yellow,18.5,green,95.0,red,17.0,green,91.0,yellow,20.0,green,80.0,green,19.0,green,93.0,green,20.0,green,92.0,red,16.0,green,78.0,green,19.5,green,91.0,red,15.5,green,90.0,yellow,20.0,green,85.0
335,2022-01-09,green,19.0,green,94.0,green,19.5,green,97.0,green,18.0,green,87.0,green,21.5,green,75.0,green,20.5,green,92.0,green,20.5,green,86.0,yellow,16.0,green,81.0,green,19.5,green,89.0,green,17.5,green,90.0,green,20.5,green,91.0
336,2022-01-10,green,19.5,green,96.0,green,20.0,green,96.0,green,20.0,green,91.0,green,20.5,green,83.0,green,20.0,green,93.0,green,19.5,green,87.0,green,18.5,green,79.0,green,19.0,green,90.0,green,16.0,green,90.0,green,20.0,green,88.0
337,2022-01-11,yellow,17.5,green,96.0,yellow,18.5,green,92.0,red,16.5,green,91.0,green,20.0,green,83.0,green,20.0,green,93.0,green,19.5,green,90.0,red,15.0,green,82.0,green,19.5,green,89.0,yellow,15.0,green,91.0,green,20.0,green,90.0
338,2022-01-12,yellow,17.0,green,96.0,yellow,18.0,green,95.0,red,15.5,green,85.0,yellow,19.5,green,80.0,green,21.0,green,91.0,green,20.5,green,89.0,red,13.5,green,85.0,green,20.0,green,95.0,red,16.0,green,90.0,yellow,20.5,green,98.0
339,2022-01-13,red,17.5,green,96.0,yellow,18.5,green,98.0,red,15.5,green,91.0,yellow,20.0,green,85.0,green,20.5,green,93.0,green,21.0,green,91.0,red,13.0,green,84.0,green,19.5,green,87.0,red,16.5,green,77.0,yellow,21.0,green,96.0
340,2022-01-14,red,17.0,green,97.0,yellow,18.0,green,94.0,red,15.5,green,93.0,green,21.0,green,84.0,green,19.5,green,94.0,green,20.5,green,91.0,red,14.0,green,85.0,green,19.0,green,92.0,green,17.0,green,83.0,green,20.5,green,95.0
341,2022-01-15,green,18.0,green,97.0,green,18.5,green,94.0,green,16.5,green,92.0,green,21.0,green,79.0,green,19.0,green,93.0,blue,21.0,blue,,green,14.5,green,82.0,green,19.0,green,92.0,green,17.5,green,73.0,green,21.0,green,93.0
342,2022-01-16,green,19.5,green,95.0,green,20.0,green,92.0,green,19.5,green,93.0,green,21.0,green,82.0,green,20.0,green,95.0,green,20.0,blue,,yellow,17.5,green,84.0,green,19.0,green,92.0,yellow,18.5,green,82.0,green,21.0,green,92.0
343,2022-01-17,green,18.0,green,97.0,green,19.0,green,95.0,green,17.5,green,95.0,green,21.0,green,82.0,green,20.0,green,94.0,green,20.0,green,90.0,green,16.0,green,86.0,green,19.5,green,95.0,green,17.5,green,90.0,green,20.5,green,92.0
344,2022-01-18,green,18.0,green,97.0,green,19.0,green,97.0,green,16.5,green,94.0,green,19.0,green,83.0,green,20.5,green,94.0,green,21.0,green,95.0,green,14.5,green,87.0,green,19.5,green,95.0,green,16.5,green,91.0,green,20.5,green,94.0
345,2022-01-19,green,17.0,green,99.0,green,18.0,green,96.0,green,16.0,green,91.0,green,20.5,green,83.0,green,19.5,green,93.0,green,20.0,green,94.0,green,14.5,green,92.0,green,19.5,green,95.0,yellow,16.0,green,94.0,green,20.0,green,89.0
346,2022-01-20,green,18.5,green,96.0,green,19.0,green,94.0,green,18.5,green,93.0,green,19.5,green,86.0,green,18.5,green,93.0,green,19.0,green,95.0,green,17.5,green,90.0,green,18.5,green,95.0,red,16.0,green,91.0,yellow,19.0,green,84.0
347,2022-01-21,green,18.5,green,96.0,green,19.0,green,93.0,green,18.0,green,93.0,green,19.0,green,88.0,green,19.5,green,94.0,green,19.0,green,95.0,yellow,17.5,green,90.0,green,18.5,green,94.0,red,14.0,green,90.0,yellow,18.0,green,84.0
348,2022-01-22,red,17.5,green,97.0,yellow,18.5,green,96.0,red,17.0,green,94.0,green,19.5,green,85.0,green,19.5,green,92.0,green,19.5,green,94.0,red,16.0,green,90.0,green,18.5,green,93.0,green,14.5,green,94.0,green,19.0,green,90.0
349,2022-01-23,green,17.0,green,96.0,green,18.0,green,95.0,green,16.0,green,91.0,green,20.0,green,82.0,green,20.0,green,88.0,green,20.0,green,94.0,green,14.0,green,86.0,green,19.0,green,93.0,green,17.0,green,91.0,green,20.0,green,90.0
350,2022-01-24,yellow,17.5,green,95.0,yellow,19.0,green,96.0,red,16.5,green,91.0,red,18.5,green,90.0,green,21.0,green,92.0,yellow,20.0,green,94.0,red,13.5,green,92.0,green,19.0,green,95.0,red,15.0,green,90.0,yellow,20.0,green,93.0
351,2022-01-25,green,19.0,green,97.0,green,19.0,green,89.0,green,19.0,green,95.0,green,20.0,green,90.0,green,19.5,green,91.0,green,19.5,green,93.0,green,17.0,green,89.0,green,18.0,green,96.0,red,16.5,green,90.0,yellow,20.0,green,91.0
352,2022-01-26,green,18.0,green,96.0,green,18.5,green,95.0,green,18.0,green,93.0,green,19.0,green,85.0,green,19.0,green,94.0,green,19.0,green,94.0,green,17.0,green,91.0,green,17.5,green,94.0,yellow,14.5,green,92.0,green,18.0,green,92.0
353,2022-01-27,yellow,16.0,green,96.0,yellow,17.0,green,97.0,red,14.5,green,93.0,yellow,20.0,green,89.0,green,19.5,green,94.0,green,19.5,green,95.0,red,13.5,green,93.0,green,18.5,green,96.0,red,14.0,green,94.0,yellow,19.5,green,93.0
354,2022-01-28,green,17.5,green,97.0,green,19.0,blue,,green,18.5,green,93.0,green,21.0,green,92.0,green,19.0,green,94.0,green,19.0,green,95.0,green,16.5,green,91.0,green,17.5,green,96.0,yellow,16.5,green,93.0,green,20.0,green,94.0
355,2022-01-29,green,17.0,green,99.0,green,18.0,green,95.0,green,16.5,green,92.0,green,19.5,green,92.0,green,18.5,green,91.0,green,19.0,green,97.0,green,16.0,green,91.0,green,17.0,green,94.0,yellow,15.0,green,92.0,green,18.5,green,95.0
356,2022-01-30,green,17.5,green,93.0,green,19.0,green,94.0,blue,17.0,blue,91.0,green,20.0,green,89.0,green,19.5,green,96.0,green,20.0,green,97.0,green,15.0,green,94.0,green,17.5,green,97.0,yellow,16.5,green,73.0,green,19.5,green,93.0
357,2022-01-31,yellow,16.0,green,98.0,yellow,18.0,green,95.0,red,15.0,green,94.0,yellow,19.0,green,91.0,yellow,18.5,green,95.0,green,20.5,green,96.0,red,14.0,green,94.0,green,18.0,green,97.0,red,16.0,green,94.0,yellow,20.0,green,95.0
358,2022-02-01,yellow,17.5,green,98.0,yellow,19.0,green,98.0,yellow,15.0,green,93.0,green,17.0,green,91.0,green,19.5,green,93.0,green,20.5,green,99.0,yellow,14.0,green,92.0,green,18.5,green,95.0,yellow,15.5,green,93.0,yellow,20.5,green,99.0
359,2022-02-02,green,17.5,green,97.0,green,19.5,green,95.0,green,16.5,green,93.0,green,20.0,green,93.0,green,18.0,green,96.0,green,20.0,green,96.0,green,15.0,green,90.0,green,17.0,green,97.0,yellow,16.5,green,92.0,green,20.5,green,95.0
360,2022-02-03,green,17.5,green,93.0,green,19.0,green,94.0,green,17.0,green,92.0,green,19.0,green,93.0,green,17.5,green,95.0,green,19.0,green,96.0,green,17.0,green,87.0,green,16.5,green,96.0,yellow,15.5,green,93.0,green,19.5,green,94.0
361,2022-02-04,green,17.5,green,95.0,green,19.0,green,95.0,green,17.0,green,92.0,green,19.0,green,93.0,green,17.5,green,95.0,green,18.5,green,97.0,green,16.5,green,92.0,green,17.0,green,97.0,red,13.5,green,92.0,green,19.5,green,93.0
362,2022-02-05,green,17.5,green,95.0,green,18.5,green,94.0,green,17.0,green,90.0,green,18.5,green,93.0,green,17.5,green,94.0,green,18.0,green,95.0,green,16.5,green,88.0,green,16.5,green,96.0,red,12.5,green,96.0,yellow,18.0,green,90.0
363,2022-02-06,yellow,16.0,green,96.0,yellow,18.0,green,95.0,red,15.0,green,95.0,green,19.0,green,90.0,green,17.5,green,93.0,green,18.5,green,97.0,red,14.0,green,93.0,green,17.0,green,97.0,red,13.0,green,95.0,green,18.5,green,96.0
364,2022-02-07,green,17.0,green,96.0,green,18.5,green,96.0,green,16.0,green,90.0,green,20.5,green,94.0,green,18.5,green,97.0,green,19.5,green,97.0,green,14.0,green,92.0,green,17.5,green,97.0,yellow,16.0,green,97.0,green,19.5,green,99.0
365,2022-02-08,yellow,16.0,green,97.0,yellow,17.5,green,98.0,red,15.0,green,94.0,yellow,18.0,green,91.0,green,19.0,green,95.0,green,20.0,green,,red,13.0,green,93.0,green,18.0,green,97.0,red,15.0,green,94.0,yellow,18.5,green,97.0
366,2022-02-09,yellow,16.5,green,96.0,yellow,17.5,green,97.0,red,14.5,green,94.0,yellow,17.5,green,90.0,green,19.5,green,97.0,green,20.0,green,96.0,red,13.0,green,91.0,green,18.0,green,97.0,red,15.0,green,94.0,yellow,19.0,green,96.0
367,2022-02-10,yellow,16.0,green,96.0,yellow,18.0,green,97.0,red,15.5,green,90.0,red,17.0,green,89.0,green,19.0,green,95.0,green,20.0,green,97.0,red,14.0,green,92.0,green,18.0,green,97.0,red,14.5,green,95.0,yellow,18.5,green,96.0
368,2022-02-11,yellow,15.5,green,96.0,yellow,18.5,green,96.0,red,15.5,green,93.0,yellow,16.5,green,85.0,green,18.5,green,95.0,green,19.0,green,95.0,red,14.0,green,92.0,green,17.5,green,96.0,red,13.0,green,92.0,yellow,17.0,green,97.0
369,2022-02-12,green,17.0,green,94.0,green,18.5,green,92.0,green,17.5,green,91.0,green,18.5,green,93.0,green,17.0,green,92.0,green,18.5,green,96.0,green,17.0,green,91.0,green,16.0,green,97.0,green,18.0,green,92.0,green,18.5,green,93.0
370,2022-02-13,green,17.0,green,97.0,green,18.5,green,95.0,green,17.5,green,93.0,green,18.0,green,91.0,green,17.5,green,94.0,green,18.5,green,96.0,green,16.5,green,91.0,green,16.0,green,97.0,green,15.5,green,91.0,green,18.0,green,93.0
371,2022-02-14,green,16.5,green,94.0,green,18.5,green,91.0,green,17.0,green,98.0,green,18.0,green,90.0,green,17.5,green,94.0,green,19.0,green,97.0,green,15.5,green,94.0,green,17.5,green,97.0,red,15.5,green,93.0,yellow,18.0,green,95.0
372,2022-02-15,green,16.5,green,98.0,green,19.0,green,93.0,green,15.5,green,92.0,green,17.0,green,92.0,green,17.5,green,94.0,green,19.5,green,97.0,yellow,15.5,green,92.0,green,18.0,green,97.0,yellow,16.5,green,96.0,yellow,19.5,green,97.0
373,2022-02-16,green,17.5,green,98.0,green,20.0,green,98.0,green,16.5,green,95.0,yellow,17.0,green,91.0,green,19.0,green,94.0,green,20.5,green,97.0,green,16.5,green,89.0,green,19.5,green,97.0,green,17.0,green,95.0,green,21.0,green,99.0
374,2022-02-17,green,16.0,green,97.0,green,18.5,green,93.0,yellow,14.5,green,86.0,red,18.0,green,92.0,red,18.0,green,92.0,red,19.0,green,99.0,green,15.5,green,88.0,red,17.5,green,97.0,yellow,15.5,green,94.0,red,19.0,green,97.0
375,2022-02-18,green,13.5,green,93.0,green,15.5,green,89.0,green,14.5,green,84.0,green,19.5,green,90.0,green,18.0,green,97.0,green,17.0,green,99.0,green,17.0,green,93.0,green,18.0,green,97.0,green,15.0,green,93.0,green,17.5,green,92.0
376,2022-02-19,green,16.5,green,97.0,green,18.0,green,92.0,green,15.5,green,90.0,green,19.5,green,97.0,green,16.5,green,94.0,green,18.5,green,96.0,green,16.5,green,92.0,green,17.5,green,97.0,green,16.5,green,97.0,green,19.0,green,92.0
377,2022-02-20,green,16.5,green,99.0,green,18.5,green,95.0,green,15.5,green,93.0,yellow,17.5,green,91.0,green,17.5,green,93.0,green,19.0,green,96.0,green,16.5,green,93.0,green,18.0,green,98.0,yellow,16.0,green,90.0,yellow,19.0,green,97.0
378,2022-02-21,green,17.5,green,97.0,green,20.0,green,97.0,green,16.5,green,91.0,green,18.5,green,87.0,green,18.0,green,91.0,green,20.0,green,99.0,green,16.5,green,91.0,green,19.5,green,97.0,green,16.5,green,92.0,green,20.5,green,97.0
379,2022-02-22,green,17.5,green,99.0,green,19.0,green,90.0,green,17.5,green,93.0,yellow,16.5,green,85.0,green,18.5,green,91.0,green,19.5,green,97.0,green,17.0,green,92.0,green,19.0,green,95.0,yellow,16.0,green,93.0,green,20.0,green,96.0
380,2022-02-23,green,14.5,green,99.0,green,14.0,green,88.0,yellow,18.5,green,96.0,green,16.5,green,91.0,red,19.0,green,93.0,green,17.5,green,93.0,red,21.5,green,93.0,green,17.5,green,93.0,green,16.0,green,88.0,green,15.5,green,92.0
381,2022-02-24,green,15.0,green,99.0,green,14.5,green,91.0,green,17.0,green,92.0,green,17.5,green,84.0,green,17.5,green,91.0,green,17.0,green,93.0,green,19.5,green,93.0,green,16.5,green,92.0,green,16.5,green,88.0,green,16.5,green,91.0
382,2022-02-25,green,14.0,green,96.0,green,14.0,green,85.0,red,18.0,green,96.0,green,16.5,green,82.0,red,18.5,green,94.0,green,15.5,green,99.0,red,21.5,green,93.0,green,15.0,green,99.0,green,15.0,green,89.0,yellow,17.0,green,97.0
383,2022-02-26,green,15.0,green,99.0,green,14.5,green,91.0,red,18.0,green,97.0,green,16.5,green,88.0,red,18.0,green,97.0,green,15.5,green,97.0,red,21.5,green,98.0,green,15.5,green,96.0,green,15.5,green,92.0,yellow,17.5,green,91.0
384,2022-02-27,green,15.0,green,94.0,green,15.0,green,91.0,green,18.0,green,97.0,green,17.0,green,96.0,green,18.0,green,87.0,green,16.0,green,97.0,green,19.5,green,94.0,green,16.0,green,98.0,green,16.0,green,94.0,green,17.5,green,91.0
385,2022-02-28,green,16.0,green,97.0,green,16.0,green,93.0,green,17.5,green,99.0,green,17.5,green,88.0,green,17.5,green,91.0,green,17.0,green,97.0,green,18.0,green,95.0,green,17.0,green,93.0,green,16.0,green,89.0,green,17.5,green,92.0
386,2022-03-01,yellow,16.5,green,99.0,green,17.5,green,94.0,green,17.5,green,92.0,green,18.5,green,92.0,green,18.0,green,89.0,green,18.5,green,98.0,yellow,18.0,green,93.0,green,17.5,green,96.0,yellow,17.5,green,91.0,green,18.5,green,96.0
387,2022-03-02,yellow,18.0,green,99.0,yellow,19.0,green,95.0,yellow,18.5,green,95.0,green,19.5,green,88.0,green,19.0,green,96.0,green,19.5,green,99.0,yellow,19.5,green,92.0,green,18.5,green,97.0,yellow,18.5,green,89.0,yellow,19.5,green,96.0
388,2022-03-03,green,16.0,green,95.0,green,17.0,green,96.0,red,16.0,green,94.0,green,18.0,green,93.0,red,17.0,green,93.0,green,18.0,green,98.0,red,17.0,green,92.0,green,16.5,green,93.0,green,16.0,green,86.0,green,17.5,green,95.0
389,2022-03-04,green,15.5,green,97.0,green,16.5,green,92.0,green,17.0,green,97.0,green,17.5,green,86.0,green,18.5,green,89.0,green,17.5,green,96.0,green,19.5,green,94.0,green,16.5,green,99.0,green,16.0,green,91.0,green,17.5,green,97.0
390,2022-03-05,green,18.0,green,98.0,green,19.0,green,97.0,green,18.0,green,93.0,green,19.5,green,92.0,green,19.0,green,89.0,green,19.5,green,99.0,green,19.0,green,93.0,green,19.0,green,98.0,green,18.5,green,92.0,green,20.0,green,97.0
391,2022-03-06,green,16.0,green,99.0,green,18.0,green,96.0,green,16.0,green,94.0,green,18.0,green,87.0,green,18.0,green,96.0,green,18.5,green,96.0,green,17.0,green,92.0,green,17.0,green,96.0,green,15.5,green,89.0,green,18.0,green,99.0
392,2022-03-07,green,14.0,green,97.0,green,15.5,green,87.0,red,17.0,green,95.0,green,17.5,green,86.0,red,18.5,green,93.0,green,16.5,green,99.0,red,19.5,green,95.0,green,15.5,green,99.0,green,16.0,green,92.0,yellow,16.0,green,94.0
393,2022-03-08,green,15.0,green,99.0,green,14.5,green,97.0,red,19.0,green,94.0,green,15.5,green,86.0,red,21.0,green,97.0,green,16.5,green,97.0,red,22.5,green,97.0,green,15.5,green,99.0,green,15.5,green,87.0,red,17.0,green,97.0
394,2022-03-09,green,15.5,green,99.0,green,14.0,green,98.0,red,19.0,green,96.0,green,15.5,green,88.0,red,20.5,green,85.0,green,15.5,green,97.0,red,22.0,green,98.0,green,16.0,green,99.0,green,15.0,green,91.0,red,14.5,green,99.0
395,2022-03-10,yellow,14.5,green,99.0,yellow,13.5,green,99.0,red,20.0,green,99.0,yellow,15.0,green,98.0,red,22.0,green,98.0,yellow,15.0,green,99.0,red,24.5,green,99.0,yellow,15.0,green,99.0,yellow,14.0,green,98.0,red,17.5,green,99.0
396,2022-03-11,green,8.5,green,97.0,green,7.5,green,98.0,red,15.0,green,98.0,green,9.0,green,96.0,red,16.5,green,98.0,green,9.0,green,98.0,red,19.5,green,99.0,green,9.0,green,99.0,yellow,8.5,green,96.0,yellow,12.5,green,98.0
397,2022-03-12,yellow,10.5,green,97.0,green,8.5,green,98.0,red,16.0,green,98.0,green,9.0,green,96.0,red,16.5,green,98.0,green,8.5,green,97.0,red,19.0,green,99.0,green,8.5,green,99.0,yellow,9.5,green,98.0,green,9.5,green,99.0
398,2022-03-13,yellow,10.5,green,97.0,green,11.0,green,99.0,green,15.0,green,96.0,green,11.5,green,96.0,green,15.5,green,96.0,green,10.5,green,98.0,green,17.0,green,99.0,green,11.0,green,98.0,green,10.5,green,98.0,green,10.0,green,99.0
399,2022-03-14,blue,8.5,blue,,blue,9.0,blue,,blue,9.5,blue,,blue,10.0,blue,,blue,10.5,blue,,blue,8.5,blue,,blue,10.5,blue,,blue,9.5,blue,,blue,9.0,blue,,blue,8.5,blue,
400,2022-03-15,blue,,blue,,blue,,blue,,blue,,blue,,blue,,blue,,blue,,blue,,blue,,blue,,blue,,blue,,blue,,blue,,blue,,blue,,blue,,blue,
401,2022-03-16,blue,,blue,,blue,,blue,,blue,,blue,,blue,,blue,,blue,,blue,,blue,,blue,,blue,,blue,,blue,,blue,,blue,,blue,,blue,,blue,
402,2022-03-17,blue,,blue,,blue,,blue,,blue,,blue,,blue,,blue,,blue,,blue,,blue,,blue,,blue,,blue,,blue,,blue,,blue,,blue,,blue,,blue,
403,2022-03-18,blue,,blue,,blue,,blue,,blue,,blue,,blue,,blue,,blue,,blue,,blue,,blue,,blue,,blue,,blue,,blue,,blue,,blue,,blue,,blue,
404,2022-03-19,blue,,blue,,blue,,blue,,blue,,blue,,blue,,blue,,blue,,blue,,blue,,blue,,blue,,blue,,blue,,blue,,blue,,blue,,blue,,blue,
405,2022-03-20,blue,,blue,,blue,,blue,,blue,,blue,,blue,,blue,,blue,,blue,,blue,,blue,,blue,,blue,,blue,,blue,,blue,,blue,,blue,,blue,
406,2022-03-21,blue,,blue,,blue,,blue,,blue,,blue,,blue,,blue,,blue,,blue,,blue,,blue,,blue,,blue,,blue,,blue,,blue,,blue,,blue,,blue,
407,2022-03-22,red,42.5,blue,,yellow,28.0,blue,,blue,,blue,,green,18.0,blue,,red,37.0,blue,,green,17.0,blue,,red,32.5,blue,,green,17.0,blue,,green,16.5,blue,,green,17.5,blue,
408,2022-03-23,red,41.0,green,76.0,yellow,28.5,green,79.0,blue,,blue,,green,18.0,green,98.0,red,37.5,green,84.0,green,17.0,green,99.0,red,34.0,green,95.0,green,17.5,green,99.0,green,17.0,green,97.0,green,17.5,green,99.0
409,2022-03-24,red,41.0,green,94.0,yellow,28.5,green,85.0,blue,,blue,,green,16.0,green,99.0,red,37.5,green,97.0,green,15.0,green,97.0,red,33.5,green,97.0,green,15.5,green,98.0,green,15.5,green,99.0,green,15.5,green,99.0
410,2022-03-25,red,37.0,green,84.0,yellow,27.5,green,79.0,red,31.0,blue,,green,16.0,green,96.0,red,34.0,green,84.0,green,15.5,green,98.0,red,31.5,green,86.0,green,16.0,green,97.0,green,15.5,green,98.0,green,16.0,green,98.0
411,2022-03-26,red,38.5,green,83.0,yellow,27.0,green,72.0,red,32.5,green,89.0,green,15.5,green,98.0,red,34.5,green,85.0,green,15.0,green,97.0,red,32.5,green,84.0,green,15.0,green,96.0,green,15.0,green,97.0,green,16.0,green,99.0
412,2022-03-27,red,37.0,green,84.0,red,27.5,green,67.0,red,30.5,green,92.0,green,16.5,green,97.0,red,33.5,green,83.0,green,15.5,green,97.0,red,31.5,green,84.0,green,15.5,green,97.0,green,15.0,green,97.0,green,16.0,green,97.0
413,2022-03-28,red,36.0,green,89.0,yellow,27.5,green,73.0,red,30.5,green,97.0,green,16.5,green,98.0,red,32.0,green,86.0,green,16.0,green,98.0,red,31.0,green,91.0,green,16.0,green,98.0,green,15.0,green,97.0,green,16.5,green,99.0
414,2022-03-29,red,35.5,green,78.0,yellow,27.0,green,65.0,red,29.5,green,89.0,green,18.5,green,97.0,red,32.5,green,81.0,green,17.5,green,97.0,red,30.5,green,78.0,green,17.0,green,98.0,yellow,17.5,green,96.0,green,18.5,green,99.0
415,2022-03-30,red,28.5,green,69.0,green,27.0,yellow,57.0,red,27.0,green,78.0,green,27.5,green,97.0,red,29.0,green,80.0,green,25.5,green,97.0,red,28.0,green,67.0,green,25.0,green,99.0,green,26.0,green,98.0,yellow,26.5,green,99.0
416,2022-03-31,red,33.5,green,76.0,yellow,26.5,green,73.0,red,30.0,green,84.0,green,27.0,green,99.0,red,32.0,green,82.0,red,25.5,green,99.0,red,30.0,green,68.0,green,26.0,green,99.0,green,27.0,green,99.0,green,25.5,green,99.0
417,2022-04-01,red,30.0,green,69.0,yellow,26.5,green,65.0,red,28.0,green,87.0,green,27.5,green,99.0,red,30.0,green,82.0,green,26.0,green,95.0,red,29.0,green,62.0,red,25.0,green,99.0,yellow,26.5,green,98.0,green,25.5,green,96.0
