,Airspace id,Fullname,Date (America/Chicago),Temperature shock - color,Temperature (°C) - data,ReHS - color,ReHS - data
83,412,"House 1, Floor 1, Room 1",2021-05-15,yellow,,green,
84,412,"House 1, Floor 1, Room 1",2021-05-16,green,,green,
85,412,"House 1, Floor 1, Room 1",2021-05-17,green,,green,
86,412,"House 1, Floor 1, Room 1",2021-05-18,green,,green,
87,412,"House 1, Floor 1, Room 1",2021-05-19,blue,,green,
88,412,"House 1, Floor 1, Room 1",2021-05-20,green,,green,
89,412,"House 1, Floor 1, Room 1",2021-05-21,yellow,,green,
90,412,"House 1, Floor 1, Room 1",2021-05-22,yellow,,green,
91,412,"House 1, Floor 1, Room 1",2021-05-23,yellow,,green,
92,412,"House 1, Floor 1, Room 1",2021-05-24,yellow,,green,
93,412,"House 1, Floor 1, Room 1",2021-05-25,red,,green,
94,412,"House 1, Floor 1, Room 1",2021-05-26,yellow,,green,
95,412,"House 1, Floor 1, Room 1",2021-05-27,green,,green,
96,412,"House 1, Floor 1, Room 1",2021-05-28,green,,green,
97,412,"House 1, Floor 1, Room 1",2021-05-29,green,,green,
98,412,"House 1, Floor 1, Room 1",2021-05-30,green,,green,
99,412,"House 1, Floor 1, Room 1",2021-05-31,red,,green,
100,412,"House 1, Floor 1, Room 1",2021-06-01,red,,green,
101,412,"House 1, Floor 1, Room 1",2021-06-02,red,,green,
102,412,"House 1, Floor 1, Room 1",2021-06-03,yellow,,green,
103,412,"House 1, Floor 1, Room 1",2021-06-04,red,,green,
104,412,"House 1, Floor 1, Room 1",2021-06-05,red,,green,
105,412,"House 1, Floor 1, Room 1",2021-06-06,green,,green,
106,412,"House 1, Floor 1, Room 1",2021-06-07,yellow,,green,
107,412,"House 1, Floor 1, Room 1",2021-06-08,red,,green,
108,412,"House 1, Floor 1, Room 1",2021-06-09,red,,green,
109,412,"House 1, Floor 1, Room 1",2021-06-10,yellow,,green,
110,412,"House 1, Floor 1, Room 1",2021-06-11,red,,green,
111,412,"House 1, Floor 1, Room 1",2021-06-12,red,,green,
112,412,"House 1, Floor 1, Room 1",2021-06-13,red,,green,
113,412,"House 1, Floor 1, Room 1",2021-06-14,red,,green,
114,412,"House 1, Floor 1, Room 1",2021-06-15,red,,green,
115,412,"House 1, Floor 1, Room 1",2021-06-16,red,,green,
116,412,"House 1, Floor 1, Room 1",2021-06-17,red,,green,
117,412,"House 1, Floor 1, Room 1",2021-06-18,red,,green,
118,412,"House 1, Floor 1, Room 1",2021-06-19,yellow,,green,
119,412,"House 1, Floor 1, Room 1",2021-06-20,red,,green,
120,412,"House 1, Floor 1, Room 1",2021-06-21,yellow,,green,
121,412,"House 1, Floor 1, Room 1",2021-06-22,red,,green,
122,412,"House 1, Floor 1, Room 1",2021-06-23,yellow,,green,
123,412,"House 1, Floor 1, Room 1",2021-06-24,green,,green,
124,412,"House 1, Floor 1, Room 1",2021-06-25,green,,green,
125,412,"House 1, Floor 1, Room 1",2021-06-26,green,,green,
126,412,"House 1, Floor 1, Room 1",2021-06-27,blue,,blue,
127,412,"House 1, Floor 1, Room 1",2021-06-28,blue,,blue,
128,412,"House 1, Floor 1, Room 1",2021-06-29,blue,,blue,
129,412,"House 1, Floor 1, Room 1",2021-06-30,blue,,blue,
130,412,"House 1, Floor 1, Room 1",2021-07-01,blue,,blue,
131,412,"House 1, Floor 1, Room 1",2021-07-02,blue,,blue,
132,412,"House 1, Floor 1, Room 1",2021-07-03,blue,,blue,
133,412,"House 1, Floor 1, Room 1",2021-07-04,blue,,blue,
134,412,"House 1, Floor 1, Room 1",2021-07-05,blue,,blue,
135,412,"House 1, Floor 1, Room 1",2021-07-06,blue,,blue,
136,412,"House 1, Floor 1, Room 1",2021-07-07,blue,,blue,
137,412,"House 1, Floor 1, Room 1",2021-07-08,blue,,blue,
138,412,"House 1, Floor 1, Room 1",2021-07-09,blue,,blue,
139,412,"House 1, Floor 1, Room 1",2021-07-10,blue,,blue,
140,412,"House 1, Floor 1, Room 1",2021-07-11,blue,,blue,
141,412,"House 1, Floor 1, Room 1",2021-07-12,blue,,blue,
142,412,"House 1, Floor 1, Room 1",2021-07-13,blue,,blue,
143,412,"House 1, Floor 1, Room 1",2021-07-14,blue,,blue,
144,412,"House 1, Floor 1, Room 1",2021-07-15,blue,,blue,
145,412,"House 1, Floor 1, Room 1",2021-07-16,blue,,blue,
146,412,"House 1, Floor 1, Room 1",2021-07-17,blue,,blue,
147,412,"House 1, Floor 1, Room 1",2021-07-18,blue,,blue,
148,412,"House 1, Floor 1, Room 1",2021-07-19,blue,,blue,
149,412,"House 1, Floor 1, Room 1",2021-07-20,blue,,blue,
150,412,"House 1, Floor 1, Room 1",2021-07-21,blue,,blue,
151,412,"House 1, Floor 1, Room 1",2021-07-22,blue,,blue,
152,412,"House 1, Floor 1, Room 1",2021-07-23,blue,,blue,
153,412,"House 1, Floor 1, Room 1",2021-07-24,blue,,blue,
154,412,"House 1, Floor 1, Room 1",2021-07-25,blue,,blue,
155,412,"House 1, Floor 1, Room 1",2021-07-26,red,,blue,
0,412,"House 1, Floor 1, Room 1",2021-07-27,yellow,29.91,blue,
1,412,"House 1, Floor 1, Room 1",2021-07-28,yellow,28.71,green,89.0
2,412,"House 1, Floor 1, Room 1",2021-07-29,yellow,27.22,green,90.0
3,412,"House 1, Floor 1, Room 1",2021-07-30,green,22.28,green,93.0
4,412,"House 1, Floor 1, Room 1",2021-07-31,yellow,23.71,green,96.0
5,412,"House 1, Floor 1, Room 1",2021-08-01,yellow,21.98,green,98.0
6,412,"House 1, Floor 1, Room 1",2021-08-02,green,17.46,blue,
156,412,"House 1, Floor 1, Room 1",2021-08-03,green,,blue,
157,412,"House 1, Floor 1, Room 1",2021-08-04,green,,blue,
158,412,"House 1, Floor 1, Room 1",2021-08-05,green,,blue,
159,412,"House 1, Floor 1, Room 1",2021-08-06,green,,blue,
160,412,"House 1, Floor 1, Room 1",2021-08-07,green,,blue,
161,412,"House 1, Floor 1, Room 1",2021-08-08,green,,blue,
162,412,"House 1, Floor 1, Room 1",2021-08-09,green,,blue,
163,412,"House 1, Floor 1, Room 1",2021-08-10,green,,blue,
164,412,"House 1, Floor 1, Room 1",2021-08-11,green,,blue,
165,412,"House 1, Floor 1, Room 1",2021-08-12,green,,blue,
166,412,"House 1, Floor 1, Room 1",2021-08-13,green,,blue,
167,412,"House 1, Floor 1, Room 1",2021-08-14,green,,blue,
168,412,"House 1, Floor 1, Room 1",2021-08-15,green,,blue,
169,412,"House 1, Floor 1, Room 1",2021-08-16,green,,blue,
170,412,"House 1, Floor 1, Room 1",2021-08-17,green,,blue,
171,412,"House 1, Floor 1, Room 1",2021-08-18,green,,blue,
172,412,"House 1, Floor 1, Room 1",2021-08-19,green,,blue,
173,412,"House 1, Floor 1, Room 1",2021-08-20,green,,blue,
174,412,"House 1, Floor 1, Room 1",2021-08-21,green,,blue,
175,412,"House 1, Floor 1, Room 1",2021-08-22,green,,blue,
176,412,"House 1, Floor 1, Room 1",2021-08-23,green,,blue,
177,412,"House 1, Floor 1, Room 1",2021-08-24,green,,blue,
178,412,"House 1, Floor 1, Room 1",2021-08-25,green,,blue,
179,412,"House 1, Floor 1, Room 1",2021-08-26,green,,blue,
180,412,"House 1, Floor 1, Room 1",2021-08-27,green,,blue,
181,412,"House 1, Floor 1, Room 1",2021-08-28,green,,blue,
182,412,"House 1, Floor 1, Room 1",2021-08-29,green,,blue,
7,412,"House 1, Floor 1, Room 1",2021-08-30,yellow,27.48,blue,
8,412,"House 1, Floor 1, Room 1",2021-08-31,green,25.16,green,74.0
9,412,"House 1, Floor 1, Room 1",2021-09-01,green,24.82,green,68.0
10,412,"House 1, Floor 1, Room 1",2021-09-02,green,24.97,green,67.0
11,412,"House 1, Floor 1, Room 1",2021-09-03,green,25.11,yellow,56.0
12,412,"House 1, Floor 1, Room 1",2021-09-04,green,25.14,yellow,50.0
13,412,"House 1, Floor 1, Room 1",2021-09-05,yellow,25.68,green,64.0
14,412,"House 1, Floor 1, Room 1",2021-09-06,green,26.43,green,64.0
15,412,"House 1, Floor 1, Room 1",2021-09-07,yellow,25.82,green,65.0
16,412,"House 1, Floor 1, Room 1",2021-09-08,yellow,24.61,yellow,54.0
17,412,"House 1, Floor 1, Room 1",2021-09-09,yellow,24.07,yellow,46.0
18,412,"House 1, Floor 1, Room 1",2021-09-10,yellow,25.47,red,36.0
19,412,"House 1, Floor 1, Room 1",2021-09-11,green,26.75,green,66.0
20,412,"House 1, Floor 1, Room 1",2021-09-12,yellow,24.74,green,68.0
21,412,"House 1, Floor 1, Room 1",2021-09-13,yellow,25.04,green,72.0
22,412,"House 1, Floor 1, Room 1",2021-09-14,yellow,23.69,yellow,55.0
23,412,"House 1, Floor 1, Room 1",2021-09-15,yellow,24.41,green,64.0
24,412,"House 1, Floor 1, Room 1",2021-09-16,green,26.38,yellow,51.0
25,412,"House 1, Floor 1, Room 1",2021-09-17,green,23.96,yellow,46.0
26,412,"House 1, Floor 1, Room 1",2021-09-18,green,25.28,red,32.0
27,412,"House 1, Floor 1, Room 1",2021-09-19,green,27.09,red,33.0
28,412,"House 1, Floor 1, Room 1",2021-09-20,green,23.86,red,22.0
29,412,"House 1, Floor 1, Room 1",2021-09-21,yellow,22.07,red,25.0
30,412,"House 1, Floor 1, Room 1",2021-09-22,yellow,22.14,red,26.0
31,412,"House 1, Floor 1, Room 1",2021-09-23,yellow,22.94,red,23.0
32,412,"House 1, Floor 1, Room 1",2021-09-24,yellow,21.7,red,22.0
33,412,"House 1, Floor 1, Room 1",2021-09-25,yellow,22.78,red,24.0
34,412,"House 1, Floor 1, Room 1",2021-09-26,red,23.95,red,28.0
35,412,"House 1, Floor 1, Room 1",2021-09-27,red,24.01,red,29.0
36,412,"House 1, Floor 1, Room 1",2021-09-28,red,25.03,red,29.0
37,412,"House 1, Floor 1, Room 1",2021-09-29,green,24.91,red,24.0
38,412,"House 1, Floor 1, Room 1",2021-09-30,green,25.06,red,17.0
39,412,"House 1, Floor 1, Room 1",2021-10-01,yellow,24.1,red,14.0
40,412,"House 1, Floor 1, Room 1",2021-10-02,green,22.74,red,8.0
41,412,"House 1, Floor 1, Room 1",2021-10-03,red,22.71,red,11.0
42,412,"House 1, Floor 1, Room 1",2021-10-04,red,21.83,red,18.0
43,412,"House 1, Floor 1, Room 1",2021-10-05,yellow,21.39,red,19.0
44,412,"House 1, Floor 1, Room 1",2021-10-06,yellow,21.88,red,24.0
45,412,"House 1, Floor 1, Room 1",2021-10-07,yellow,22.89,red,23.0
46,412,"House 1, Floor 1, Room 1",2021-10-08,yellow,23.28,red,33.0
47,412,"House 1, Floor 1, Room 1",2021-10-09,green,23.83,red,36.0
48,412,"House 1, Floor 1, Room 1",2021-10-10,yellow,21.32,red,37.0
49,412,"House 1, Floor 1, Room 1",2021-10-11,red,19.92,yellow,52.0
50,412,"House 1, Floor 1, Room 1",2021-10-12,green,20.72,yellow,52.0
51,412,"House 1, Floor 1, Room 1",2021-10-13,yellow,21.22,yellow,55.0
52,412,"House 1, Floor 1, Room 1",2021-10-14,yellow,18.8,yellow,52.0
53,412,"House 1, Floor 1, Room 1",2021-10-15,yellow,18.41,green,68.0
54,412,"House 1, Floor 1, Room 1",2021-10-16,yellow,18.53,green,71.0
55,412,"House 1, Floor 1, Room 1",2021-10-17,yellow,19.62,green,77.0
56,412,"House 1, Floor 1, Room 1",2021-10-18,green,20.96,green,75.0
57,412,"House 1, Floor 1, Room 1",2021-10-19,green,21.64,yellow,54.0
58,412,"House 1, Floor 1, Room 1",2021-10-20,yellow,19.95,yellow,55.0
59,412,"House 1, Floor 1, Room 1",2021-10-21,green,16.71,green,70.0
60,412,"House 1, Floor 1, Room 1",2021-10-22,green,17.77,yellow,49.0
61,412,"House 1, Floor 1, Room 1",2021-10-23,green,18.35,red,36.0
62,412,"House 1, Floor 1, Room 1",2021-10-24,green,17.87,red,34.0
63,412,"House 1, Floor 1, Room 1",2021-10-25,green,18.35,red,27.0
64,412,"House 1, Floor 1, Room 1",2021-10-26,green,19.18,red,32.0
65,412,"House 1, Floor 1, Room 1",2021-10-27,green,18.96,yellow,55.0
66,412,"House 1, Floor 1, Room 1",2021-10-28,green,18.15,yellow,56.0
67,412,"House 1, Floor 1, Room 1",2021-10-29,yellow,18.28,yellow,56.0
68,412,"House 1, Floor 1, Room 1",2021-10-30,green,19.26,yellow,53.0
69,412,"House 1, Floor 1, Room 1",2021-10-31,green,17.69,yellow,54.0
70,412,"House 1, Floor 1, Room 1",2021-11-01,yellow,18.27,yellow,45.0
71,412,"House 1, Floor 1, Room 1",2021-11-02,yellow,18.7,red,22.0
72,412,"House 1, Floor 1, Room 1",2021-11-03,yellow,18.43,red,19.0
73,412,"House 1, Floor 1, Room 1",2021-11-04,green,19.42,red,31.0
74,412,"House 1, Floor 1, Room 1",2021-11-05,green,19.46,yellow,50.0
75,412,"House 1, Floor 1, Room 1",2021-11-06,green,20.24,red,32.0
76,412,"House 1, Floor 1, Room 1",2021-11-07,green,19.96,red,28.0
77,412,"House 1, Floor 1, Room 1",2021-11-08,green,18.85,red,34.0
78,412,"House 1, Floor 1, Room 1",2021-11-09,yellow,18.74,yellow,53.0
79,412,"House 1, Floor 1, Room 1",2021-11-10,green,18.39,green,72.0
80,412,"House 1, Floor 1, Room 1",2021-11-11,yellow,17.89,green,70.0
81,412,"House 1, Floor 1, Room 1",2021-11-12,yellow,17.1,green,78.0
82,412,"House 1, Floor 1, Room 1",2021-11-13,yellow,17.1,green,
183,412,"House 1, Floor 1, Room 1",2021-11-13,yellow,17.43,green,79.0
184,412,"House 1, Floor 1, Room 1",2021-11-14,yellow,17.11,green,79.0
185,412,"House 1, Floor 1, Room 1",2021-11-15,yellow,17.26,green,78.0
186,412,"House 1, Floor 1, Room 1",2021-11-16,red,17.95,green,87.0
187,412,"House 1, Floor 1, Room 1",2021-11-17,yellow,17.75,green,83.0
188,412,"House 1, Floor 1, Room 1",2021-11-18,yellow,15.82,green,75.0
189,412,"House 1, Floor 1, Room 1",2021-11-19,green,16.54,green,66.0
190,412,"House 1, Floor 1, Room 1",2021-11-20,green,16.9,red,25.0
191,412,"House 1, Floor 1, Room 1",2021-11-21,yellow,15.86,red,22.0
192,412,"House 1, Floor 1, Room 1",2021-11-22,yellow,15.67,red,29.0
193,412,"House 1, Floor 1, Room 1",2021-11-23,green,17.77,yellow,54.0
194,412,"House 1, Floor 1, Room 1",2021-11-24,yellow,16.68,green,82.0
195,412,"House 1, Floor 1, Room 1",2021-11-25,yellow,14.59,green,85.0
196,412,"House 1, Floor 1, Room 1",2021-11-26,green,15.82,green,92.0
197,412,"House 1, Floor 1, Room 1",2021-11-27,green,16.33,green,90.0
198,412,"House 1, Floor 1, Room 1",2021-11-28,yellow,15.41,green,88.0
199,412,"House 1, Floor 1, Room 1",2021-11-29,yellow,17.6,green,86.0
200,412,"House 1, Floor 1, Room 1",2021-11-30,green,16.81,green,92.0
201,412,"House 1, Floor 1, Room 1",2021-12-01,green,17.5,green,89.0
202,412,"House 1, Floor 1, Room 1",2021-12-02,green,17.35,green,88.0
203,412,"House 1, Floor 1, Room 1",2021-12-03,yellow,16.41,green,86.0
204,412,"House 1, Floor 1, Room 1",2021-12-04,yellow,15.7,green,88.0
205,412,"House 1, Floor 1, Room 1",2021-12-05,yellow,15.73,green,84.0
206,412,"House 1, Floor 1, Room 1",2021-12-06,yellow,14.53,green,84.0
207,412,"House 1, Floor 1, Room 1",2021-12-07,red,14.83,green,89.0
208,412,"House 1, Floor 1, Room 1",2021-12-08,yellow,14.92,green,90.0
209,412,"House 1, Floor 1, Room 1",2021-12-09,green,15.76,green,89.0
210,412,"House 1, Floor 1, Room 1",2021-12-10,yellow,15.24,green,86.0
211,412,"House 1, Floor 1, Room 1",2021-12-11,yellow,15.08,green,90.0
212,412,"House 1, Floor 1, Room 1",2021-12-12,green,15.7,green,89.0
213,412,"House 1, Floor 1, Room 1",2021-12-13,green,15.64,green,87.0
214,412,"House 1, Floor 1, Room 1",2021-12-14,green,16.31,green,88.0
215,412,"House 1, Floor 1, Room 1",2021-12-15,red,19.37,green,86.0
216,412,"House 1, Floor 1, Room 1",2021-12-16,yellow,15.29,green,87.0
217,412,"House 1, Floor 1, Room 1",2021-12-17,yellow,15.35,green,80.0
218,412,"House 1, Floor 1, Room 1",2021-12-18,red,14.83,green,84.0
219,412,"House 1, Floor 1, Room 1",2021-12-19,yellow,15.2,green,90.0
220,412,"House 1, Floor 1, Room 1",2021-12-20,yellow,14.68,green,93.0
221,412,"House 1, Floor 1, Room 1",2021-12-21,red,14.75,green,92.0
222,412,"House 1, Floor 1, Room 1",2021-12-22,yellow,15.32,green,69.0
223,412,"House 1, Floor 1, Room 1",2021-12-23,green,15.61,yellow,48.0
224,412,"House 1, Floor 1, Room 1",2021-12-24,green,16.54,green,91.0
225,412,"House 1, Floor 1, Room 1",2021-12-25,red,15.31,green,92.0
226,412,"House 1, Floor 1, Room 1",2021-12-26,yellow,15.38,green,92.0
227,412,"House 1, Floor 1, Room 1",2021-12-27,red,14.63,green,93.0
228,412,"House 1, Floor 1, Room 1",2021-12-28,red,15.18,green,91.0
229,412,"House 1, Floor 1, Room 1",2021-12-29,red,14.9,green,91.0
230,412,"House 1, Floor 1, Room 1",2021-12-30,red,15.16,green,93.0
231,412,"House 1, Floor 1, Room 1",2021-12-31,yellow,14.73,green,93.0
232,412,"House 1, Floor 1, Room 1",2022-01-01,red,14.82,green,90.0
233,412,"House 1, Floor 1, Room 1",2022-01-02,yellow,15.39,green,89.0
234,412,"House 1, Floor 1, Room 1",2022-01-03,yellow,15.21,green,88.0
235,412,"House 1, Floor 1, Room 1",2022-01-04,yellow,15.22,green,92.0
236,412,"House 1, Floor 1, Room 1",2022-01-05,yellow,14.65,green,92.0
237,412,"House 1, Floor 1, Room 1",2022-01-06,yellow,15.69,green,91.0
238,412,"House 1, Floor 1, Room 1",2022-01-07,yellow,15.21,green,90.0
239,412,"House 1, Floor 1, Room 1",2022-01-08,red,15.27,green,87.0
240,412,"House 1, Floor 1, Room 1",2022-01-09,red,14.77,green,92.0
241,412,"House 1, Floor 1, Room 1",2022-01-10,red,15.04,green,91.0
242,412,"House 1, Floor 1, Room 1",2022-01-11,green,15.81,green,91.0
243,412,"House 1, Floor 1, Room 1",2022-01-12,red,16.42,green,91.0
244,412,"House 1, Floor 1, Room 1",2022-01-13,yellow,15.6,green,92.0
245,412,"House 1, Floor 1, Room 1",2022-01-14,yellow,14.92,green,92.0
246,412,"House 1, Floor 1, Room 1",2022-01-15,yellow,14.57,green,94.0
247,412,"House 1, Floor 1, Room 1",2022-01-16,red,15.03,green,89.0
248,412,"House 1, Floor 1, Room 1",2022-01-17,yellow,14.94,green,90.0
249,412,"House 1, Floor 1, Room 1",2022-01-18,yellow,16.68,green,88.0
250,412,"House 1, Floor 1, Room 1",2022-01-19,red,15.51,green,87.0
251,412,"House 1, Floor 1, Room 1",2022-01-20,red,15.98,green,85.0
252,412,"House 1, Floor 1, Room 1",2022-01-21,yellow,15.28,green,85.0
253,412,"House 1, Floor 1, Room 1",2022-01-22,green,15.71,green,90.0
254,412,"House 1, Floor 1, Room 1",2022-01-23,yellow,15.05,green,86.0
255,412,"House 1, Floor 1, Room 1",2022-01-24,yellow,15.14,green,88.0
256,412,"House 1, Floor 1, Room 1",2022-01-25,red,15.42,green,85.0
257,412,"House 1, Floor 1, Room 1",2022-01-26,yellow,15.89,green,88.0
258,412,"House 1, Floor 1, Room 1",2022-01-27,red,16.02,green,84.0
259,412,"House 1, Floor 1, Room 1",2022-01-28,yellow,15.98,green,83.0
260,412,"House 1, Floor 1, Room 1",2022-01-29,green,16.23,green,83.0
261,412,"House 1, Floor 1, Room 1",2022-01-30,yellow,15.91,green,85.0
262,412,"House 1, Floor 1, Room 1",2022-01-31,yellow,16.64,green,88.0
263,412,"House 1, Floor 1, Room 1",2022-02-01,blue,17.19,blue,
325,412,"House 1, Floor 1, Room 1",2022-02-02,blue,,blue,
326,412,"House 1, Floor 1, Room 1",2022-02-03,blue,,blue,
327,412,"House 1, Floor 1, Room 1",2022-02-04,blue,,blue,
328,412,"House 1, Floor 1, Room 1",2022-02-05,blue,,blue,
329,412,"House 1, Floor 1, Room 1",2022-02-06,blue,,blue,
264,412,"House 1, Floor 1, Room 1",2022-02-07,blue,29.44,blue,
330,412,"House 1, Floor 1, Room 1",2022-02-08,blue,,blue,
331,412,"House 1, Floor 1, Room 1",2022-02-09,blue,,blue,
332,412,"House 1, Floor 1, Room 1",2022-02-10,blue,,blue,
333,412,"House 1, Floor 1, Room 1",2022-02-11,blue,,blue,
334,412,"House 1, Floor 1, Room 1",2022-02-12,blue,,blue,
335,412,"House 1, Floor 1, Room 1",2022-02-13,blue,,blue,
336,412,"House 1, Floor 1, Room 1",2022-02-14,blue,,blue,
337,412,"House 1, Floor 1, Room 1",2022-02-15,blue,,blue,
338,412,"House 1, Floor 1, Room 1",2022-02-16,blue,,blue,
339,412,"House 1, Floor 1, Room 1",2022-02-17,blue,,blue,
340,412,"House 1, Floor 1, Room 1",2022-02-18,blue,,blue,
341,412,"House 1, Floor 1, Room 1",2022-02-19,blue,,blue,
342,412,"House 1, Floor 1, Room 1",2022-02-20,blue,,blue,
343,412,"House 1, Floor 1, Room 1",2022-02-21,blue,,blue,
344,412,"House 1, Floor 1, Room 1",2022-02-22,blue,,blue,
345,412,"House 1, Floor 1, Room 1",2022-02-23,blue,,blue,
346,412,"House 1, Floor 1, Room 1",2022-02-24,blue,,blue,
347,412,"House 1, Floor 1, Room 1",2022-02-25,blue,,blue,
348,412,"House 1, Floor 1, Room 1",2022-02-26,blue,,blue,
349,412,"House 1, Floor 1, Room 1",2022-02-27,blue,,blue,
350,412,"House 1, Floor 1, Room 1",2022-02-28,blue,,blue,
351,412,"House 1, Floor 1, Room 1",2022-03-01,blue,,blue,
352,412,"House 1, Floor 1, Room 1",2022-03-02,blue,,blue,
353,412,"House 1, Floor 1, Room 1",2022-03-03,blue,,blue,
354,412,"House 1, Floor 1, Room 1",2022-03-04,blue,,blue,
355,412,"House 1, Floor 1, Room 1",2022-03-05,blue,,blue,
356,412,"House 1, Floor 1, Room 1",2022-03-06,blue,,blue,
357,412,"House 1, Floor 1, Room 1",2022-03-07,blue,,blue,
358,412,"House 1, Floor 1, Room 1",2022-03-08,blue,,blue,
359,412,"House 1, Floor 1, Room 1",2022-03-09,blue,,blue,
360,412,"House 1, Floor 1, Room 1",2022-03-10,blue,,blue,
361,412,"House 1, Floor 1, Room 1",2022-03-11,blue,,blue,
362,412,"House 1, Floor 1, Room 1",2022-03-12,blue,,blue,
363,412,"House 1, Floor 1, Room 1",2022-03-13,blue,,blue,
364,412,"House 1, Floor 1, Room 1",2022-03-14,blue,,blue,
365,412,"House 1, Floor 1, Room 1",2022-03-15,blue,,blue,
265,412,"House 1, Floor 1, Room 1",2022-03-16,blue,27.44,blue,
266,412,"House 1, Floor 1, Room 1",2022-03-17,blue,28.0,blue,35.0
267,412,"House 1, Floor 1, Room 1",2022-03-18,yellow,28.02,red,31.0
268,412,"House 1, Floor 1, Room 1",2022-03-19,yellow,27.59,red,34.0
269,412,"House 1, Floor 1, Room 1",2022-03-20,yellow,26.84,red,29.0
270,412,"House 1, Floor 1, Room 1",2022-03-21,yellow,26.17,red,34.0
271,412,"House 1, Floor 1, Room 1",2022-03-22,yellow,26.8,red,36.0
272,412,"House 1, Floor 1, Room 1",2022-03-23,yellow,26.9,red,36.0
273,412,"House 1, Floor 1, Room 1",2022-03-24,yellow,26.67,red,32.0
274,412,"House 1, Floor 1, Room 1",2022-03-25,yellow,26.23,red,38.0
275,412,"House 1, Floor 1, Room 1",2022-03-26,yellow,26.4,red,34.0
276,412,"House 1, Floor 1, Room 1",2022-03-27,yellow,26.23,red,40.0
277,412,"House 1, Floor 1, Room 1",2022-03-28,yellow,26.08,red,37.0
278,412,"House 1, Floor 1, Room 1",2022-03-29,yellow,25.76,red,28.0
279,412,"House 1, Floor 1, Room 1",2022-03-30,yellow,25.76,red,31.0
280,412,"House 1, Floor 1, Room 1",2022-03-31,yellow,25.83,red,28.0
281,412,"House 1, Floor 1, Room 1",2022-04-01,yellow,25.39,red,20.0
282,412,"House 1, Floor 1, Room 1",2022-04-02,yellow,24.73,red,22.0
283,412,"House 1, Floor 1, Room 1",2022-04-03,yellow,24.66,red,19.0
284,412,"House 1, Floor 1, Room 1",2022-04-04,yellow,24.07,red,17.0
285,412,"House 1, Floor 1, Room 1",2022-04-05,yellow,24.02,red,18.0
286,412,"House 1, Floor 1, Room 1",2022-04-06,yellow,24.11,red,17.0
287,412,"House 1, Floor 1, Room 1",2022-04-07,yellow,24.52,red,12.0
288,412,"House 1, Floor 1, Room 1",2022-04-08,yellow,24.69,red,9.0
289,412,"House 1, Floor 1, Room 1",2022-04-09,yellow,24.64,red,6.0
290,412,"House 1, Floor 1, Room 1",2022-04-10,yellow,24.27,red,2.0
291,412,"House 1, Floor 1, Room 1",2022-04-11,yellow,23.83,red,2.0
292,412,"House 1, Floor 1, Room 1",2022-04-12,yellow,23.92,red,7.0
293,412,"House 1, Floor 1, Room 1",2022-04-13,yellow,23.36,red,2.0
294,412,"House 1, Floor 1, Room 1",2022-04-14,yellow,23.85,red,7.0
295,412,"House 1, Floor 1, Room 1",2022-04-15,red,23.29,red,8.0
296,412,"House 1, Floor 1, Room 1",2022-04-16,yellow,22.86,red,8.0
297,412,"House 1, Floor 1, Room 1",2022-04-17,yellow,22.7,red,8.0
298,412,"House 1, Floor 1, Room 1",2022-04-18,yellow,22.54,red,10.0
299,412,"House 1, Floor 1, Room 1",2022-04-19,yellow,22.81,red,10.0
300,412,"House 1, Floor 1, Room 1",2022-04-20,yellow,21.93,red,6.0
301,412,"House 1, Floor 1, Room 1",2022-04-21,green,22.38,red,8.0
302,412,"House 1, Floor 1, Room 1",2022-04-22,green,22.89,red,11.0
303,412,"House 1, Floor 1, Room 1",2022-04-23,yellow,22.72,red,17.0
304,412,"House 1, Floor 1, Room 1",2022-04-24,yellow,19.86,red,8.0
305,412,"House 1, Floor 1, Room 1",2022-04-25,yellow,20.46,red,12.0
306,412,"House 1, Floor 1, Room 1",2022-04-26,green,21.68,red,10.0
307,412,"House 1, Floor 1, Room 1",2022-04-27,green,20.94,red,13.0
308,412,"House 1, Floor 1, Room 1",2022-04-28,green,21.45,red,21.0
309,412,"House 1, Floor 1, Room 1",2022-04-29,green,20.41,red,23.0
310,412,"House 1, Floor 1, Room 1",2022-04-30,green,19.71,red,28.0
311,412,"House 1, Floor 1, Room 1",2022-05-01,green,19.28,red,29.0
312,412,"House 1, Floor 1, Room 1",2022-05-02,green,19.39,red,33.0
313,412,"House 1, Floor 1, Room 1",2022-05-03,green,19.19,red,31.0
314,412,"House 1, Floor 1, Room 1",2022-05-04,green,19.01,red,28.0
315,412,"House 1, Floor 1, Room 1",2022-05-05,green,19.1,red,36.0
316,412,"House 1, Floor 1, Room 1",2022-05-06,green,20.14,red,34.0
317,412,"House 1, Floor 1, Room 1",2022-05-07,green,20.62,red,31.0
318,412,"House 1, Floor 1, Room 1",2022-05-08,green,19.72,red,40.0
319,412,"House 1, Floor 1, Room 1",2022-05-09,red,24.92,yellow,58.0
320,412,"House 1, Floor 1, Room 1",2022-05-10,yellow,22.69,yellow,57.0
321,412,"House 1, Floor 1, Room 1",2022-05-11,yellow,27.33,green,78.0
322,412,"House 1, Floor 1, Room 1",2022-05-12,red,28.09,green,79.0
323,412,"House 1, Floor 1, Room 1",2022-05-13,red,22.25,green,78.0
324,412,"House 1, Floor 1, Room 1",2022-05-14,yellow,22.25,green,
366,412,"House 1, Floor 1, Room 1",2022-05-14,yellow,22.31,green,78.0
367,412,"House 1, Floor 1, Room 1",2022-05-15,red,20.62,green,79.0
368,412,"House 1, Floor 1, Room 1",2022-05-16,red,22.09,green,79.0
369,412,"House 1, Floor 1, Room 1",2022-05-17,green,20.07,green,76.0
370,412,"House 1, Floor 1, Room 1",2022-05-18,red,22.48,green,81.0
371,412,"House 1, Floor 1, Room 1",2022-05-19,red,24.98,green,80.0
372,412,"House 1, Floor 1, Room 1",2022-05-20,green,19.28,green,77.0
373,412,"House 1, Floor 1, Room 1",2022-05-21,yellow,17.35,green,76.0
374,412,"House 1, Floor 1, Room 1",2022-05-22,yellow,18.29,green,80.0
375,412,"House 1, Floor 1, Room 1",2022-05-23,green,18.22,green,86.0
376,412,"House 1, Floor 1, Room 1",2022-05-24,green,17.57,green,81.0
377,412,"House 1, Floor 1, Room 1",2022-05-25,green,16.75,green,73.0
378,412,"House 1, Floor 1, Room 1",2022-05-26,yellow,16.9,green,77.0
379,412,"House 1, Floor 1, Room 1",2022-05-27,yellow,20.37,green,81.0
380,412,"House 1, Floor 1, Room 1",2022-05-28,yellow,24.78,green,84.0
381,412,"House 1, Floor 1, Room 1",2022-05-29,green,25.46,green,91.0
382,412,"House 1, Floor 1, Room 1",2022-05-30,red,25.38,green,89.0
383,412,"House 1, Floor 1, Room 1",2022-05-31,yellow,21.21,green,82.0
384,412,"House 1, Floor 1, Room 1",2022-06-01,yellow,19.46,green,82.0
385,412,"House 1, Floor 1, Room 1",2022-06-02,red,20.53,green,84.0
386,412,"House 1, Floor 1, Room 1",2022-06-03,yellow,21.11,green,77.0
387,412,"House 1, Floor 1, Room 1",2022-06-04,green,20.61,green,65.0
388,412,"House 1, Floor 1, Room 1",2022-06-05,green,21.9,yellow,56.0
389,412,"House 1, Floor 1, Room 1",2022-06-06,green,21.37,yellow,46.0
390,412,"House 1, Floor 1, Room 1",2022-06-07,green,21.24,red,37.0
391,412,"House 1, Floor 1, Room 1",2022-06-08,yellow,21.44,red,31.0
392,412,"House 1, Floor 1, Room 1",2022-06-09,green,20.37,red,31.0
393,412,"House 1, Floor 1, Room 1",2022-06-10,green,22.21,red,34.0
394,412,"House 1, Floor 1, Room 1",2022-06-11,yellow,24.24,green,72.0
395,412,"House 1, Floor 1, Room 1",2022-06-12,yellow,26.13,green,82.0
396,412,"House 1, Floor 1, Room 1",2022-06-13,yellow,30.01,green,86.0
397,412,"House 1, Floor 1, Room 1",2022-06-14,yellow,30.23,green,87.0
398,412,"House 1, Floor 1, Room 1",2022-06-15,green,22.61,green,91.0
399,412,"House 1, Floor 1, Room 1",2022-06-16,red,25.05,green,84.0
481,413,"House 1, Floor 1, Room 2",2021-05-15,yellow,20.5,green,99.0
482,413,"House 1, Floor 1, Room 2",2021-05-16,green,20.35,green,99.0
483,413,"House 1, Floor 1, Room 2",2021-05-17,green,20.16,green,98.0
484,413,"House 1, Floor 1, Room 2",2021-05-18,green,20.61,green,99.0
485,413,"House 1, Floor 1, Room 2",2021-05-19,blue,22.17,green,96.0
486,413,"House 1, Floor 1, Room 2",2021-05-20,green,22.13,green,97.0
487,413,"House 1, Floor 1, Room 2",2021-05-21,yellow,23.75,green,99.0
488,413,"House 1, Floor 1, Room 2",2021-05-22,yellow,24.18,green,97.0
489,413,"House 1, Floor 1, Room 2",2021-05-23,yellow,24.88,green,97.0
490,413,"House 1, Floor 1, Room 2",2021-05-24,yellow,24.98,green,98.0
491,413,"House 1, Floor 1, Room 2",2021-05-25,red,24.91,green,98.0
492,413,"House 1, Floor 1, Room 2",2021-05-26,yellow,21.78,green,98.0
493,413,"House 1, Floor 1, Room 2",2021-05-27,green,19.01,green,99.0
494,413,"House 1, Floor 1, Room 2",2021-05-28,green,16.34,green,96.0
495,413,"House 1, Floor 1, Room 2",2021-05-29,yellow,17.9,green,93.0
496,413,"House 1, Floor 1, Room 2",2021-05-30,yellow,19.04,green,93.0
497,413,"House 1, Floor 1, Room 2",2021-05-31,red,20.09,green,96.0
498,413,"House 1, Floor 1, Room 2",2021-06-01,red,22.02,green,99.0
499,413,"House 1, Floor 1, Room 2",2021-06-02,red,22.5,green,98.0
500,413,"House 1, Floor 1, Room 2",2021-06-03,yellow,24.73,green,99.0
501,413,"House 1, Floor 1, Room 2",2021-06-04,yellow,27.46,green,99.0
502,413,"House 1, Floor 1, Room 2",2021-06-05,yellow,28.35,green,98.0
503,413,"House 1, Floor 1, Room 2",2021-06-06,green,26.05,green,96.0
504,413,"House 1, Floor 1, Room 2",2021-06-07,yellow,27.38,green,96.0
505,413,"House 1, Floor 1, Room 2",2021-06-08,red,27.3,green,99.0
506,413,"House 1, Floor 1, Room 2",2021-06-09,red,27.65,green,99.0
507,413,"House 1, Floor 1, Room 2",2021-06-10,yellow,29.16,green,98.0
508,413,"House 1, Floor 1, Room 2",2021-06-11,red,25.96,green,99.0
509,413,"House 1, Floor 1, Room 2",2021-06-12,red,24.32,green,98.0
510,413,"House 1, Floor 1, Room 2",2021-06-13,red,25.99,green,98.0
511,413,"House 1, Floor 1, Room 2",2021-06-14,red,24.56,green,99.0
512,413,"House 1, Floor 1, Room 2",2021-06-15,red,24.93,green,96.0
513,413,"House 1, Floor 1, Room 2",2021-06-16,red,26.6,green,99.0
514,413,"House 1, Floor 1, Room 2",2021-06-17,red,30.92,green,98.0
515,413,"House 1, Floor 1, Room 2",2021-06-18,red,25.89,green,98.0
516,413,"House 1, Floor 1, Room 2",2021-06-19,yellow,24.13,green,98.0
517,413,"House 1, Floor 1, Room 2",2021-06-20,red,23.83,green,98.0
518,413,"House 1, Floor 1, Room 2",2021-06-21,red,19.76,green,98.0
519,413,"House 1, Floor 1, Room 2",2021-06-22,red,21.81,green,99.0
520,413,"House 1, Floor 1, Room 2",2021-06-23,yellow,25.77,green,98.0
521,413,"House 1, Floor 1, Room 2",2021-06-24,green,25.42,green,99.0
522,413,"House 1, Floor 1, Room 2",2021-06-25,green,22.75,green,99.0
523,413,"House 1, Floor 1, Room 2",2021-06-26,green,20.87,green,98.0
524,413,"House 1, Floor 1, Room 2",2021-06-27,yellow,22.7,green,98.0
525,413,"House 1, Floor 1, Room 2",2021-06-28,yellow,23.67,green,99.0
526,413,"House 1, Floor 1, Room 2",2021-06-29,yellow,24.37,green,96.0
527,413,"House 1, Floor 1, Room 2",2021-06-30,red,24.13,green,98.0
528,413,"House 1, Floor 1, Room 2",2021-07-01,red,23.92,green,96.0
529,413,"House 1, Floor 1, Room 2",2021-07-02,red,24.42,green,99.0
530,413,"House 1, Floor 1, Room 2",2021-07-03,yellow,24.95,green,99.0
531,413,"House 1, Floor 1, Room 2",2021-07-04,yellow,26.81,green,99.0
532,413,"House 1, Floor 1, Room 2",2021-07-05,yellow,27.61,green,99.0
533,413,"House 1, Floor 1, Room 2",2021-07-06,yellow,27.0,green,99.0
534,413,"House 1, Floor 1, Room 2",2021-07-07,green,21.53,green,99.0
535,413,"House 1, Floor 1, Room 2",2021-07-08,green,20.6,green,97.0
536,413,"House 1, Floor 1, Room 2",2021-07-09,yellow,23.96,green,95.0
537,413,"House 1, Floor 1, Room 2",2021-07-10,green,21.0,green,98.0
538,413,"House 1, Floor 1, Room 2",2021-07-11,yellow,22.15,green,97.0
539,413,"House 1, Floor 1, Room 2",2021-07-12,yellow,22.03,green,97.0
540,413,"House 1, Floor 1, Room 2",2021-07-13,yellow,23.15,green,96.0
541,413,"House 1, Floor 1, Room 2",2021-07-14,green,23.38,green,99.0
542,413,"House 1, Floor 1, Room 2",2021-07-15,yellow,22.34,green,99.0
543,413,"House 1, Floor 1, Room 2",2021-07-16,yellow,22.07,green,99.0
544,413,"House 1, Floor 1, Room 2",2021-07-17,yellow,23.13,green,99.0
545,413,"House 1, Floor 1, Room 2",2021-07-18,red,23.16,green,99.0
546,413,"House 1, Floor 1, Room 2",2021-07-19,red,23.28,green,98.0
547,413,"House 1, Floor 1, Room 2",2021-07-20,red,23.57,green,98.0
548,413,"House 1, Floor 1, Room 2",2021-07-21,yellow,24.18,green,98.0
549,413,"House 1, Floor 1, Room 2",2021-07-22,yellow,25.2,green,99.0
550,413,"House 1, Floor 1, Room 2",2021-07-23,yellow,27.0,green,98.0
551,413,"House 1, Floor 1, Room 2",2021-07-24,red,27.06,green,97.0
552,413,"House 1, Floor 1, Room 2",2021-07-25,red,24.66,green,97.0
553,413,"House 1, Floor 1, Room 2",2021-07-26,red,24.96,green,97.0
400,413,"House 1, Floor 1, Room 2",2021-07-27,yellow,27.65,green,99.0
401,413,"House 1, Floor 1, Room 2",2021-07-28,yellow,28.78,green,83.0
402,413,"House 1, Floor 1, Room 2",2021-07-29,yellow,26.97,green,92.0
403,413,"House 1, Floor 1, Room 2",2021-07-30,green,22.13,green,98.0
404,413,"House 1, Floor 1, Room 2",2021-07-31,yellow,23.14,green,97.0
405,413,"House 1, Floor 1, Room 2",2021-08-01,green,19.64,blue,
555,413,"House 1, Floor 1, Room 2",2021-08-02,green,,blue,
556,413,"House 1, Floor 1, Room 2",2021-08-03,green,,blue,
557,413,"House 1, Floor 1, Room 2",2021-08-04,green,,blue,
558,413,"House 1, Floor 1, Room 2",2021-08-05,green,,blue,
559,413,"House 1, Floor 1, Room 2",2021-08-06,green,,blue,
560,413,"House 1, Floor 1, Room 2",2021-08-07,green,,blue,
561,413,"House 1, Floor 1, Room 2",2021-08-08,green,,blue,
562,413,"House 1, Floor 1, Room 2",2021-08-09,green,,blue,
563,413,"House 1, Floor 1, Room 2",2021-08-10,green,,blue,
564,413,"House 1, Floor 1, Room 2",2021-08-11,green,,blue,
565,413,"House 1, Floor 1, Room 2",2021-08-12,green,,blue,
566,413,"House 1, Floor 1, Room 2",2021-08-13,green,,blue,
567,413,"House 1, Floor 1, Room 2",2021-08-14,green,,blue,
568,413,"House 1, Floor 1, Room 2",2021-08-15,green,,blue,
569,413,"House 1, Floor 1, Room 2",2021-08-16,green,,blue,
570,413,"House 1, Floor 1, Room 2",2021-08-17,green,,blue,
571,413,"House 1, Floor 1, Room 2",2021-08-18,green,,blue,
572,413,"House 1, Floor 1, Room 2",2021-08-19,green,,blue,
573,413,"House 1, Floor 1, Room 2",2021-08-20,green,,blue,
574,413,"House 1, Floor 1, Room 2",2021-08-21,green,,blue,
575,413,"House 1, Floor 1, Room 2",2021-08-22,green,,blue,
576,413,"House 1, Floor 1, Room 2",2021-08-23,green,,blue,
577,413,"House 1, Floor 1, Room 2",2021-08-24,green,,blue,
578,413,"House 1, Floor 1, Room 2",2021-08-25,green,,blue,
579,413,"House 1, Floor 1, Room 2",2021-08-26,green,,blue,
580,413,"House 1, Floor 1, Room 2",2021-08-27,green,,blue,
581,413,"House 1, Floor 1, Room 2",2021-08-28,green,,blue,
582,413,"House 1, Floor 1, Room 2",2021-08-29,green,,blue,
406,413,"House 1, Floor 1, Room 2",2021-08-30,yellow,27.73,blue,
407,413,"House 1, Floor 1, Room 2",2021-08-31,yellow,25.73,green,83.0
408,413,"House 1, Floor 1, Room 2",2021-09-01,green,26.64,green,80.0
409,413,"House 1, Floor 1, Room 2",2021-09-02,green,25.58,green,72.0
410,413,"House 1, Floor 1, Room 2",2021-09-03,green,25.83,green,73.0
411,413,"House 1, Floor 1, Room 2",2021-09-04,green,25.74,green,79.0
412,413,"House 1, Floor 1, Room 2",2021-09-05,yellow,26.53,green,79.0
413,413,"House 1, Floor 1, Room 2",2021-09-06,green,27.46,green,76.0
414,413,"House 1, Floor 1, Room 2",2021-09-07,green,26.7,green,81.0
415,413,"House 1, Floor 1, Room 2",2021-09-08,green,25.88,yellow,55.0
416,413,"House 1, Floor 1, Room 2",2021-09-09,green,25.6,yellow,45.0
417,413,"House 1, Floor 1, Room 2",2021-09-10,yellow,26.47,red,36.0
418,413,"House 1, Floor 1, Room 2",2021-09-11,green,27.63,yellow,54.0
419,413,"House 1, Floor 1, Room 2",2021-09-12,yellow,25.95,yellow,52.0
420,413,"House 1, Floor 1, Room 2",2021-09-13,green,26.3,yellow,56.0
421,413,"House 1, Floor 1, Room 2",2021-09-14,yellow,25.18,yellow,54.0
422,413,"House 1, Floor 1, Room 2",2021-09-15,yellow,25.7,yellow,56.0
423,413,"House 1, Floor 1, Room 2",2021-09-16,green,27.29,green,69.0
424,413,"House 1, Floor 1, Room 2",2021-09-17,green,25.36,yellow,52.0
425,413,"House 1, Floor 1, Room 2",2021-09-18,green,26.18,yellow,52.0
426,413,"House 1, Floor 1, Room 2",2021-09-19,green,28.09,yellow,48.0
427,413,"House 1, Floor 1, Room 2",2021-09-20,green,25.7,yellow,43.0
428,413,"House 1, Floor 1, Room 2",2021-09-21,yellow,23.39,yellow,44.0
429,413,"House 1, Floor 1, Room 2",2021-09-22,yellow,23.36,red,30.0
430,413,"House 1, Floor 1, Room 2",2021-09-23,yellow,24.15,red,33.0
431,413,"House 1, Floor 1, Room 2",2021-09-24,yellow,23.38,red,31.0
432,413,"House 1, Floor 1, Room 2",2021-09-25,green,23.92,red,35.0
433,413,"House 1, Floor 1, Room 2",2021-09-26,yellow,25.15,red,22.0
434,413,"House 1, Floor 1, Room 2",2021-09-27,red,24.98,red,31.0
435,413,"House 1, Floor 1, Room 2",2021-09-28,yellow,26.09,red,34.0
436,413,"House 1, Floor 1, Room 2",2021-09-29,green,25.98,red,32.0
437,413,"House 1, Floor 1, Room 2",2021-09-30,yellow,26.05,red,31.0
438,413,"House 1, Floor 1, Room 2",2021-10-01,green,25.76,red,30.0
439,413,"House 1, Floor 1, Room 2",2021-10-02,green,24.79,red,24.0
440,413,"House 1, Floor 1, Room 2",2021-10-03,yellow,24.17,red,20.0
441,413,"House 1, Floor 1, Room 2",2021-10-04,yellow,22.57,red,20.0
442,413,"House 1, Floor 1, Room 2",2021-10-05,yellow,22.41,red,18.0
443,413,"House 1, Floor 1, Room 2",2021-10-06,green,22.86,red,18.0
444,413,"House 1, Floor 1, Room 2",2021-10-07,yellow,23.59,red,22.0
445,413,"House 1, Floor 1, Room 2",2021-10-08,yellow,24.31,red,27.0
446,413,"House 1, Floor 1, Room 2",2021-10-09,green,24.0,red,26.0
447,413,"House 1, Floor 1, Room 2",2021-10-10,yellow,22.73,red,28.0
448,413,"House 1, Floor 1, Room 2",2021-10-11,yellow,21.39,red,33.0
449,413,"House 1, Floor 1, Room 2",2021-10-12,yellow,21.79,red,34.0
450,413,"House 1, Floor 1, Room 2",2021-10-13,yellow,22.92,red,36.0
451,413,"House 1, Floor 1, Room 2",2021-10-14,yellow,20.72,red,31.0
452,413,"House 1, Floor 1, Room 2",2021-10-15,yellow,20.54,yellow,55.0
453,413,"House 1, Floor 1, Room 2",2021-10-16,yellow,20.25,yellow,53.0
454,413,"House 1, Floor 1, Room 2",2021-10-17,yellow,21.07,yellow,53.0
455,413,"House 1, Floor 1, Room 2",2021-10-18,yellow,22.37,yellow,55.0
456,413,"House 1, Floor 1, Room 2",2021-10-19,yellow,22.77,green,71.0
457,413,"House 1, Floor 1, Room 2",2021-10-20,yellow,21.09,green,66.0
458,413,"House 1, Floor 1, Room 2",2021-10-21,yellow,19.1,green,68.0
459,413,"House 1, Floor 1, Room 2",2021-10-22,green,19.2,yellow,55.0
460,413,"House 1, Floor 1, Room 2",2021-10-23,green,19.62,red,29.0
461,413,"House 1, Floor 1, Room 2",2021-10-24,yellow,19.58,red,28.0
462,413,"House 1, Floor 1, Room 2",2021-10-25,yellow,19.67,red,27.0
463,413,"House 1, Floor 1, Room 2",2021-10-26,green,20.52,red,34.0
464,413,"House 1, Floor 1, Room 2",2021-10-27,green,20.26,red,36.0
465,413,"House 1, Floor 1, Room 2",2021-10-28,yellow,19.51,yellow,50.0
466,413,"House 1, Floor 1, Room 2",2021-10-29,red,20.16,yellow,50.0
467,413,"House 1, Floor 1, Room 2",2021-10-30,yellow,22.14,yellow,49.0
468,413,"House 1, Floor 1, Room 2",2021-10-31,red,21.87,red,32.0
469,413,"House 1, Floor 1, Room 2",2021-11-01,yellow,21.27,red,19.0
470,413,"House 1, Floor 1, Room 2",2021-11-02,green,19.53,red,17.0
471,413,"House 1, Floor 1, Room 2",2021-11-03,green,19.78,red,13.0
472,413,"House 1, Floor 1, Room 2",2021-11-04,green,19.87,red,14.0
473,413,"House 1, Floor 1, Room 2",2021-11-05,green,20.08,red,25.0
474,413,"House 1, Floor 1, Room 2",2021-11-06,yellow,20.28,red,29.0
475,413,"House 1, Floor 1, Room 2",2021-11-07,green,20.17,red,29.0
476,413,"House 1, Floor 1, Room 2",2021-11-08,green,19.6,yellow,52.0
477,413,"House 1, Floor 1, Room 2",2021-11-09,green,18.85,yellow,54.0
478,413,"House 1, Floor 1, Room 2",2021-11-10,green,18.65,green,71.0
479,413,"House 1, Floor 1, Room 2",2021-11-11,green,18.11,green,72.0
480,413,"House 1, Floor 1, Room 2",2021-11-12,green,18.46,green,73.0
554,413,"House 1, Floor 1, Room 2",2021-11-13,green,18.46,green,
583,413,"House 1, Floor 1, Room 2",2021-11-13,green,18.1,green,70.0
584,413,"House 1, Floor 1, Room 2",2021-11-14,green,18.02,green,75.0
585,413,"House 1, Floor 1, Room 2",2021-11-15,green,18.09,green,71.0
586,413,"House 1, Floor 1, Room 2",2021-11-16,red,18.83,green,75.0
587,413,"House 1, Floor 1, Room 2",2021-11-17,green,18.15,green,81.0
588,413,"House 1, Floor 1, Room 2",2021-11-18,yellow,17.58,green,79.0
589,413,"House 1, Floor 1, Room 2",2021-11-19,green,17.61,green,82.0
590,413,"House 1, Floor 1, Room 2",2021-11-20,green,18.18,green,82.0
591,413,"House 1, Floor 1, Room 2",2021-11-21,green,17.57,green,76.0
592,413,"House 1, Floor 1, Room 2",2021-11-22,green,17.63,yellow,51.0
593,413,"House 1, Floor 1, Room 2",2021-11-23,green,19.65,red,31.0
594,413,"House 1, Floor 1, Room 2",2021-11-24,green,18.54,red,34.0
595,413,"House 1, Floor 1, Room 2",2021-11-25,yellow,16.75,yellow,54.0
596,413,"House 1, Floor 1, Room 2",2021-11-26,green,17.47,green,73.0
597,413,"House 1, Floor 1, Room 2",2021-11-27,yellow,18.47,green,77.0
598,413,"House 1, Floor 1, Room 2",2021-11-28,green,17.32,green,80.0
599,413,"House 1, Floor 1, Room 2",2021-11-29,yellow,19.11,green,84.0
600,413,"House 1, Floor 1, Room 2",2021-11-30,green,18.35,green,87.0
601,413,"House 1, Floor 1, Room 2",2021-12-01,green,19.36,green,82.0
602,413,"House 1, Floor 1, Room 2",2021-12-02,green,18.9,green,84.0
603,413,"House 1, Floor 1, Room 2",2021-12-03,yellow,18.0,green,80.0
604,413,"House 1, Floor 1, Room 2",2021-12-04,green,17.0,green,86.0
605,413,"House 1, Floor 1, Room 2",2021-12-05,green,17.98,green,87.0
606,413,"House 1, Floor 1, Room 2",2021-12-06,green,17.05,green,83.0
607,413,"House 1, Floor 1, Room 2",2021-12-07,yellow,17.09,green,85.0
608,413,"House 1, Floor 1, Room 2",2021-12-08,green,17.08,green,87.0
609,413,"House 1, Floor 1, Room 2",2021-12-09,green,17.83,green,82.0
610,413,"House 1, Floor 1, Room 2",2021-12-10,green,17.08,green,84.0
611,413,"House 1, Floor 1, Room 2",2021-12-11,green,17.19,green,84.0
612,413,"House 1, Floor 1, Room 2",2021-12-12,green,17.47,green,82.0
613,413,"House 1, Floor 1, Room 2",2021-12-13,green,17.33,green,80.0
614,413,"House 1, Floor 1, Room 2",2021-12-14,green,18.33,green,88.0
615,413,"House 1, Floor 1, Room 2",2021-12-15,yellow,21.02,green,91.0
616,413,"House 1, Floor 1, Room 2",2021-12-16,yellow,17.19,green,84.0
617,413,"House 1, Floor 1, Room 2",2021-12-17,green,16.93,green,80.0
618,413,"House 1, Floor 1, Room 2",2021-12-18,yellow,17.26,green,86.0
619,413,"House 1, Floor 1, Room 2",2021-12-19,green,17.11,green,88.0
620,413,"House 1, Floor 1, Room 2",2021-12-20,red,17.13,green,86.0
621,413,"House 1, Floor 1, Room 2",2021-12-21,yellow,16.88,green,89.0
622,413,"House 1, Floor 1, Room 2",2021-12-22,green,17.32,green,85.0
623,413,"House 1, Floor 1, Room 2",2021-12-23,green,17.55,green,86.0
624,413,"House 1, Floor 1, Room 2",2021-12-24,green,17.93,green,81.0
625,413,"House 1, Floor 1, Room 2",2021-12-25,red,17.39,green,83.0
626,413,"House 1, Floor 1, Room 2",2021-12-26,green,17.03,green,87.0
627,413,"House 1, Floor 1, Room 2",2021-12-27,yellow,17.36,green,86.0
628,413,"House 1, Floor 1, Room 2",2021-12-28,yellow,17.18,green,87.0
629,413,"House 1, Floor 1, Room 2",2021-12-29,red,16.55,green,91.0
630,413,"House 1, Floor 1, Room 2",2021-12-30,yellow,17.26,green,86.0
631,413,"House 1, Floor 1, Room 2",2021-12-31,yellow,17.6,green,85.0
632,413,"House 1, Floor 1, Room 2",2022-01-01,green,16.8,green,88.0
633,413,"House 1, Floor 1, Room 2",2022-01-02,red,16.14,green,91.0
634,413,"House 1, Floor 1, Room 2",2022-01-03,green,16.29,green,85.0
635,413,"House 1, Floor 1, Room 2",2022-01-04,green,17.64,green,80.0
636,413,"House 1, Floor 1, Room 2",2022-01-05,green,16.27,green,90.0
637,413,"House 1, Floor 1, Room 2",2022-01-06,green,16.23,green,88.0
638,413,"House 1, Floor 1, Room 2",2022-01-07,red,16.12,green,90.0
639,413,"House 1, Floor 1, Room 2",2022-01-08,green,17.16,green,87.0
640,413,"House 1, Floor 1, Room 2",2022-01-09,yellow,16.52,green,87.0
641,413,"House 1, Floor 1, Room 2",2022-01-10,green,17.41,green,78.0
642,413,"House 1, Floor 1, Room 2",2022-01-11,yellow,16.65,green,68.0
643,413,"House 1, Floor 1, Room 2",2022-01-12,yellow,17.56,green,74.0
644,413,"House 1, Floor 1, Room 2",2022-01-13,yellow,17.22,green,77.0
645,413,"House 1, Floor 1, Room 2",2022-01-14,red,16.71,green,77.0
646,413,"House 1, Floor 1, Room 2",2022-01-15,yellow,16.08,green,80.0
647,413,"House 1, Floor 1, Room 2",2022-01-16,yellow,16.56,green,82.0
648,413,"House 1, Floor 1, Room 2",2022-01-17,red,17.31,green,86.0
649,413,"House 1, Floor 1, Room 2",2022-01-18,green,19.42,green,86.0
650,413,"House 1, Floor 1, Room 2",2022-01-19,yellow,16.29,green,85.0
651,413,"House 1, Floor 1, Room 2",2022-01-20,red,16.9,green,78.0
652,413,"House 1, Floor 1, Room 2",2022-01-21,green,15.93,green,81.0
653,413,"House 1, Floor 1, Room 2",2022-01-22,green,16.3,green,81.0
654,413,"House 1, Floor 1, Room 2",2022-01-23,yellow,15.74,green,69.0
655,413,"House 1, Floor 1, Room 2",2022-01-24,yellow,16.25,green,78.0
656,413,"House 1, Floor 1, Room 2",2022-01-25,yellow,16.17,green,79.0
657,413,"House 1, Floor 1, Room 2",2022-01-26,green,16.23,green,82.0
658,413,"House 1, Floor 1, Room 2",2022-01-27,yellow,16.49,green,78.0
659,413,"House 1, Floor 1, Room 2",2022-01-28,green,16.41,green,84.0
660,413,"House 1, Floor 1, Room 2",2022-01-29,green,16.78,green,82.0
661,413,"House 1, Floor 1, Room 2",2022-01-30,green,16.64,green,82.0
662,413,"House 1, Floor 1, Room 2",2022-01-31,yellow,16.36,green,84.0
663,413,"House 1, Floor 1, Room 2",2022-02-01,blue,17.27,blue,
730,413,"House 1, Floor 1, Room 2",2022-02-02,blue,,blue,
731,413,"House 1, Floor 1, Room 2",2022-02-03,blue,,blue,
732,413,"House 1, Floor 1, Room 2",2022-02-04,blue,,blue,
733,413,"House 1, Floor 1, Room 2",2022-02-05,blue,,blue,
734,413,"House 1, Floor 1, Room 2",2022-02-06,blue,,blue,
664,413,"House 1, Floor 1, Room 2",2022-02-07,blue,29.62,blue,
735,413,"House 1, Floor 1, Room 2",2022-02-08,blue,,blue,
736,413,"House 1, Floor 1, Room 2",2022-02-09,blue,,blue,
737,413,"House 1, Floor 1, Room 2",2022-02-10,blue,,blue,
738,413,"House 1, Floor 1, Room 2",2022-02-11,blue,,blue,
739,413,"House 1, Floor 1, Room 2",2022-02-12,blue,,blue,
740,413,"House 1, Floor 1, Room 2",2022-02-13,blue,,blue,
741,413,"House 1, Floor 1, Room 2",2022-02-14,blue,,blue,
742,413,"House 1, Floor 1, Room 2",2022-02-15,blue,,blue,
743,413,"House 1, Floor 1, Room 2",2022-02-16,blue,,blue,
744,413,"House 1, Floor 1, Room 2",2022-02-17,blue,,blue,
745,413,"House 1, Floor 1, Room 2",2022-02-18,blue,,blue,
746,413,"House 1, Floor 1, Room 2",2022-02-19,blue,,blue,
747,413,"House 1, Floor 1, Room 2",2022-02-20,blue,,blue,
748,413,"House 1, Floor 1, Room 2",2022-02-21,blue,,blue,
749,413,"House 1, Floor 1, Room 2",2022-02-22,blue,,blue,
750,413,"House 1, Floor 1, Room 2",2022-02-23,blue,,blue,
751,413,"House 1, Floor 1, Room 2",2022-02-24,blue,,blue,
752,413,"House 1, Floor 1, Room 2",2022-02-25,blue,,blue,
753,413,"House 1, Floor 1, Room 2",2022-02-26,blue,,blue,
754,413,"House 1, Floor 1, Room 2",2022-02-27,blue,,blue,
755,413,"House 1, Floor 1, Room 2",2022-02-28,blue,,blue,
756,413,"House 1, Floor 1, Room 2",2022-03-01,blue,,blue,
757,413,"House 1, Floor 1, Room 2",2022-03-02,blue,,blue,
758,413,"House 1, Floor 1, Room 2",2022-03-03,blue,,blue,
759,413,"House 1, Floor 1, Room 2",2022-03-04,blue,,blue,
760,413,"House 1, Floor 1, Room 2",2022-03-05,blue,,blue,
761,413,"House 1, Floor 1, Room 2",2022-03-06,blue,,blue,
762,413,"House 1, Floor 1, Room 2",2022-03-07,blue,,blue,
763,413,"House 1, Floor 1, Room 2",2022-03-08,blue,,blue,
764,413,"House 1, Floor 1, Room 2",2022-03-09,blue,,blue,
765,413,"House 1, Floor 1, Room 2",2022-03-10,blue,,blue,
665,413,"House 1, Floor 1, Room 2",2022-03-11,blue,28.7,blue,
666,413,"House 1, Floor 1, Room 2",2022-03-12,green,28.27,blue,33.0
667,413,"House 1, Floor 1, Room 2",2022-03-13,green,25.39,blue,35.0
668,413,"House 1, Floor 1, Room 2",2022-03-14,red,25.02,blue,36.0
669,413,"House 1, Floor 1, Room 2",2022-03-15,red,25.25,blue,38.0
670,413,"House 1, Floor 1, Room 2",2022-03-16,yellow,24.21,yellow,46.0
671,413,"House 1, Floor 1, Room 2",2022-03-17,yellow,23.86,yellow,48.0
672,413,"House 1, Floor 1, Room 2",2022-03-18,red,23.75,blue,
673,413,"House 1, Floor 1, Room 2",2022-03-19,red,23.91,red,39.0
674,413,"House 1, Floor 1, Room 2",2022-03-20,green,23.89,red,29.0
675,413,"House 1, Floor 1, Room 2",2022-03-21,yellow,22.46,red,28.0
676,413,"House 1, Floor 1, Room 2",2022-03-22,yellow,22.62,red,39.0
677,413,"House 1, Floor 1, Room 2",2022-03-23,red,23.37,red,40.0
678,413,"House 1, Floor 1, Room 2",2022-03-24,red,22.75,red,30.0
679,413,"House 1, Floor 1, Room 2",2022-03-25,yellow,22.2,yellow,53.0
680,413,"House 1, Floor 1, Room 2",2022-03-26,yellow,22.77,yellow,51.0
681,413,"House 1, Floor 1, Room 2",2022-03-27,yellow,22.66,yellow,56.0
682,413,"House 1, Floor 1, Room 2",2022-03-28,red,21.83,yellow,49.0
683,413,"House 1, Floor 1, Room 2",2022-03-29,green,20.83,yellow,54.0
684,413,"House 1, Floor 1, Room 2",2022-03-30,yellow,21.08,yellow,49.0
685,413,"House 1, Floor 1, Room 2",2022-03-31,red,21.35,yellow,57.0
686,413,"House 1, Floor 1, Room 2",2022-04-01,yellow,21.19,green,66.0
687,413,"House 1, Floor 1, Room 2",2022-04-02,red,20.5,yellow,56.0
688,413,"House 1, Floor 1, Room 2",2022-04-03,green,20.64,green,65.0
689,413,"House 1, Floor 1, Room 2",2022-04-04,yellow,20.33,yellow,50.0
690,413,"House 1, Floor 1, Room 2",2022-04-05,red,19.81,red,32.0
691,413,"House 1, Floor 1, Room 2",2022-04-06,red,19.33,red,20.0
692,413,"House 1, Floor 1, Room 2",2022-04-07,red,19.23,red,12.0
693,413,"House 1, Floor 1, Room 2",2022-04-08,red,19.33,red,13.0
694,413,"House 1, Floor 1, Room 2",2022-04-09,green,20.08,red,12.0
695,413,"House 1, Floor 1, Room 2",2022-04-10,yellow,20.41,red,13.0
696,413,"House 1, Floor 1, Room 2",2022-04-11,yellow,20.16,red,24.0
697,413,"House 1, Floor 1, Room 2",2022-04-12,yellow,21.01,red,31.0
698,413,"House 1, Floor 1, Room 2",2022-04-13,green,19.26,red,31.0
699,413,"House 1, Floor 1, Room 2",2022-04-14,green,18.26,red,37.0
700,413,"House 1, Floor 1, Room 2",2022-04-15,green,18.51,red,33.0
701,413,"House 1, Floor 1, Room 2",2022-04-16,yellow,17.96,red,39.0
702,413,"House 1, Floor 1, Room 2",2022-04-17,green,17.73,red,36.0
703,413,"House 1, Floor 1, Room 2",2022-04-18,yellow,17.37,red,37.0
704,413,"House 1, Floor 1, Room 2",2022-04-19,green,17.29,red,37.0
705,413,"House 1, Floor 1, Room 2",2022-04-20,green,17.61,red,31.0
706,413,"House 1, Floor 1, Room 2",2022-04-21,green,19.56,yellow,54.0
707,413,"House 1, Floor 1, Room 2",2022-04-22,green,21.93,yellow,60.0
708,413,"House 1, Floor 1, Room 2",2022-04-23,yellow,23.17,green,71.0
709,413,"House 1, Floor 1, Room 2",2022-04-24,green,18.26,green,66.0
710,413,"House 1, Floor 1, Room 2",2022-04-25,green,17.79,green,69.0
711,413,"House 1, Floor 1, Room 2",2022-04-26,yellow,18.7,green,71.0
712,413,"House 1, Floor 1, Room 2",2022-04-27,green,19.35,green,69.0
713,413,"House 1, Floor 1, Room 2",2022-04-28,green,20.62,green,80.0
714,413,"House 1, Floor 1, Room 2",2022-04-29,green,20.14,green,78.0
715,413,"House 1, Floor 1, Room 2",2022-04-30,green,18.93,green,81.0
716,413,"House 1, Floor 1, Room 2",2022-05-01,green,18.18,green,86.0
717,413,"House 1, Floor 1, Room 2",2022-05-02,green,17.06,green,87.0
718,413,"House 1, Floor 1, Room 2",2022-05-03,yellow,17.47,green,88.0
719,413,"House 1, Floor 1, Room 2",2022-05-04,green,18.01,green,83.0
720,413,"House 1, Floor 1, Room 2",2022-05-05,green,18.57,green,85.0
721,413,"House 1, Floor 1, Room 2",2022-05-06,yellow,19.86,green,88.0
722,413,"House 1, Floor 1, Room 2",2022-05-07,green,20.68,green,89.0
723,413,"House 1, Floor 1, Room 2",2022-05-08,green,19.56,green,89.0
724,413,"House 1, Floor 1, Room 2",2022-05-09,red,25.18,green,96.0
725,413,"House 1, Floor 1, Room 2",2022-05-10,green,22.63,green,95.0
726,413,"House 1, Floor 1, Room 2",2022-05-11,yellow,27.35,green,95.0
727,413,"House 1, Floor 1, Room 2",2022-05-12,red,27.69,green,96.0
728,413,"House 1, Floor 1, Room 2",2022-05-13,red,22.42,green,93.0
729,413,"House 1, Floor 1, Room 2",2022-05-14,yellow,22.42,green,
766,413,"House 1, Floor 1, Room 2",2022-05-14,yellow,22.16,green,93.0
767,413,"House 1, Floor 1, Room 2",2022-05-15,yellow,20.59,green,91.0
768,413,"House 1, Floor 1, Room 2",2022-05-16,yellow,21.79,green,93.0
769,413,"House 1, Floor 1, Room 2",2022-05-17,green,20.91,green,96.0
770,413,"House 1, Floor 1, Room 2",2022-05-18,red,22.69,green,94.0
771,413,"House 1, Floor 1, Room 2",2022-05-19,red,25.48,green,96.0
772,413,"House 1, Floor 1, Room 2",2022-05-20,yellow,20.18,green,93.0
773,413,"House 1, Floor 1, Room 2",2022-05-21,yellow,17.85,green,86.0
774,413,"House 1, Floor 1, Room 2",2022-05-22,yellow,18.31,green,92.0
775,413,"House 1, Floor 1, Room 2",2022-05-23,green,19.43,green,88.0
776,413,"House 1, Floor 1, Room 2",2022-05-24,green,18.79,green,81.0
777,413,"House 1, Floor 1, Room 2",2022-05-25,green,17.6,green,64.0
778,413,"House 1, Floor 1, Room 2",2022-05-26,yellow,17.73,green,80.0
779,413,"House 1, Floor 1, Room 2",2022-05-27,yellow,20.73,green,88.0
780,413,"House 1, Floor 1, Room 2",2022-05-28,red,25.25,green,93.0
781,413,"House 1, Floor 1, Room 2",2022-05-29,green,25.5,green,95.0
782,413,"House 1, Floor 1, Room 2",2022-05-30,red,25.19,green,87.0
783,413,"House 1, Floor 1, Room 2",2022-05-31,yellow,21.67,yellow,42.0
784,413,"House 1, Floor 1, Room 2",2022-06-01,yellow,20.1,green,77.0
785,413,"House 1, Floor 1, Room 2",2022-06-02,red,20.9,red,25.0
786,413,"House 1, Floor 1, Room 2",2022-06-03,red,21.19,red,37.0
787,413,"House 1, Floor 1, Room 2",2022-06-04,green,21.15,red,32.0
788,413,"House 1, Floor 1, Room 2",2022-06-05,green,22.25,red,18.0
789,413,"House 1, Floor 1, Room 2",2022-06-06,green,21.4,red,20.0
790,413,"House 1, Floor 1, Room 2",2022-06-07,green,21.63,red,39.0
791,413,"House 1, Floor 1, Room 2",2022-06-08,yellow,21.9,yellow,58.0
792,413,"House 1, Floor 1, Room 2",2022-06-09,green,21.12,green,81.0
793,413,"House 1, Floor 1, Room 2",2022-06-10,green,22.77,green,84.0
794,413,"House 1, Floor 1, Room 2",2022-06-11,yellow,24.06,green,87.0
795,413,"House 1, Floor 1, Room 2",2022-06-12,yellow,26.03,green,87.0
796,413,"House 1, Floor 1, Room 2",2022-06-13,yellow,30.07,green,89.0
797,413,"House 1, Floor 1, Room 2",2022-06-14,red,30.17,green,84.0
798,413,"House 1, Floor 1, Room 2",2022-06-15,green,22.44,green,89.0
799,413,"House 1, Floor 1, Room 2",2022-06-16,red,25.1,green,95.0
