,Date (America/Chicago),"House 1, Floor 1, Room 1 Temperature shock - color","House 1, Floor 1, Room 1 Temperature - data","House 1, Floor 1, Room 1 ReHS - color","House 1, Floor 1, Room 1 ReHS - data","House 1, Floor 1, Room 2 Temperature shock - color","House 1, Floor 1, Room 2 Temperature - data","House 1, Floor 1, Room 2 ReHS - color","House 1, Floor 1, Room 2 ReHS - data"
22,2021-03-15,green,,blue,,green,,blue,
23,2021-03-16,green,,blue,,green,25.04,blue,
24,2021-03-17,yellow,,blue,,red,23.05,blue,
25,2021-03-18,yellow,,yellow,,red,23.45,yellow,76.0
26,2021-03-19,green,,green,,red,22.99,yellow,71.0
27,2021-03-20,green,,green,,green,22.51,yellow,46.0
28,2021-03-21,green,,yellow,,green,22.13,red,36.0
29,2021-03-22,yellow,,yellow,,green,22.5,red,26.0
30,2021-03-23,green,,yellow,,green,22.69,red,24.0
31,2021-03-24,yellow,,red,,green,22.67,red,18.0
32,2021-03-25,green,,red,,green,21.99,red,21.0
33,2021-03-26,green,,red,,green,21.37,red,28.0
34,2021-03-27,yellow,,red,,green,21.15,red,32.0
35,2021-03-28,green,,red,,green,20.8,red,29.0
36,2021-03-29,red,,yellow,,yellow,22.23,red,43.0
37,2021-03-30,green,,yellow,,yellow,20.75,red,37.0
38,2021-03-31,yellow,,yellow,,red,20.86,red,46.0
39,2021-04-01,green,,yellow,,green,21.31,red,52.0
40,2021-04-02,yellow,,green,,yellow,21.3,yellow,70.0
41,2021-04-03,red,,green,,red,22.06,red,69.0
42,2021-04-04,red,,green,,yellow,22.9,yellow,78.0
43,2021-04-05,yellow,,green,,green,24.32,yellow,88.0
44,2021-04-06,green,,green,,green,23.31,yellow,88.0
45,2021-04-07,green,,green,,green,21.1,yellow,80.0
46,2021-04-08,green,,green,,green,19.39,yellow,69.0
47,2021-04-09,green,,green,,green,19.53,yellow,73.0
48,2021-04-10,green,,green,,yellow,19.44,yellow,77.0
49,2021-04-11,yellow,,green,,yellow,19.41,green,82.0
50,2021-04-12,yellow,,green,,green,18.48,green,85.0
51,2021-04-13,green,,green,,green,17.85,green,86.0
52,2021-04-14,yellow,,green,,yellow,17.55,green,89.0
53,2021-04-15,green,,green,,green,17.68,green,89.0
54,2021-04-16,green,,green,,green,18.1,green,84.0
55,2021-04-17,green,,green,,green,18.15,green,87.0
56,2021-04-18,yellow,,green,,yellow,18.97,green,89.0
57,2021-04-19,green,,green,,yellow,16.65,green,86.0
58,2021-04-20,green,,green,,yellow,16.7,green,89.0
59,2021-04-21,green,,green,,yellow,16.86,green,92.0
60,2021-04-22,green,,green,,yellow,18.06,green,88.0
61,2021-04-23,yellow,,green,,yellow,18.8,green,92.0
62,2021-04-24,yellow,,green,,yellow,17.58,green,90.0
63,2021-04-25,green,,green,,yellow,19.03,green,93.0
64,2021-04-26,red,,green,,red,22.81,green,96.0
65,2021-04-27,yellow,,green,,yellow,19.96,green,98.0
66,2021-04-28,yellow,,green,,green,19.4,green,95.0
67,2021-04-29,red,,green,,yellow,19.45,green,91.0
68,2021-04-30,yellow,,green,,yellow,20.35,green,95.0
69,2021-05-01,red,,green,,red,25.47,green,98.0
70,2021-05-02,red,,green,,red,23.72,green,97.0
71,2021-05-03,yellow,,green,,yellow,20.37,green,95.0
72,2021-05-04,red,,green,,yellow,17.28,green,94.0
73,2021-05-05,yellow,,green,,yellow,17.58,green,95.0
74,2021-05-06,yellow,,green,,yellow,17.98,green,97.0
75,2021-05-07,yellow,,green,,yellow,16.21,green,98.0
76,2021-05-08,green,,green,,green,,green,97.0
77,2021-05-09,yellow,,green,,yellow,,green,96.0
78,2021-05-10,yellow,,green,,yellow,18.04,green,98.0
79,2021-05-11,yellow,,green,,yellow,17.24,green,97.0
80,2021-05-12,yellow,,green,,yellow,18.08,green,96.0
81,2021-05-13,green,,green,,yellow,19.1,green,99.0
82,2021-05-14,green,,green,,yellow,18.93,green,99.0
83,2021-05-15,yellow,,green,,yellow,20.5,green,99.0
84,2021-05-16,green,,green,,green,20.35,green,99.0
85,2021-05-17,green,,green,,green,20.16,green,98.0
86,2021-05-18,green,,green,,green,20.61,green,99.0
87,2021-05-19,blue,,green,,blue,22.17,green,96.0
88,2021-05-20,green,,green,,green,22.13,green,97.0
89,2021-05-21,yellow,,green,,yellow,23.75,green,99.0
90,2021-05-22,yellow,,green,,yellow,24.18,green,97.0
91,2021-05-23,yellow,,green,,yellow,24.88,green,97.0
92,2021-05-24,yellow,,green,,yellow,24.98,green,98.0
93,2021-05-25,red,,green,,red,24.91,green,98.0
94,2021-05-26,yellow,,green,,yellow,21.78,green,98.0
95,2021-05-27,green,,green,,green,19.01,green,99.0
96,2021-05-28,green,,green,,green,16.34,green,96.0
97,2021-05-29,green,,green,,yellow,17.9,green,93.0
98,2021-05-30,green,,green,,yellow,19.04,green,93.0
99,2021-05-31,red,,green,,red,20.09,green,96.0
100,2021-06-01,red,,green,,red,22.02,green,99.0
101,2021-06-02,red,,green,,red,22.5,green,98.0
102,2021-06-03,yellow,,green,,yellow,24.73,green,99.0
103,2021-06-04,red,,green,,yellow,27.46,green,99.0
104,2021-06-05,red,,green,,yellow,28.35,green,98.0
105,2021-06-06,green,,green,,green,26.05,green,96.0
106,2021-06-07,yellow,,green,,yellow,27.38,green,96.0
107,2021-06-08,red,,green,,red,27.3,green,99.0
108,2021-06-09,red,,green,,red,27.65,green,99.0
109,2021-06-10,yellow,,green,,yellow,29.16,green,98.0
110,2021-06-11,red,,green,,red,25.96,green,99.0
111,2021-06-12,red,,green,,red,24.32,green,98.0
112,2021-06-13,red,,green,,red,25.99,green,98.0
113,2021-06-14,red,,green,,red,24.56,green,99.0
114,2021-06-15,red,,green,,red,24.93,green,96.0
115,2021-06-16,red,,green,,red,26.6,green,99.0
116,2021-06-17,red,,green,,red,30.92,green,98.0
117,2021-06-18,red,,green,,red,25.89,green,98.0
118,2021-06-19,yellow,,green,,yellow,24.13,green,98.0
119,2021-06-20,red,,green,,red,23.83,green,98.0
120,2021-06-21,yellow,,green,,red,19.76,green,98.0
121,2021-06-22,red,,green,,red,21.81,green,99.0
122,2021-06-23,yellow,,green,,yellow,25.77,green,98.0
123,2021-06-24,green,,green,,green,25.42,green,99.0
124,2021-06-25,green,,green,,green,22.75,green,99.0
125,2021-06-26,green,,green,,green,20.87,green,98.0
126,2021-06-27,blue,,blue,,yellow,22.7,green,98.0
127,2021-06-28,blue,,blue,,yellow,23.67,green,99.0
128,2021-06-29,blue,,blue,,yellow,24.37,green,96.0
129,2021-06-30,blue,,blue,,red,24.13,green,98.0
130,2021-07-01,blue,,blue,,red,23.92,green,96.0
131,2021-07-02,blue,,blue,,red,24.42,green,99.0
132,2021-07-03,blue,,blue,,yellow,24.95,green,99.0
133,2021-07-04,blue,,blue,,yellow,26.81,green,99.0
134,2021-07-05,blue,,blue,,yellow,27.61,green,99.0
135,2021-07-06,blue,,blue,,yellow,27.0,green,99.0
136,2021-07-07,blue,,blue,,green,21.53,green,99.0
137,2021-07-08,blue,,blue,,green,20.6,green,97.0
138,2021-07-09,blue,,blue,,yellow,23.96,green,95.0
139,2021-07-10,blue,,blue,,green,21.0,green,98.0
140,2021-07-11,blue,,blue,,yellow,22.15,green,97.0
141,2021-07-12,blue,,blue,,yellow,22.03,green,97.0
142,2021-07-13,blue,,blue,,yellow,23.15,green,96.0
143,2021-07-14,blue,,blue,,green,23.38,green,99.0
144,2021-07-15,blue,,blue,,yellow,22.34,green,99.0
145,2021-07-16,blue,,blue,,yellow,22.07,green,99.0
146,2021-07-17,blue,,blue,,yellow,23.13,green,99.0
147,2021-07-18,blue,,blue,,red,23.16,green,99.0
148,2021-07-19,blue,,blue,,red,23.28,green,98.0
149,2021-07-20,blue,,blue,,red,23.57,green,98.0
150,2021-07-21,blue,,blue,,yellow,24.18,green,98.0
151,2021-07-22,blue,,blue,,yellow,25.2,green,99.0
152,2021-07-23,blue,,blue,,yellow,27.0,green,98.0
153,2021-07-24,blue,,blue,,red,27.06,green,97.0
154,2021-07-25,blue,,blue,,red,24.66,green,97.0
155,2021-07-26,red,,blue,,red,24.96,green,97.0
0,2021-07-27,yellow,29.91,blue,,yellow,27.65,green,99.0
1,2021-07-28,yellow,28.71,green,89.0,yellow,28.78,green,83.0
2,2021-07-29,yellow,27.22,green,90.0,yellow,26.97,green,92.0
3,2021-07-30,green,22.28,green,93.0,green,22.13,green,98.0
4,2021-07-31,yellow,23.71,green,96.0,yellow,23.14,green,97.0
5,2021-08-01,yellow,21.98,green,98.0,green,19.64,blue,
6,2021-08-02,green,17.46,blue,,green,,blue,
156,2021-08-03,green,,blue,,green,,blue,
157,2021-08-04,green,,blue,,green,,blue,
158,2021-08-05,green,,blue,,green,,blue,
159,2021-08-06,green,,blue,,green,,blue,
160,2021-08-07,green,,blue,,green,,blue,
161,2021-08-08,green,,blue,,green,,blue,
162,2021-08-09,green,,blue,,green,,blue,
163,2021-08-10,green,,blue,,green,,blue,
164,2021-08-11,green,,blue,,green,,blue,
165,2021-08-12,green,,blue,,green,,blue,
166,2021-08-13,green,,blue,,green,,blue,
167,2021-08-14,green,,blue,,green,,blue,
168,2021-08-15,green,,blue,,green,,blue,
169,2021-08-16,green,,blue,,green,,blue,
170,2021-08-17,green,,blue,,green,,blue,
171,2021-08-18,green,,blue,,green,,blue,
172,2021-08-19,green,,blue,,green,,blue,
173,2021-08-20,green,,blue,,green,,blue,
174,2021-08-21,green,,blue,,green,,blue,
175,2021-08-22,green,,blue,,green,,blue,
176,2021-08-23,green,,blue,,green,,blue,
177,2021-08-24,green,,blue,,green,,blue,
178,2021-08-25,green,,blue,,green,,blue,
179,2021-08-26,green,,blue,,green,,blue,
180,2021-08-27,green,,blue,,green,,blue,
181,2021-08-28,green,,blue,,green,,blue,
182,2021-08-29,green,,blue,,green,,blue,
7,2021-08-30,yellow,27.48,blue,,yellow,27.73,blue,
8,2021-08-31,green,25.16,green,74.0,yellow,25.73,green,83.0
9,2021-09-01,green,24.82,green,68.0,green,26.64,green,80.0
10,2021-09-02,green,24.97,green,67.0,green,25.58,green,72.0
11,2021-09-03,green,25.11,yellow,56.0,green,25.83,green,73.0
12,2021-09-04,green,25.14,yellow,50.0,green,25.74,green,79.0
13,2021-09-05,yellow,25.68,green,64.0,yellow,26.53,green,79.0
14,2021-09-06,green,26.43,green,64.0,green,27.46,green,76.0
15,2021-09-07,yellow,25.82,green,65.0,green,26.7,green,81.0
16,2021-09-08,yellow,24.61,yellow,54.0,green,25.88,yellow,55.0
17,2021-09-09,yellow,24.07,yellow,46.0,green,25.6,yellow,45.0
18,2021-09-10,yellow,25.47,red,36.0,yellow,26.47,red,36.0
19,2021-09-11,green,26.75,green,66.0,green,27.63,yellow,54.0
20,2021-09-12,yellow,24.74,green,68.0,yellow,25.95,yellow,52.0
21,2021-09-13,yellow,25.04,green,72.0,green,26.3,yellow,56.0
183,2021-09-14,yellow,23.69,yellow,55.0,yellow,25.18,yellow,54.0
184,2021-09-15,yellow,24.41,green,64.0,yellow,25.7,yellow,56.0
185,2021-09-16,green,26.38,yellow,51.0,green,27.29,green,69.0
186,2021-09-17,green,23.96,yellow,46.0,green,25.36,yellow,52.0
187,2021-09-18,green,25.28,red,32.0,green,26.18,yellow,52.0
188,2021-09-19,green,27.09,red,33.0,green,28.09,yellow,48.0
189,2021-09-20,green,23.86,red,22.0,green,25.7,yellow,43.0
190,2021-09-21,yellow,22.07,red,25.0,yellow,23.39,yellow,44.0
191,2021-09-22,yellow,22.14,red,26.0,yellow,23.36,red,30.0
192,2021-09-23,yellow,22.94,red,23.0,yellow,24.15,red,33.0
193,2021-09-24,yellow,21.7,red,22.0,yellow,23.38,red,31.0
194,2021-09-25,yellow,22.78,red,24.0,green,23.92,red,35.0
195,2021-09-26,red,23.95,red,28.0,yellow,25.15,red,22.0
196,2021-09-27,red,24.01,red,29.0,red,24.98,red,31.0
197,2021-09-28,red,25.03,red,29.0,yellow,26.09,red,34.0
198,2021-09-29,green,24.91,red,24.0,green,25.98,red,32.0
199,2021-09-30,green,25.06,red,17.0,yellow,26.05,red,31.0
200,2021-10-01,yellow,24.1,red,14.0,green,25.76,red,30.0
201,2021-10-02,green,22.74,red,8.0,green,24.79,red,24.0
202,2021-10-03,red,22.71,red,11.0,yellow,24.17,red,20.0
203,2021-10-04,red,21.83,red,18.0,yellow,22.57,red,20.0
204,2021-10-05,yellow,21.39,red,19.0,yellow,22.41,red,18.0
205,2021-10-06,yellow,21.88,red,24.0,green,22.86,red,18.0
206,2021-10-07,yellow,22.89,red,23.0,yellow,23.59,red,22.0
207,2021-10-08,yellow,23.28,red,33.0,yellow,24.31,red,27.0
208,2021-10-09,green,23.83,red,36.0,green,24.0,red,26.0
209,2021-10-10,yellow,21.32,red,37.0,yellow,22.73,red,28.0
210,2021-10-11,red,19.92,yellow,52.0,yellow,21.39,red,33.0
211,2021-10-12,green,20.72,yellow,52.0,yellow,21.79,red,34.0
212,2021-10-13,yellow,21.22,yellow,55.0,yellow,22.92,red,36.0
213,2021-10-14,yellow,18.8,yellow,52.0,yellow,20.72,red,31.0
214,2021-10-15,yellow,18.41,green,68.0,yellow,20.54,yellow,55.0
215,2021-10-16,yellow,18.53,green,71.0,yellow,20.25,yellow,53.0
216,2021-10-17,yellow,19.62,green,77.0,yellow,21.07,yellow,53.0
217,2021-10-18,green,20.96,green,75.0,yellow,22.37,yellow,55.0
218,2021-10-19,green,21.64,yellow,54.0,yellow,22.77,green,71.0
219,2021-10-20,yellow,19.95,yellow,55.0,yellow,21.09,green,66.0
220,2021-10-21,green,16.71,green,70.0,yellow,19.1,green,68.0
221,2021-10-22,green,17.77,yellow,49.0,green,19.2,yellow,55.0
222,2021-10-23,green,18.35,red,36.0,green,19.62,red,29.0
223,2021-10-24,green,17.87,red,34.0,yellow,19.58,red,28.0
224,2021-10-25,green,18.35,red,27.0,yellow,19.67,red,27.0
225,2021-10-26,green,19.18,red,32.0,green,20.52,red,34.0
226,2021-10-27,green,18.96,yellow,55.0,green,20.26,red,36.0
227,2021-10-28,green,18.15,yellow,56.0,yellow,19.51,yellow,50.0
228,2021-10-29,yellow,18.28,yellow,56.0,red,20.16,yellow,50.0
229,2021-10-30,green,19.26,yellow,53.0,yellow,22.14,yellow,49.0
230,2021-10-31,green,17.69,yellow,54.0,red,21.87,red,32.0
231,2021-11-01,yellow,18.27,yellow,45.0,yellow,21.27,red,19.0
232,2021-11-02,yellow,18.7,red,22.0,green,19.53,red,17.0
233,2021-11-03,yellow,18.43,red,19.0,green,19.78,red,13.0
234,2021-11-04,green,19.42,red,31.0,green,19.87,red,14.0
235,2021-11-05,green,19.46,yellow,50.0,green,20.08,red,25.0
236,2021-11-06,green,20.24,red,32.0,yellow,20.28,red,29.0
237,2021-11-07,green,19.96,red,28.0,green,20.17,red,29.0
238,2021-11-08,green,18.85,red,34.0,green,19.6,yellow,52.0
239,2021-11-09,yellow,18.74,yellow,53.0,green,18.85,yellow,54.0
240,2021-11-10,green,18.39,green,72.0,green,18.65,green,71.0
241,2021-11-11,yellow,17.89,green,70.0,green,18.11,green,72.0
242,2021-11-12,yellow,17.1,green,78.0,green,18.46,green,73.0
243,2021-11-13,yellow,17.43,green,79.0,green,18.1,green,70.0
244,2021-11-14,yellow,17.11,green,79.0,green,18.02,green,75.0
245,2021-11-15,yellow,17.26,green,78.0,green,18.09,green,71.0
246,2021-11-16,red,17.95,green,87.0,red,18.83,green,75.0
247,2021-11-17,yellow,17.75,green,83.0,green,18.15,green,81.0
248,2021-11-18,yellow,15.82,green,75.0,yellow,17.58,green,79.0
249,2021-11-19,green,16.54,green,66.0,green,17.61,green,82.0
250,2021-11-20,green,16.9,red,25.0,green,18.18,green,82.0
251,2021-11-21,yellow,15.86,red,22.0,green,17.57,green,76.0
252,2021-11-22,yellow,15.67,red,29.0,green,17.63,yellow,51.0
253,2021-11-23,green,17.77,yellow,54.0,green,19.65,red,31.0
254,2021-11-24,yellow,16.68,green,82.0,green,18.54,red,34.0
255,2021-11-25,yellow,14.59,green,85.0,yellow,16.75,yellow,54.0
256,2021-11-26,green,15.82,green,92.0,green,17.47,green,73.0
257,2021-11-27,green,16.33,green,90.0,yellow,18.47,green,77.0
258,2021-11-28,yellow,15.41,green,88.0,green,17.32,green,80.0
259,2021-11-29,yellow,17.6,green,86.0,yellow,19.11,green,84.0
260,2021-11-30,green,16.81,green,92.0,green,18.35,green,87.0
261,2021-12-01,green,17.5,green,89.0,green,19.36,green,82.0
262,2021-12-02,green,17.35,green,88.0,green,18.9,green,84.0
263,2021-12-03,yellow,16.41,green,86.0,yellow,18.0,green,80.0
264,2021-12-04,yellow,15.7,green,88.0,green,17.0,green,86.0
265,2021-12-05,yellow,15.73,green,84.0,green,17.98,green,87.0
266,2021-12-06,yellow,14.53,green,84.0,green,17.05,green,83.0
267,2021-12-07,red,14.83,green,89.0,yellow,17.09,green,85.0
268,2021-12-08,yellow,14.92,green,90.0,green,17.08,green,87.0
269,2021-12-09,green,15.76,green,89.0,green,17.83,green,82.0
270,2021-12-10,yellow,15.24,green,86.0,green,17.08,green,84.0
271,2021-12-11,yellow,15.08,green,90.0,green,17.19,green,84.0
272,2021-12-12,green,15.7,green,89.0,green,17.47,green,82.0
273,2021-12-13,green,15.64,green,87.0,green,17.33,green,80.0
274,2021-12-14,green,16.31,green,88.0,green,18.33,green,88.0
275,2021-12-15,red,19.37,green,86.0,yellow,21.02,green,91.0
276,2021-12-16,yellow,15.29,green,87.0,yellow,17.19,green,84.0
277,2021-12-17,yellow,15.35,green,80.0,green,16.93,green,80.0
278,2021-12-18,red,14.83,green,84.0,yellow,17.26,green,86.0
279,2021-12-19,yellow,15.2,green,90.0,green,17.11,green,88.0
280,2021-12-20,yellow,14.68,green,93.0,red,17.13,green,86.0
281,2021-12-21,red,14.75,green,92.0,yellow,16.88,green,89.0
282,2021-12-22,yellow,15.32,green,69.0,green,17.32,green,85.0
283,2021-12-23,green,15.61,yellow,48.0,green,17.55,green,86.0
284,2021-12-24,green,16.54,green,91.0,green,17.93,green,81.0
285,2021-12-25,red,15.31,green,92.0,red,17.39,green,83.0
286,2021-12-26,yellow,15.38,green,92.0,green,17.03,green,87.0
287,2021-12-27,red,14.63,green,93.0,yellow,17.36,green,86.0
288,2021-12-28,red,15.18,green,91.0,yellow,17.18,green,87.0
289,2021-12-29,red,14.9,green,91.0,red,16.55,green,91.0
290,2021-12-30,red,15.16,green,93.0,yellow,17.26,green,86.0
291,2021-12-31,yellow,14.73,green,93.0,yellow,17.6,green,85.0
292,2022-01-01,red,14.82,green,90.0,green,16.8,green,88.0
293,2022-01-02,yellow,15.39,green,89.0,red,16.14,green,91.0
294,2022-01-03,yellow,15.21,green,88.0,green,16.29,green,85.0
295,2022-01-04,yellow,15.22,green,92.0,green,17.64,green,80.0
296,2022-01-05,yellow,14.65,green,92.0,green,16.27,green,90.0
297,2022-01-06,yellow,15.69,green,91.0,green,16.23,green,88.0
298,2022-01-07,yellow,15.21,green,90.0,red,16.12,green,90.0
299,2022-01-08,red,15.27,green,87.0,green,17.16,green,87.0
300,2022-01-09,red,14.77,green,92.0,yellow,16.52,green,87.0
301,2022-01-10,red,15.04,green,91.0,green,17.41,green,78.0
302,2022-01-11,green,15.81,green,91.0,yellow,16.65,green,68.0
303,2022-01-12,red,16.42,green,91.0,yellow,17.56,green,74.0
304,2022-01-13,yellow,15.6,green,92.0,yellow,17.22,green,77.0
305,2022-01-14,yellow,14.92,green,92.0,red,16.71,green,77.0
306,2022-01-15,yellow,14.57,green,94.0,yellow,16.08,green,80.0
307,2022-01-16,red,15.03,green,89.0,yellow,16.56,green,82.0
308,2022-01-17,yellow,14.94,green,90.0,red,17.31,green,86.0
309,2022-01-18,yellow,16.68,green,88.0,green,19.42,green,86.0
310,2022-01-19,red,15.51,green,87.0,yellow,16.29,green,85.0
311,2022-01-20,red,15.98,green,85.0,red,16.9,green,78.0
312,2022-01-21,yellow,15.28,green,85.0,green,15.93,green,81.0
313,2022-01-22,green,15.71,green,90.0,green,16.3,green,81.0
314,2022-01-23,yellow,15.05,green,86.0,yellow,15.74,green,69.0
315,2022-01-24,yellow,15.14,green,88.0,yellow,16.25,green,78.0
316,2022-01-25,red,15.42,green,85.0,yellow,16.17,green,79.0
317,2022-01-26,yellow,15.89,green,88.0,green,16.23,green,82.0
318,2022-01-27,red,16.02,green,84.0,yellow,16.49,green,78.0
319,2022-01-28,yellow,15.98,green,83.0,green,16.41,green,84.0
320,2022-01-29,green,16.23,green,83.0,green,16.78,green,82.0
321,2022-01-30,yellow,15.91,green,85.0,green,16.64,green,82.0
322,2022-01-31,yellow,16.64,green,88.0,yellow,16.36,green,84.0
323,2022-02-01,blue,17.19,blue,,blue,17.27,blue,
324,2022-02-02,blue,,blue,,blue,,blue,
325,2022-02-03,blue,,blue,,blue,,blue,
326,2022-02-04,blue,,blue,,blue,,blue,
327,2022-02-05,blue,,blue,,blue,,blue,
328,2022-02-06,blue,,blue,,blue,,blue,
329,2022-02-07,blue,,blue,,blue,,blue,
330,2022-02-08,blue,,blue,,blue,,blue,
331,2022-02-09,blue,,blue,,blue,,blue,
332,2022-02-10,blue,,blue,,blue,,blue,
333,2022-02-11,blue,,blue,,blue,,blue,
334,2022-02-12,blue,,blue,,blue,,blue,
335,2022-02-13,blue,,blue,,blue,,blue,
336,2022-02-14,blue,,blue,,blue,,blue,
337,2022-02-15,blue,,blue,,blue,,blue,
338,2022-02-16,blue,,blue,,blue,,blue,
339,2022-02-17,blue,,blue,,blue,,blue,
340,2022-02-18,blue,,blue,,blue,,blue,
341,2022-02-19,blue,,blue,,blue,,blue,
342,2022-02-20,blue,,blue,,blue,,blue,
343,2022-02-21,blue,,blue,,blue,,blue,
344,2022-02-22,blue,,blue,,blue,,blue,
345,2022-02-23,blue,,blue,,blue,,blue,
346,2022-02-24,blue,,blue,,blue,,blue,
347,2022-02-25,blue,,blue,,blue,,blue,
348,2022-02-26,blue,,blue,,blue,,blue,
349,2022-02-27,blue,,blue,,blue,,blue,
350,2022-02-28,blue,,blue,,blue,,blue,
351,2022-03-01,blue,,blue,,blue,,blue,
352,2022-03-02,blue,,blue,,blue,,blue,
353,2022-03-03,blue,,blue,,blue,,blue,
354,2022-03-04,blue,,blue,,blue,,blue,
355,2022-03-05,blue,,blue,,blue,,blue,
356,2022-03-06,blue,,blue,,blue,,blue,
357,2022-03-07,blue,,blue,,blue,,blue,
358,2022-03-08,blue,,blue,,blue,,blue,
359,2022-03-09,blue,,blue,,blue,,blue,
360,2022-03-10,blue,,blue,,blue,,blue,
361,2022-03-11,blue,,blue,,blue,28.7,blue,
362,2022-03-12,blue,,blue,,green,28.27,blue,33.0
363,2022-03-13,blue,,blue,,green,25.39,blue,35.0
364,2022-03-14,blue,,blue,,red,25.02,blue,36.0
382,2022-03-15,blue,,blue,,red,25.25,blue,38.0
365,2022-03-16,blue,27.44,blue,,yellow,24.21,yellow,46.0
366,2022-03-17,blue,28.0,blue,35.0,yellow,23.86,yellow,48.0
367,2022-03-18,yellow,28.02,red,31.0,red,23.75,blue,
368,2022-03-19,yellow,27.59,red,34.0,red,23.91,red,39.0
369,2022-03-20,yellow,26.84,red,29.0,green,23.89,red,29.0
370,2022-03-21,yellow,26.17,red,34.0,yellow,22.46,red,28.0
371,2022-03-22,yellow,26.8,red,36.0,yellow,22.62,red,39.0
372,2022-03-23,yellow,26.9,red,36.0,red,23.37,red,40.0
373,2022-03-24,yellow,26.67,red,32.0,red,22.75,red,30.0
374,2022-03-25,yellow,26.23,red,38.0,yellow,22.2,yellow,53.0
375,2022-03-26,yellow,26.4,red,34.0,yellow,22.77,yellow,51.0
376,2022-03-27,yellow,26.23,red,40.0,yellow,22.66,yellow,56.0
377,2022-03-28,yellow,26.08,red,37.0,red,21.83,yellow,49.0
378,2022-03-29,yellow,25.76,red,28.0,green,20.83,yellow,54.0
379,2022-03-30,yellow,25.76,red,31.0,yellow,21.08,yellow,49.0
380,2022-03-31,yellow,25.83,red,28.0,red,21.35,yellow,57.0
381,2022-04-01,yellow,25.39,red,20.0,yellow,21.19,green,66.0
