,Date (America/Chicago),"Maschhoff_TPLJ_RM2_C Temp shock - color
 (MO201301-4TG24WHN)","Maschhoff_TPLJ_RM2_CTemp (°C) - data
 (MO201301-4TG24WHN)","Maschhoff_TPLJ_RM2_C ReHS - color
 (MO201301-4TG24WHN)","Maschhoff_TPLJ_RM2_C ReHS - data
(MO201301-4TG24WHN)","Maschhoff_TPLJ_RM2_W Temp shock - color
 (MO201301-MLJQ4R57)","Maschhoff_TPLJ_RM2_WTemp (°C) - data
 (MO201301-MLJQ4R57)","Maschhoff_TPLJ_RM2_W ReHS - color
 (MO201301-MLJQ4R57)","Maschhoff_TPLJ_RM2_W ReHS - data
(MO201301-MLJQ4R57)","Maschhoff_TPLJ_RM1_W Temp shock - color
 (MO201601-CM9R2MZ9)","Maschhoff_TPLJ_RM1_WTemp (°C) - data
 (MO201601-CM9R2MZ9)","Maschhoff_TPLJ_RM1_W ReHS - color
 (MO201601-CM9R2MZ9)","Maschhoff_TPLJ_RM1_W ReHS - data
(MO201601-CM9R2MZ9)","Maschhoff_TPLJ_RM1_C Temp shock - color
 (MO201601-W9GJRDGS)","Maschhoff_TPLJ_RM1_CTemp (°C) - data
 (MO201601-W9GJRDGS)","Maschhoff_TPLJ_RM1_C ReHS - color
 (MO201601-W9GJRDGS)","Maschhoff_TPLJ_RM1_C ReHS - data
(MO201601-W9GJRDGS)","Maschhoff_TPLJ_RM2_E Temp shock - color
 (MO202501-DPMVN7MV)","Maschhoff_TPLJ_RM2_ETemp (°C) - data
 (MO202501-DPMVN7MV)","Maschhoff_TPLJ_RM2_E ReHS - color
 (MO202501-DPMVN7MV)","Maschhoff_TPLJ_RM2_E ReHS - data
(MO202501-DPMVN7MV)","Maschhoff_TPLJ_RM1_E Temp shock - color
 (MO202701-QRND87D5)","Maschhoff_TPLJ_RM1_ETemp (°C) - data
 (MO202701-QRND87D5)","Maschhoff_TPLJ_RM1_E ReHS - color
 (MO202701-QRND87D5)","Maschhoff_TPLJ_RM1_E ReHS - data
(MO202701-QRND87D5)"
0,2021-03-15,green,,blue,,green,,blue,,green,,blue,,green,,blue,,green,,blue,,green,,blue,
1,2021-03-16,green,26.0,blue,,green,25.0,blue,,green,,blue,,green,,blue,,green,,blue,,green,,blue,
2,2021-03-17,green,23.0,blue,,green,23.0,blue,,green,,blue,,yellow,,blue,,red,,blue,,green,,blue,
3,2021-03-18,green,23.5,green,76.0,green,23.0,green,82.0,yellow,,green,,yellow,,green,,red,,yellow,,yellow,,yellow,
4,2021-03-19,green,23.0,green,77.0,green,23.0,green,71.0,green,,green,,green,,green,,red,,yellow,,green,,green,
5,2021-03-20,green,22.0,green,67.0,green,23.0,yellow,46.0,green,,green,,green,,green,,green,,yellow,,green,,green,
6,2021-03-21,green,21.5,green,64.0,green,23.0,red,36.0,green,,green,,green,,yellow,,green,,red,,green,,yellow,
7,2021-03-22,green,22.0,red,36.0,green,23.0,red,26.0,green,,yellow,,green,,yellow,,green,,red,,yellow,,yellow,
8,2021-03-23,green,22.0,red,24.0,green,23.0,red,26.0,green,,yellow,,green,,yellow,,green,,red,,green,,yellow,
9,2021-03-24,green,22.5,red,18.0,green,23.0,red,28.0,yellow,,red,,yellow,,red,,green,,red,,green,,red,
10,2021-03-25,green,21.0,red,21.0,green,23.0,red,31.0,green,,red,,green,,red,,green,,red,,green,,red,
11,2021-03-26,green,19.5,red,28.0,green,23.0,red,30.0,green,,red,,green,,red,,green,,red,,green,,red,
12,2021-03-27,green,19.5,red,32.0,green,23.0,red,33.0,green,,yellow,,yellow,,red,,green,,red,,green,,red,
13,2021-03-28,green,19.0,red,29.0,green,22.5,red,35.0,green,,yellow,,green,,red,,green,,red,,green,,red,
14,2021-03-29,yellow,21.5,yellow,43.0,green,23.0,yellow,54.0,yellow,,green,,red,,yellow,,yellow,,red,,yellow,,yellow,
15,2021-03-30,green,19.5,red,37.0,green,22.0,yellow,55.0,green,,green,,green,,yellow,,yellow,,red,,green,,yellow,
16,2021-03-31,green,20.0,yellow,46.0,green,22.0,green,68.0,yellow,,green,,yellow,,yellow,,red,,red,,green,,yellow,
17,2021-04-01,green,20.0,yellow,52.0,green,22.5,yellow,57.0,green,,green,,green,,yellow,,green,,red,,green,,yellow,
18,2021-04-02,yellow,20.5,green,70.0,green,22.0,green,87.0,yellow,,green,,yellow,,green,,yellow,,yellow,,green,,green,
19,2021-04-03,red,21.0,green,69.0,green,23.0,green,85.0,red,,green,,red,,green,,red,,red,,yellow,,green,
20,2021-04-04,yellow,22.5,green,78.0,yellow,23.5,green,91.0,yellow,,green,,red,,green,,green,,yellow,,yellow,,green,
21,2021-04-05,green,24.5,green,88.0,green,24.0,green,98.0,yellow,,green,,yellow,,green,,green,,yellow,,yellow,,green,
22,2021-04-06,green,23.5,green,88.0,green,23.0,green,98.0,green,,green,,green,,green,,green,,yellow,,green,,green,
23,2021-04-07,green,21.0,green,80.0,green,21.0,green,94.0,green,,green,,green,,green,,green,,yellow,,green,,green,
24,2021-04-08,green,18.0,green,69.0,green,21.0,green,85.0,green,,green,,green,,green,,green,,yellow,,green,,green,
25,2021-04-09,green,18.0,green,73.0,green,21.0,green,86.0,green,,green,,green,,green,,green,,yellow,,green,,green,
26,2021-04-10,green,18.0,green,77.0,green,21.0,green,86.0,green,,green,,green,,green,,yellow,,yellow,,green,,green,
27,2021-04-11,yellow,18.0,green,82.0,green,20.5,green,82.0,yellow,,green,,yellow,,green,,yellow,,green,,green,,green,
28,2021-04-12,green,17.5,green,85.0,green,19.5,green,87.0,green,,green,,yellow,,green,,green,,green,,green,,green,
29,2021-04-13,green,17.0,green,89.0,green,19.0,green,86.0,green,,green,,green,,green,,green,,green,,green,,green,
30,2021-04-14,green,16.5,green,89.0,green,18.5,green,92.0,green,,green,,green,,green,,yellow,,green,,yellow,,green,
31,2021-04-15,green,16.5,green,89.0,green,19.0,green,92.0,green,,green,,green,,green,,green,,green,,green,,green,
32,2021-04-16,green,17.5,green,86.0,green,18.5,green,84.0,green,,green,,green,,green,,green,,green,,green,,green,
33,2021-04-17,green,18.0,green,87.0,green,18.5,green,88.0,green,,green,,green,,green,,green,,green,,green,,green,
34,2021-04-18,yellow,19.0,green,89.0,green,19.0,green,90.0,yellow,,green,,yellow,,green,,yellow,,green,,yellow,,green,
35,2021-04-19,green,16.0,green,90.0,green,17.0,green,86.0,green,,green,,green,,green,,yellow,,green,,green,,green,
36,2021-04-20,green,15.5,green,90.0,green,18.0,green,89.0,green,,green,,green,,green,,yellow,,green,,green,,green,
37,2021-04-21,green,16.0,green,92.0,green,18.0,green,92.0,green,,green,,green,,green,,yellow,,green,,green,,green,
38,2021-04-22,green,18.0,green,88.0,green,18.5,green,94.0,green,,green,,green,,green,,yellow,,green,,green,,green,
39,2021-04-23,yellow,19.0,green,94.0,yellow,18.5,green,92.0,yellow,,green,,yellow,,green,,yellow,,green,,green,,green,
40,2021-04-24,yellow,17.5,green,90.0,green,17.5,green,92.0,yellow,,green,,yellow,,green,,yellow,,green,,green,,green,
41,2021-04-25,green,19.0,green,93.0,yellow,19.0,green,93.0,green,,green,,green,,green,,green,,green,,green,,green,
42,2021-04-26,red,23.0,green,96.0,red,23.0,green,98.0,red,,green,,red,,green,,red,,green,,red,,green,
43,2021-04-27,green,20.0,green,98.0,yellow,19.5,green,99.0,yellow,,green,,yellow,,green,,green,,green,,green,,green,
44,2021-04-28,green,19.5,green,95.0,green,19.5,green,98.0,green,,green,,yellow,,green,,green,,green,,green,,green,
45,2021-04-29,yellow,19.0,green,91.0,yellow,19.5,green,97.0,yellow,,green,,red,,green,,yellow,,green,,yellow,,green,
46,2021-04-30,yellow,20.0,green,95.0,yellow,20.5,green,97.0,yellow,,green,,yellow,,green,,yellow,,green,,yellow,,green,
47,2021-05-01,red,25.5,green,99.0,yellow,25.5,green,98.0,red,,green,,red,,green,,red,,green,,red,,green,
48,2021-05-02,red,23.5,green,99.0,yellow,24.0,green,97.0,red,,green,,red,,green,,red,,green,,red,,green,
49,2021-05-03,green,20.5,green,95.0,yellow,20.0,green,99.0,yellow,,green,,green,,green,,green,,green,,green,,green,
50,2021-05-04,yellow,17.5,green,94.0,yellow,17.0,green,95.0,red,,green,,yellow,,green,,yellow,,green,,green,,green,
51,2021-05-05,yellow,18.0,green,95.0,yellow,17.0,green,97.0,yellow,,green,,yellow,,green,,yellow,,green,,green,,green,
52,2021-05-06,yellow,18.0,green,97.0,yellow,18.0,green,97.0,yellow,,green,,yellow,,green,,yellow,,green,,yellow,,green,
53,2021-05-07,yellow,16.0,green,98.0,yellow,16.5,green,99.0,yellow,,green,,yellow,,green,,green,,green,,green,,green,
54,2021-05-08,green,,green,97.0,green,,green,99.0,green,,green,,green,,green,,green,,green,,green,,green,
55,2021-05-09,green,,green,96.0,yellow,,green,99.0,yellow,,green,,yellow,,green,,green,,green,,green,,green,
56,2021-05-10,green,18.0,green,98.0,yellow,18.0,green,99.0,yellow,,green,,yellow,,green,,yellow,,green,,green,,green,
57,2021-05-11,yellow,17.0,green,98.0,yellow,17.5,green,97.0,yellow,,green,,yellow,,green,,yellow,,green,,green,,green,
58,2021-05-12,green,18.0,green,98.0,yellow,18.0,green,96.0,yellow,,green,,green,,green,,green,,green,,green,,green,
59,2021-05-13,green,19.0,green,99.0,yellow,19.5,green,99.0,green,,green,,green,,green,,green,,green,,green,,green,
60,2021-05-14,green,19.0,green,99.0,yellow,18.5,green,99.0,green,,green,,green,,green,,green,,green,,green,,green,
61,2021-05-15,yellow,20.5,green,99.0,green,20.5,green,99.0,yellow,,green,,yellow,,green,,yellow,,green,,yellow,,green,
62,2021-05-16,green,20.0,green,99.0,green,20.5,green,99.0,green,,green,,green,,green,,green,,green,,green,,green,
63,2021-05-17,green,20.0,green,99.0,green,20.5,green,98.0,green,,green,,green,,green,,green,,green,,green,,green,
64,2021-05-18,green,20.0,green,99.0,green,21.0,green,99.0,green,,green,,green,,green,,green,,green,,green,,green,
65,2021-05-19,green,21.5,green,97.0,green,22.5,green,96.0,yellow,,green,,yellow,,green,,yellow,,green,,yellow,,green,
66,2021-05-20,green,21.5,green,97.0,green,22.5,green,99.0,green,,green,,green,,green,,green,,green,,green,,green,
67,2021-05-21,yellow,23.5,green,99.0,yellow,24.0,green,99.0,yellow,,green,,yellow,,green,,yellow,,green,,yellow,,green,
68,2021-05-22,yellow,24.0,green,98.0,yellow,24.5,green,97.0,yellow,,green,,yellow,,green,,yellow,,green,,yellow,,green,
69,2021-05-23,yellow,24.5,green,97.0,yellow,25.0,green,99.0,yellow,,green,,yellow,,green,,yellow,,green,,yellow,,green,
70,2021-05-24,yellow,25.0,green,99.0,yellow,25.0,green,98.0,yellow,,green,,yellow,,green,,yellow,,green,,yellow,,green,
71,2021-05-25,red,24.5,green,99.0,red,25.0,green,98.0,red,,green,,red,,green,,red,,green,,red,,green,
72,2021-05-26,yellow,21.5,green,99.0,yellow,22.0,green,98.0,yellow,,green,,yellow,,green,,yellow,,green,,yellow,,green,
73,2021-05-27,green,19.0,green,99.0,green,19.0,green,99.0,green,,green,,green,,green,,green,,green,,green,,green,
74,2021-05-28,green,17.0,green,96.0,green,15.5,green,98.0,green,,green,,green,,green,,green,,green,,green,,green,
75,2021-05-29,green,18.0,green,93.0,yellow,18.0,green,97.0,green,,green,,green,,green,,yellow,,green,,green,,green,
76,2021-05-30,green,19.0,green,93.0,green,19.0,green,99.0,green,,green,,green,,green,,yellow,,green,,green,,green,
77,2021-05-31,red,20.0,green,96.0,yellow,20.0,green,99.0,yellow,,green,,yellow,,green,,red,,green,,red,,green,
78,2021-06-01,yellow,22.0,green,99.0,yellow,22.0,green,99.0,red,,green,,red,,green,,red,,green,,red,,green,
79,2021-06-02,red,22.5,green,98.0,yellow,22.5,green,98.0,red,,green,,red,,green,,red,,green,,red,,green,
80,2021-06-03,yellow,24.5,green,99.0,yellow,25.0,green,99.0,yellow,,green,,yellow,,green,,yellow,,green,,yellow,,green,
81,2021-06-04,yellow,27.5,green,99.0,yellow,27.5,green,99.0,yellow,,green,,yellow,,green,,yellow,,green,,red,,green,
82,2021-06-05,yellow,28.0,green,99.0,yellow,28.5,green,98.0,yellow,,green,,yellow,,green,,yellow,,green,,red,,green,
83,2021-06-06,green,26.0,green,96.0,green,26.5,green,99.0,green,,green,,green,,green,,green,,green,,green,,green,
84,2021-06-07,yellow,27.0,green,96.0,yellow,27.5,green,99.0,yellow,,green,,yellow,,green,,yellow,,green,,yellow,,green,
85,2021-06-08,red,27.0,green,99.0,red,27.5,green,99.0,yellow,,green,,yellow,,green,,red,,green,,red,,green,
86,2021-06-09,red,27.5,green,99.0,red,28.0,green,99.0,yellow,,green,,red,,green,,red,,green,,red,,green,
87,2021-06-10,yellow,29.0,green,98.0,yellow,29.5,green,99.0,yellow,,green,,yellow,,green,,yellow,,green,,yellow,,green,
88,2021-06-11,red,25.5,green,99.0,yellow,26.0,green,99.0,yellow,,green,,red,,green,,red,,green,,red,,green,
89,2021-06-12,red,24.0,green,98.0,red,24.5,green,99.0,red,,green,,red,,green,,red,,green,,red,,green,
90,2021-06-13,red,26.0,green,99.0,red,26.0,green,98.0,red,,green,,red,,green,,red,,green,,red,,green,
91,2021-06-14,red,24.0,green,99.0,red,25.0,green,99.0,red,,green,,red,,green,,red,,green,,red,,green,
92,2021-06-15,red,25.0,green,99.0,red,25.0,green,96.0,red,,green,,red,,green,,red,,green,,red,,green,
93,2021-06-16,red,26.5,green,99.0,red,27.0,green,99.0,red,,green,,red,,green,,red,,green,,red,,green,
94,2021-06-17,red,31.0,green,99.0,red,31.0,green,98.0,red,,green,,red,,green,,red,,green,,red,,green,
95,2021-06-18,red,25.5,green,99.0,red,26.0,green,98.0,red,,green,,red,,green,,red,,green,,red,,green,
96,2021-06-19,yellow,23.5,green,99.0,yellow,24.5,green,98.0,yellow,,green,,yellow,,green,,yellow,,green,,yellow,,green,
97,2021-06-20,red,23.5,green,99.0,yellow,24.0,green,98.0,red,,green,,red,,green,,red,,green,,red,,green,
98,2021-06-21,yellow,19.0,green,99.0,green,20.5,green,98.0,yellow,,green,,yellow,,green,,red,,green,,yellow,,green,
99,2021-06-22,red,21.0,green,99.0,yellow,22.5,green,99.0,red,,green,,red,,green,,red,,green,,red,,green,
100,2021-06-23,yellow,25.5,green,98.0,yellow,26.0,green,98.0,yellow,,green,,yellow,,green,,yellow,,green,,yellow,,green,
101,2021-06-24,green,25.0,green,99.0,green,25.5,green,99.0,green,,green,,green,,green,,green,,green,,green,,green,
102,2021-06-25,green,22.5,green,99.0,green,23.0,green,99.0,blue,,blue,,green,,green,,green,,green,,green,,green,
103,2021-06-26,green,20.5,green,99.0,green,21.5,green,98.0,blue,,blue,,blue,,blue,,green,,green,,green,,green,
104,2021-06-27,yellow,22.5,green,98.0,yellow,23.0,green,99.0,blue,,blue,,blue,,blue,,blue,,blue,,blue,,blue,
105,2021-06-28,yellow,23.5,green,99.0,green,24.0,green,99.0,blue,,blue,,blue,,blue,,blue,,blue,,blue,,blue,
106,2021-06-29,yellow,24.0,green,96.0,yellow,24.5,green,98.0,blue,,blue,,blue,,blue,,blue,,blue,,blue,,blue,
107,2021-06-30,red,24.0,green,99.0,red,24.5,green,98.0,blue,,blue,,blue,,blue,,blue,,blue,,blue,,blue,
108,2021-07-01,red,23.5,green,99.0,red,24.5,green,96.0,blue,,blue,,blue,,blue,,blue,,blue,,blue,,blue,
109,2021-07-02,red,24.0,green,99.0,red,25.0,green,99.0,blue,,blue,,blue,,blue,,blue,,blue,,blue,,blue,
110,2021-07-03,yellow,24.5,green,99.0,yellow,25.5,green,99.0,blue,,blue,,blue,,blue,,blue,,blue,,blue,,blue,
111,2021-07-04,yellow,26.5,green,99.0,yellow,27.0,green,99.0,blue,,blue,,blue,,blue,,blue,,blue,,blue,,blue,
112,2021-07-05,yellow,27.5,green,99.0,yellow,28.0,green,99.0,blue,,blue,,blue,,blue,,blue,,blue,,blue,,blue,
113,2021-07-06,yellow,27.0,green,99.0,yellow,27.0,green,99.0,blue,,blue,,blue,,blue,,blue,,blue,,blue,,blue,
114,2021-07-07,green,21.0,green,99.0,green,22.0,green,99.0,blue,,blue,,blue,,blue,,blue,,blue,,blue,,blue,
115,2021-07-08,green,20.0,green,98.0,green,21.0,green,97.0,blue,,blue,,blue,,blue,,blue,,blue,,blue,,blue,
116,2021-07-09,yellow,23.5,green,95.0,yellow,24.5,green,99.0,blue,,blue,,blue,,blue,,blue,,blue,,blue,,blue,
117,2021-07-10,green,20.5,green,99.0,green,21.5,green,98.0,blue,,blue,,blue,,blue,,blue,,blue,,blue,,blue,
118,2021-07-11,yellow,21.5,green,99.0,yellow,22.5,green,97.0,blue,,blue,,blue,,blue,,blue,,blue,,blue,,blue,
119,2021-07-12,yellow,22.0,green,99.0,yellow,22.0,green,97.0,blue,,blue,,blue,,blue,,blue,,blue,,blue,,blue,
120,2021-07-13,yellow,23.0,green,99.0,yellow,23.5,green,96.0,blue,,blue,,blue,,blue,,blue,,blue,,blue,,blue,
121,2021-07-14,green,23.0,green,99.0,green,23.5,green,99.0,blue,,blue,,blue,,blue,,blue,,blue,,blue,,blue,
122,2021-07-15,yellow,22.0,green,99.0,yellow,22.5,green,99.0,blue,,blue,,blue,,blue,,blue,,blue,,blue,,blue,
123,2021-07-16,yellow,22.0,green,99.0,yellow,22.5,green,99.0,blue,,blue,,blue,,blue,,blue,,blue,,blue,,blue,
124,2021-07-17,yellow,23.0,green,99.0,yellow,23.5,green,99.0,blue,,blue,,blue,,blue,,blue,,blue,,blue,,blue,
125,2021-07-18,red,23.0,green,99.0,yellow,23.5,green,99.0,blue,,blue,,blue,,blue,,blue,,blue,,blue,,blue,
126,2021-07-19,red,23.0,green,99.0,red,23.5,green,98.0,blue,,blue,,blue,,blue,,blue,,blue,,blue,,blue,
127,2021-07-20,red,23.5,green,98.0,red,23.5,green,99.0,blue,,blue,,blue,,blue,,blue,,blue,,blue,,blue,
128,2021-07-21,yellow,24.0,green,99.0,yellow,24.5,green,98.0,blue,,blue,,blue,,blue,,blue,,blue,,blue,,blue,
129,2021-07-22,yellow,25.0,green,99.0,yellow,25.5,green,99.0,blue,,blue,,blue,,blue,,blue,,blue,,blue,,blue,
130,2021-07-23,yellow,27.0,green,99.0,yellow,27.0,green,98.0,blue,,blue,,blue,,blue,,blue,,blue,,blue,,blue,
131,2021-07-24,red,27.0,green,99.0,red,27.0,green,97.0,blue,,blue,,blue,,blue,,blue,,blue,,blue,,blue,
132,2021-07-25,red,24.5,green,97.0,red,25.0,green,99.0,blue,,blue,,blue,,blue,,blue,,blue,,blue,,blue,
133,2021-07-26,red,25.0,green,99.0,yellow,25.0,green,97.0,yellow,,blue,,red,,blue,,red,,blue,,red,,blue,
134,2021-07-27,yellow,27.0,green,99.0,yellow,27.0,green,99.0,yellow,30.0,blue,,yellow,30.0,blue,,yellow,30.0,blue,,yellow,29.5,blue,
135,2021-07-28,green,29.0,green,98.0,green,29.0,green,99.0,green,29.0,green,98.0,green,29.0,green,98.0,yellow,28.5,green,83.0,yellow,28.0,green,89.0
136,2021-07-29,yellow,27.0,green,99.0,yellow,27.0,green,98.0,yellow,27.5,green,98.0,yellow,27.5,green,99.0,yellow,27.0,green,92.0,yellow,26.5,green,90.0
137,2021-07-30,green,22.0,green,99.0,green,22.5,green,99.0,green,22.5,green,98.0,green,22.5,green,99.0,green,22.0,green,98.0,green,21.5,green,93.0
138,2021-07-31,yellow,23.0,green,99.0,green,23.5,green,99.0,yellow,24.0,green,96.0,green,24.0,green,98.0,green,23.0,green,97.0,green,23.0,green,99.0
139,2021-08-01,green,19.5,blue,,green,20.0,blue,,yellow,22.0,green,98.0,yellow,22.5,green,98.0,green,19.0,blue,,yellow,21.0,green,99.0
140,2021-08-02,green,,blue,,green,,blue,,green,17.5,blue,,green,18.5,blue,,green,,blue,,green,16.5,blue,
141,2021-08-03,green,,blue,,green,,blue,,green,,blue,,green,,blue,,green,,blue,,green,,blue,
142,2021-08-04,green,,blue,,green,,blue,,green,,blue,,green,,blue,,green,,blue,,green,,blue,
143,2021-08-05,green,,blue,,green,,blue,,green,,blue,,green,,blue,,green,,blue,,green,,blue,
144,2021-08-06,green,,blue,,green,,blue,,green,,blue,,green,,blue,,green,,blue,,green,,blue,
145,2021-08-07,green,,blue,,green,,blue,,green,,blue,,green,,blue,,green,,blue,,green,,blue,
146,2021-08-08,green,,blue,,green,,blue,,green,,blue,,green,,blue,,green,,blue,,green,,blue,
147,2021-08-09,green,,blue,,green,,blue,,green,,blue,,green,,blue,,green,,blue,,green,,blue,
148,2021-08-10,green,,blue,,green,,blue,,green,,blue,,green,,blue,,green,,blue,,green,,blue,
149,2021-08-11,green,,blue,,green,,blue,,green,,blue,,green,,blue,,green,,blue,,green,,blue,
150,2021-08-12,green,,blue,,green,,blue,,green,,blue,,green,,blue,,green,,blue,,green,,blue,
151,2021-08-13,green,,blue,,green,,blue,,green,,blue,,green,,blue,,green,,blue,,green,,blue,
152,2021-08-14,green,,blue,,green,,blue,,green,,blue,,green,,blue,,green,,blue,,green,,blue,
153,2021-08-15,green,,blue,,green,,blue,,green,,blue,,green,,blue,,green,,blue,,green,,blue,
154,2021-08-16,green,,blue,,green,,blue,,green,,blue,,green,,blue,,green,,blue,,green,,blue,
155,2021-08-17,green,,blue,,green,,blue,,green,,blue,,green,,blue,,green,,blue,,green,,blue,
156,2021-08-18,green,,blue,,green,,blue,,green,,blue,,green,,blue,,green,,blue,,green,,blue,
157,2021-08-19,green,,blue,,green,,blue,,green,,blue,,green,,blue,,green,,blue,,green,,blue,
158,2021-08-20,green,,blue,,green,,blue,,green,,blue,,green,,blue,,green,,blue,,green,,blue,
159,2021-08-21,green,,blue,,green,,blue,,green,,blue,,green,,blue,,green,,blue,,green,,blue,
160,2021-08-22,green,,blue,,green,,blue,,green,,blue,,green,,blue,,green,,blue,,green,,blue,
161,2021-08-23,green,,blue,,green,,blue,,green,,blue,,green,,blue,,green,,blue,,green,,blue,
162,2021-08-24,green,,blue,,green,,blue,,green,,blue,,green,,blue,,green,,blue,,green,,blue,
163,2021-08-25,green,,blue,,green,,blue,,green,,blue,,green,,blue,,green,,blue,,green,,blue,
164,2021-08-26,green,,blue,,green,,blue,,green,,blue,,green,,blue,,green,,blue,,green,,blue,
165,2021-08-27,green,,blue,,green,,blue,,green,,blue,,green,,blue,,green,,blue,,green,,blue,
166,2021-08-28,green,,blue,,green,,blue,,green,,blue,,green,,blue,,green,,blue,,green,,blue,
167,2021-08-29,green,,blue,,green,,blue,,green,,blue,,green,,blue,,green,,blue,,green,,blue,
168,2021-08-30,green,27.5,blue,,green,27.5,blue,,green,28.5,blue,,yellow,27.5,blue,,yellow,28.0,blue,,green,25.5,blue,
169,2021-08-31,green,25.5,green,96.0,green,25.5,green,97.0,green,26.0,green,88.0,green,24.5,green,89.0,yellow,26.0,green,83.0,green,25.0,green,74.0
170,2021-09-01,green,26.5,green,97.0,green,26.0,green,98.0,green,25.5,green,90.0,green,24.0,green,95.0,green,27.5,green,80.0,green,25.0,green,68.0
171,2021-09-02,green,25.5,green,96.0,green,26.0,green,98.0,green,26.0,green,84.0,green,23.5,green,98.0,green,25.5,green,72.0,green,25.0,green,67.0
172,2021-09-03,green,25.5,green,98.0,green,26.0,green,98.0,green,26.0,green,84.0,green,24.0,green,99.0,green,26.0,green,73.0,green,25.0,yellow,56.0
173,2021-09-04,green,25.5,green,97.0,green,26.0,green,98.0,green,26.0,green,79.0,green,24.5,green,96.0,green,25.5,green,79.0,green,25.0,yellow,50.0
174,2021-09-05,green,26.0,green,97.0,green,27.0,green,98.0,green,26.5,green,80.0,yellow,24.5,green,96.0,yellow,26.5,green,79.0,yellow,26.0,green,64.0
175,2021-09-06,green,27.0,green,97.0,green,27.5,green,96.0,green,27.0,green,83.0,green,26.0,green,98.0,green,27.5,green,76.0,green,26.5,green,64.0
176,2021-09-07,green,26.5,green,96.0,green,26.5,green,92.0,green,26.5,green,90.0,yellow,25.5,green,98.0,green,27.0,green,81.0,green,25.5,green,65.0
177,2021-09-08,green,25.0,green,90.0,green,26.0,green,94.0,yellow,25.0,green,72.0,yellow,24.0,green,94.0,green,26.5,yellow,55.0,green,25.0,yellow,54.0
178,2021-09-09,green,25.0,green,84.0,green,25.5,green,93.0,green,24.5,green,69.0,yellow,23.5,green,93.0,green,26.5,yellow,45.0,green,24.5,yellow,46.0
179,2021-09-10,green,26.0,green,75.0,yellow,26.5,green,90.0,yellow,26.0,green,73.0,yellow,25.0,green,95.0,green,26.5,red,36.0,yellow,25.5,red,36.0
180,2021-09-11,green,27.5,green,81.0,green,27.5,green,94.0,green,27.5,green,80.0,green,26.5,green,97.0,green,28.0,yellow,54.0,green,26.5,green,66.0
181,2021-09-12,green,26.0,green,88.0,green,25.5,green,98.0,green,25.5,green,92.0,yellow,24.5,green,99.0,yellow,26.5,yellow,52.0,green,24.5,green,68.0
182,2021-09-13,green,26.0,green,85.0,green,26.0,green,94.0,yellow,26.0,green,90.0,green,24.5,green,98.0,green,26.5,yellow,56.0,green,24.5,green,72.0
183,2021-09-14,green,25.0,green,82.0,green,25.0,green,94.0,green,24.5,green,93.0,yellow,23.5,green,99.0,yellow,25.5,yellow,54.0,yellow,23.5,yellow,55.0
184,2021-09-15,green,25.5,green,80.0,green,26.0,green,86.0,green,25.0,green,81.0,yellow,24.0,green,92.0,yellow,26.0,yellow,56.0,green,24.0,green,64.0
185,2021-09-16,green,27.5,green,84.0,green,27.5,green,95.0,green,27.0,green,94.0,green,26.5,green,98.0,green,27.5,green,69.0,green,26.0,yellow,51.0
186,2021-09-17,green,25.5,green,83.0,green,25.0,green,88.0,green,24.5,green,88.0,green,24.0,green,95.0,green,26.0,yellow,52.0,green,23.5,yellow,46.0
187,2021-09-18,green,26.0,green,74.0,green,26.5,green,78.0,green,25.5,green,77.0,green,25.0,green,89.0,green,26.5,yellow,52.0,green,25.0,red,32.0
188,2021-09-19,green,28.0,green,84.0,green,28.0,green,95.0,green,27.5,green,96.0,green,27.5,green,93.0,green,28.5,yellow,48.0,green,26.5,red,33.0
189,2021-09-20,green,25.5,green,77.0,green,25.0,green,93.0,green,24.0,green,88.0,green,24.0,green,97.0,green,26.5,yellow,43.0,green,23.5,red,22.0
190,2021-09-21,green,23.0,green,66.0,green,23.5,green,72.0,green,22.5,green,66.0,yellow,21.5,green,88.0,yellow,24.0,yellow,44.0,green,22.0,red,25.0
191,2021-09-22,green,22.5,yellow,48.0,green,23.0,green,69.0,green,22.5,green,68.0,yellow,21.5,green,76.0,yellow,24.5,red,30.0,yellow,22.0,red,26.0
192,2021-09-23,green,23.5,yellow,53.0,yellow,24.0,green,72.0,yellow,23.5,yellow,55.0,yellow,22.5,green,83.0,yellow,25.0,red,33.0,green,22.5,red,23.0
193,2021-09-24,green,23.0,yellow,55.0,green,23.0,green,90.0,green,22.0,green,77.0,yellow,21.0,green,91.0,yellow,24.0,red,31.0,green,21.5,red,22.0
194,2021-09-25,green,23.0,yellow,55.0,green,24.0,green,79.0,yellow,23.5,yellow,52.0,yellow,22.5,green,86.0,green,24.5,red,35.0,green,22.5,red,24.0
195,2021-09-26,yellow,25.0,yellow,51.0,yellow,25.0,green,92.0,red,24.5,green,91.0,red,23.5,green,94.0,yellow,25.5,red,22.0,yellow,24.0,red,28.0
196,2021-09-27,yellow,25.0,green,63.0,red,25.0,green,84.0,red,25.0,green,74.0,red,23.5,green,90.0,red,25.0,red,31.0,red,24.0,red,29.0
197,2021-09-28,yellow,26.0,yellow,55.0,yellow,26.0,green,89.0,yellow,26.0,green,75.0,yellow,25.0,green,92.0,yellow,26.0,red,34.0,red,24.5,red,29.0
198,2021-09-29,green,26.0,green,69.0,green,26.0,green,97.0,green,25.5,green,86.0,green,25.0,green,85.0,green,26.0,red,32.0,green,24.5,red,24.0
199,2021-09-30,green,26.0,green,70.0,green,26.0,green,92.0,green,25.5,green,75.0,green,25.0,green,84.0,yellow,26.0,red,31.0,green,24.5,red,17.0
200,2021-10-01,green,26.0,green,64.0,green,26.0,green,90.0,yellow,24.5,green,81.0,green,24.5,green,87.0,green,26.0,red,30.0,green,23.5,red,14.0
201,2021-10-02,green,24.5,yellow,51.0,green,24.5,green,73.0,green,23.0,green,75.0,green,22.5,green,83.0,green,25.5,red,24.0,green,22.5,red,8.0
202,2021-10-03,green,24.0,red,32.0,yellow,24.0,green,71.0,yellow,23.5,green,76.0,red,22.5,green,82.0,yellow,24.5,red,20.0,yellow,22.0,red,11.0
203,2021-10-04,yellow,22.5,red,33.0,yellow,23.0,yellow,47.0,yellow,22.5,yellow,48.0,red,21.5,green,82.0,yellow,22.5,red,20.0,yellow,21.5,red,18.0
204,2021-10-05,green,22.5,red,32.0,yellow,23.0,yellow,46.0,yellow,22.5,yellow,55.0,yellow,21.0,green,87.0,green,22.0,red,18.0,green,21.0,red,19.0
205,2021-10-06,green,22.5,red,32.0,green,23.5,green,81.0,yellow,22.5,green,76.0,yellow,21.5,green,93.0,green,22.5,red,18.0,green,21.5,red,24.0
206,2021-10-07,green,23.5,yellow,53.0,yellow,24.5,green,89.0,yellow,23.5,green,89.0,yellow,23.0,green,95.0,yellow,23.0,red,22.0,green,22.5,red,23.0
207,2021-10-08,green,24.0,yellow,53.0,green,24.5,green,88.0,green,24.0,green,77.0,green,23.0,green,94.0,yellow,24.0,red,27.0,yellow,23.0,red,33.0
208,2021-10-09,green,24.0,yellow,56.0,green,25.0,green,93.0,green,24.5,green,90.0,green,24.0,green,98.0,green,23.0,red,26.0,green,23.0,red,36.0
209,2021-10-10,green,22.5,yellow,52.0,green,23.0,green,92.0,green,21.5,green,86.0,yellow,21.0,green,99.0,yellow,22.5,red,28.0,green,21.0,red,37.0
210,2021-10-11,green,21.5,yellow,57.0,yellow,21.5,green,81.0,yellow,21.0,green,78.0,red,19.0,green,96.0,yellow,21.0,red,33.0,yellow,19.5,yellow,52.0
211,2021-10-12,green,21.5,yellow,53.0,green,22.0,green,82.0,green,21.5,green,78.0,green,20.0,green,90.0,yellow,21.5,red,34.0,green,20.5,yellow,52.0
212,2021-10-13,green,23.0,green,72.0,green,23.0,green,95.0,green,22.0,green,91.0,yellow,21.0,green,97.0,yellow,23.0,red,36.0,green,21.0,yellow,55.0
213,2021-10-14,green,20.5,green,74.0,green,21.0,green,90.0,green,19.5,green,84.0,yellow,17.5,green,96.0,yellow,20.5,red,31.0,green,19.0,yellow,52.0
214,2021-10-15,green,20.5,green,80.0,green,20.5,green,91.0,green,19.0,green,71.0,yellow,17.5,green,97.0,yellow,20.5,yellow,55.0,green,18.5,green,68.0
215,2021-10-16,green,20.0,green,77.0,yellow,20.5,green,87.0,yellow,19.0,green,77.0,yellow,18.0,green,95.0,yellow,20.5,yellow,53.0,yellow,19.0,green,71.0
216,2021-10-17,green,21.0,green,75.0,green,21.5,green,89.0,yellow,20.0,green,88.0,yellow,19.0,green,92.0,yellow,21.0,yellow,53.0,green,19.5,green,77.0
217,2021-10-18,green,22.0,green,80.0,green,22.5,green,96.0,green,21.0,green,92.0,green,21.0,green,98.0,yellow,22.5,yellow,55.0,green,20.5,green,75.0
218,2021-10-19,yellow,22.5,green,88.0,green,23.5,green,98.0,green,22.0,green,96.0,green,22.0,green,94.0,yellow,22.5,green,71.0,green,21.0,yellow,54.0
219,2021-10-20,green,21.0,green,89.0,green,21.5,green,99.0,green,20.5,green,98.0,yellow,19.5,green,98.0,yellow,20.5,green,66.0,green,20.0,yellow,55.0
220,2021-10-21,green,19.0,green,84.0,green,18.5,green,92.0,green,16.5,green,87.0,green,16.0,green,96.0,yellow,19.5,green,68.0,green,17.5,green,70.0
221,2021-10-22,green,18.5,green,72.0,green,19.5,green,78.0,green,18.5,green,72.0,green,16.5,green,92.0,green,19.5,yellow,55.0,green,18.0,yellow,49.0
222,2021-10-23,green,19.0,yellow,54.0,green,20.0,green,78.0,green,21.0,green,70.0,green,17.0,green,87.0,green,20.0,red,29.0,green,17.0,red,36.0
223,2021-10-24,green,19.0,green,68.0,yellow,20.0,green,76.0,green,19.5,green,77.0,green,17.0,green,90.0,green,19.5,red,28.0,green,17.0,red,34.0
224,2021-10-25,green,19.5,green,68.0,yellow,20.0,green,68.0,green,20.0,green,84.0,green,18.5,green,92.0,green,19.5,red,27.0,green,17.0,red,27.0
225,2021-10-26,green,20.0,green,70.0,green,20.0,green,80.0,green,20.5,green,77.0,green,19.5,green,92.0,green,21.0,red,34.0,green,17.5,red,32.0
226,2021-10-27,green,20.0,green,74.0,green,19.0,green,94.0,green,20.5,green,90.0,green,18.5,green,96.0,green,22.0,red,36.0,green,17.5,yellow,55.0
227,2021-10-28,green,20.0,green,74.0,green,19.5,green,84.0,green,18.5,green,77.0,green,18.5,green,96.0,yellow,19.5,yellow,50.0,green,17.5,yellow,56.0
228,2021-10-29,green,20.5,green,76.0,red,19.5,green,84.0,yellow,18.0,green,80.0,green,19.0,green,93.0,red,20.0,yellow,50.0,green,18.0,yellow,56.0
229,2021-10-30,green,22.0,green,75.0,green,21.5,green,90.0,green,19.0,green,78.0,green,20.0,green,89.0,yellow,23.0,yellow,49.0,green,18.5,yellow,53.0
230,2021-10-31,green,21.5,green,65.0,yellow,20.5,green,88.0,green,17.0,yellow,54.0,green,18.5,green,91.0,red,23.5,red,32.0,green,17.5,green,72.0
231,2021-11-01,green,21.0,red,28.0,green,21.5,green,69.0,yellow,17.5,yellow,45.0,green,19.0,green,90.0,yellow,21.5,red,19.0,green,18.5,green,72.0
232,2021-11-02,green,20.0,red,24.0,green,20.0,yellow,53.0,yellow,18.0,red,22.0,green,19.5,green,70.0,green,19.0,red,17.0,green,18.5,green,71.0
233,2021-11-03,green,20.0,red,18.0,green,20.0,yellow,46.0,yellow,17.5,red,19.0,green,19.0,green,82.0,green,19.0,red,13.0,green,18.5,green,70.0
234,2021-11-04,green,20.5,red,19.0,green,19.5,red,33.0,green,19.5,red,31.0,green,20.0,green,74.0,green,19.5,red,14.0,green,18.5,yellow,52.0
235,2021-11-05,green,21.0,red,34.0,green,19.5,yellow,53.0,green,19.0,yellow,51.0,green,20.0,green,81.0,green,20.0,red,25.0,green,19.0,yellow,50.0
236,2021-11-06,green,20.5,red,29.0,green,20.0,green,80.0,green,20.0,green,79.0,green,20.5,green,84.0,yellow,20.0,red,36.0,green,20.0,red,32.0
237,2021-11-07,green,20.5,yellow,53.0,green,20.0,green,85.0,green,20.0,green,82.0,green,20.5,green,91.0,green,20.0,red,29.0,green,19.5,red,28.0
238,2021-11-08,green,20.0,green,71.0,green,19.5,green,87.0,green,18.5,green,87.0,green,19.5,green,91.0,green,19.5,yellow,52.0,green,18.5,red,34.0
239,2021-11-09,green,19.5,green,76.0,green,18.5,green,89.0,yellow,18.5,green,84.0,green,19.5,green,95.0,green,18.5,yellow,54.0,green,18.5,yellow,53.0
240,2021-11-10,green,19.0,green,79.0,green,18.5,green,93.0,green,18.5,green,87.0,green,19.0,green,93.0,green,18.5,green,71.0,green,18.0,green,72.0
241,2021-11-11,green,18.5,green,79.0,green,18.0,green,93.0,yellow,17.5,green,89.0,yellow,18.0,green,91.0,green,18.0,green,72.0,green,18.5,green,70.0
242,2021-11-12,green,19.0,green,84.0,green,18.0,green,96.0,yellow,16.0,green,88.0,yellow,17.5,green,95.0,green,19.0,green,73.0,green,18.0,green,78.0
243,2021-11-13,green,18.5,green,82.0,green,17.5,green,92.0,yellow,17.0,green,88.0,green,18.0,green,95.0,green,18.0,green,70.0,green,17.5,green,79.0
244,2021-11-14,green,18.0,green,84.0,green,17.5,green,95.0,yellow,16.5,green,82.0,green,17.5,green,97.0,green,18.5,green,75.0,green,17.0,green,79.0
245,2021-11-15,green,18.5,green,86.0,green,17.5,green,92.0,yellow,17.0,green,78.0,green,18.0,green,96.0,green,18.5,green,71.0,yellow,17.0,green,82.0
246,2021-11-16,yellow,19.0,green,87.0,green,19.0,green,94.0,yellow,18.5,green,95.0,yellow,19.0,green,99.0,red,18.5,green,75.0,red,16.5,green,87.0
247,2021-11-17,green,18.0,green,86.0,green,18.0,green,95.0,yellow,17.0,green,95.0,yellow,18.0,green,97.0,green,18.5,green,81.0,yellow,18.0,green,83.0
248,2021-11-18,green,18.0,green,88.0,green,17.0,green,96.0,yellow,14.5,green,95.0,yellow,16.5,green,99.0,yellow,17.5,green,79.0,green,17.0,green,75.0
249,2021-11-19,green,18.0,green,87.0,green,17.5,green,92.0,green,16.5,green,88.0,green,16.0,green,94.0,green,17.5,green,82.0,green,17.0,green,66.0
250,2021-11-20,green,18.5,green,87.0,green,18.0,green,93.0,green,17.0,green,73.0,green,16.0,green,87.0,green,18.0,green,82.0,green,17.5,red,25.0
251,2021-11-21,green,17.5,green,78.0,green,17.5,green,91.0,yellow,16.0,yellow,44.0,yellow,15.0,green,75.0,green,17.5,green,76.0,green,16.5,red,22.0
252,2021-11-22,green,17.5,green,71.0,green,18.0,green,77.0,yellow,15.0,red,29.0,yellow,15.5,green,77.0,green,17.5,yellow,51.0,green,16.5,red,36.0
253,2021-11-23,green,20.0,yellow,51.0,green,19.0,green,81.0,green,17.5,green,82.0,green,18.0,green,90.0,green,20.0,red,31.0,green,18.0,yellow,54.0
254,2021-11-24,green,19.5,yellow,57.0,green,17.5,green,81.0,yellow,17.0,green,92.0,yellow,15.5,green,96.0,green,18.5,red,34.0,yellow,17.5,green,82.0
255,2021-11-25,green,17.0,green,73.0,yellow,16.0,green,77.0,yellow,13.5,green,89.0,green,15.0,green,97.0,green,17.0,yellow,54.0,green,15.5,green,85.0
256,2021-11-26,green,18.0,green,82.0,green,17.0,green,90.0,green,16.0,green,93.0,green,15.0,green,99.0,green,17.5,green,73.0,green,16.5,green,92.0
257,2021-11-27,yellow,19.0,green,85.0,green,18.0,green,95.0,green,16.5,green,95.0,green,15.5,green,97.0,green,18.5,green,77.0,green,17.0,green,90.0
258,2021-11-28,green,18.0,green,90.0,green,17.5,green,95.0,green,16.0,green,95.0,green,14.0,green,97.0,green,17.0,green,80.0,yellow,16.0,green,88.0
259,2021-11-29,yellow,19.5,green,95.0,yellow,19.0,green,98.0,green,18.0,green,97.0,yellow,17.0,green,96.0,yellow,18.5,green,84.0,green,18.0,green,86.0
260,2021-11-30,green,19.0,green,93.0,green,17.5,green,97.0,green,17.5,green,96.0,green,15.5,green,99.0,green,18.5,green,87.0,green,17.0,green,92.0
261,2021-12-01,green,20.0,green,94.0,green,19.0,green,97.0,green,18.0,green,96.0,green,17.0,green,98.0,green,19.5,green,82.0,green,17.5,green,89.0
262,2021-12-02,green,19.5,green,95.0,green,18.5,green,96.0,green,18.5,green,96.0,green,16.5,green,98.0,green,19.0,green,84.0,green,17.0,green,88.0
263,2021-12-03,green,18.5,green,93.0,yellow,17.5,green,96.0,green,17.0,green,95.0,green,15.5,green,96.0,green,18.0,green,80.0,yellow,16.5,green,86.0
264,2021-12-04,green,17.5,green,95.0,green,16.5,green,97.0,yellow,16.0,green,94.0,yellow,14.5,green,98.0,green,16.5,green,86.0,green,16.5,green,88.0
265,2021-12-05,green,19.0,green,94.0,green,17.0,green,96.0,yellow,15.5,green,95.0,yellow,15.0,green,99.0,green,18.0,green,87.0,green,16.5,green,84.0
266,2021-12-06,green,18.0,green,94.0,green,16.0,green,96.0,yellow,13.0,green,96.0,green,14.5,green,96.0,green,17.5,green,83.0,green,16.0,green,84.0
267,2021-12-07,green,17.5,green,92.0,yellow,16.5,green,96.0,yellow,13.5,green,93.0,red,14.5,green,97.0,green,17.5,green,85.0,yellow,16.5,green,89.0
268,2021-12-08,green,17.5,green,91.0,green,16.5,green,96.0,yellow,14.0,green,93.0,yellow,14.5,green,99.0,green,17.5,green,87.0,yellow,16.0,green,90.0
269,2021-12-09,green,19.0,green,85.0,green,17.0,green,96.0,green,16.0,green,92.0,green,15.0,green,98.0,green,17.5,green,82.0,green,16.0,green,89.0
270,2021-12-10,green,17.5,green,89.0,green,17.0,green,95.0,yellow,15.5,green,96.0,yellow,14.0,green,99.0,green,17.0,green,84.0,green,16.5,green,86.0
271,2021-12-11,green,18.0,green,84.0,green,16.5,green,89.0,yellow,14.5,green,95.0,yellow,14.5,green,99.0,green,17.5,green,85.0,green,16.0,green,90.0
272,2021-12-12,green,18.5,green,82.0,green,16.5,green,91.0,green,16.0,green,95.0,green,14.5,green,96.0,green,17.5,green,82.0,green,16.5,green,89.0
273,2021-12-13,green,18.0,green,89.0,green,17.0,green,96.0,green,16.0,green,95.0,green,14.5,green,98.0,green,17.5,green,80.0,green,16.5,green,87.0
274,2021-12-14,green,19.5,green,91.0,green,17.5,green,98.0,green,16.0,green,96.0,green,16.0,green,96.0,green,18.5,green,88.0,green,17.0,green,88.0
275,2021-12-15,yellow,22.0,green,95.0,yellow,20.5,green,99.0,yellow,19.5,green,97.0,red,19.5,green,99.0,yellow,20.5,green,91.0,green,19.0,green,86.0
276,2021-12-16,green,18.0,green,84.0,yellow,16.5,green,97.0,yellow,14.5,green,95.0,yellow,14.5,green,99.0,yellow,17.0,green,84.0,yellow,16.5,green,87.0
277,2021-12-17,green,17.5,green,80.0,green,16.0,green,96.0,yellow,15.0,green,97.0,yellow,15.0,green,98.0,green,17.0,green,89.0,yellow,16.0,green,80.0
278,2021-12-18,green,18.0,green,92.0,yellow,16.0,green,96.0,yellow,13.5,green,96.0,red,15.5,green,99.0,green,17.5,green,86.0,green,16.0,green,84.0
279,2021-12-19,green,18.0,green,95.0,green,16.5,green,96.0,yellow,14.5,green,97.0,yellow,15.0,green,97.0,green,17.0,green,88.0,green,16.0,green,90.0
280,2021-12-20,yellow,17.5,green,95.0,yellow,17.0,green,97.0,yellow,13.5,green,98.0,yellow,15.0,green,99.0,red,17.0,green,86.0,green,15.5,green,93.0
281,2021-12-21,yellow,17.5,green,96.0,yellow,16.5,green,97.0,yellow,13.0,green,97.0,red,15.0,green,99.0,yellow,16.5,green,89.0,yellow,16.0,green,92.0
282,2021-12-22,green,18.0,green,95.0,green,17.0,green,98.0,green,15.0,green,69.0,yellow,15.0,green,99.0,green,17.0,green,85.0,yellow,16.0,green,90.0
283,2021-12-23,green,18.0,green,94.0,green,17.5,green,99.0,green,16.0,yellow,48.0,green,14.5,green,99.0,green,17.0,green,86.0,green,16.0,green,92.0
284,2021-12-24,green,18.5,green,92.0,green,17.5,green,97.0,green,17.5,green,95.0,green,15.5,green,99.0,green,17.5,green,81.0,green,16.5,green,91.0
285,2021-12-25,green,18.0,green,93.0,red,17.0,green,97.0,yellow,14.5,green,96.0,red,15.0,green,99.0,green,17.5,green,83.0,yellow,16.0,green,92.0
286,2021-12-26,green,17.5,green,91.0,green,16.5,green,96.0,green,14.5,green,96.0,yellow,15.5,green,99.0,green,17.0,green,87.0,green,16.0,green,92.0
287,2021-12-27,green,18.0,green,93.0,yellow,17.0,green,99.0,yellow,14.0,green,97.0,red,14.0,green,99.0,green,17.5,green,86.0,yellow,16.0,green,93.0
288,2021-12-28,green,18.0,green,94.0,yellow,16.5,green,98.0,yellow,14.0,green,95.0,red,15.5,green,98.0,green,17.0,green,87.0,green,16.0,green,91.0
289,2021-12-29,green,17.5,green,95.0,red,15.5,green,96.0,yellow,13.5,green,95.0,red,16.0,green,98.0,yellow,16.5,green,91.0,yellow,15.5,green,91.0
290,2021-12-30,green,18.0,green,96.0,yellow,16.5,green,98.0,green,14.5,green,97.0,red,15.0,green,97.0,green,17.0,green,86.0,yellow,15.5,green,93.0
291,2021-12-31,green,18.5,green,96.0,yellow,17.0,green,98.0,yellow,12.5,green,94.0,yellow,16.0,green,98.0,green,17.5,green,85.0,yellow,15.5,green,93.0
292,2022-01-01,green,17.5,green,92.0,green,16.0,green,97.0,red,12.5,green,90.0,green,16.5,green,97.0,green,16.5,green,88.0,green,15.5,green,91.0
293,2022-01-02,green,17.5,green,92.0,yellow,15.5,green,94.0,yellow,13.5,green,89.0,green,16.5,green,97.0,red,15.5,green,91.0,green,16.0,green,93.0
294,2022-01-03,green,18.0,green,85.0,green,15.5,green,91.0,green,14.0,green,97.0,yellow,15.5,green,99.0,green,15.0,green,87.0,yellow,16.0,green,88.0
295,2022-01-04,green,19.0,green,85.0,green,16.5,green,80.0,yellow,14.5,green,96.0,yellow,15.0,green,99.0,green,17.5,green,87.0,green,16.0,green,92.0
296,2022-01-05,green,18.0,green,94.0,green,14.0,green,92.0,yellow,11.5,green,94.0,yellow,16.5,green,98.0,green,17.0,green,90.0,green,16.0,green,92.0
297,2022-01-06,green,17.5,green,94.0,green,15.0,green,91.0,yellow,14.0,green,94.0,green,17.0,green,97.0,green,16.5,green,88.0,green,16.0,green,91.0
298,2022-01-07,green,17.5,green,97.0,yellow,15.0,green,97.0,yellow,13.0,green,94.0,yellow,17.0,green,96.0,red,15.5,green,90.0,green,16.0,green,90.0
299,2022-01-08,green,18.5,green,97.0,green,16.0,green,97.0,yellow,14.0,green,94.0,red,15.5,green,99.0,green,17.0,green,87.0,yellow,16.0,green,87.0
300,2022-01-09,green,17.5,green,96.0,green,15.0,green,97.0,yellow,13.0,green,96.0,red,15.5,green,97.0,yellow,17.0,green,87.0,yellow,15.5,green,92.0
301,2022-01-10,green,18.0,green,96.0,green,16.0,green,96.0,green,13.5,green,97.0,red,16.0,green,99.0,green,18.0,green,78.0,green,15.5,green,91.0
302,2022-01-11,green,17.0,green,94.0,yellow,16.0,green,96.0,green,15.5,green,94.0,green,15.5,green,98.0,green,17.0,green,68.0,green,16.5,green,91.0
303,2022-01-12,green,18.5,green,94.0,yellow,17.0,green,97.0,yellow,17.0,green,93.0,red,15.5,green,99.0,green,17.0,green,74.0,yellow,16.5,green,91.0
304,2022-01-13,green,18.0,green,92.0,yellow,17.0,green,96.0,green,16.0,green,95.0,yellow,15.0,green,97.0,green,16.5,green,77.0,yellow,16.0,green,92.0
305,2022-01-14,green,17.5,green,90.0,red,17.0,green,94.0,yellow,14.0,green,94.0,yellow,14.5,green,99.0,yellow,16.0,green,77.0,yellow,16.0,green,92.0
306,2022-01-15,green,16.5,green,90.0,yellow,15.5,green,93.0,yellow,12.0,green,96.0,green,16.0,green,99.0,yellow,16.0,green,80.0,green,15.5,green,94.0
307,2022-01-16,green,17.0,green,94.0,yellow,17.0,green,91.0,green,13.5,green,98.0,red,15.5,green,99.0,green,15.5,green,82.0,red,16.0,green,89.0
308,2022-01-17,green,18.0,green,95.0,red,17.0,green,97.0,yellow,14.0,green,98.0,yellow,15.0,green,98.0,red,17.0,green,86.0,yellow,15.5,green,90.0
309,2022-01-18,green,19.0,green,92.0,green,19.0,green,94.0,yellow,15.5,green,96.0,yellow,17.0,green,98.0,green,20.0,green,86.0,yellow,17.5,green,88.0
310,2022-01-19,green,17.0,green,85.0,green,16.0,green,93.0,red,12.0,green,87.0,green,17.5,green,99.0,yellow,15.5,green,86.0,green,17.0,green,93.0
311,2022-01-20,green,17.0,green,89.0,green,17.0,green,93.0,red,13.5,green,85.0,green,17.5,green,97.0,red,17.0,green,78.0,green,16.5,green,91.0
312,2022-01-21,green,17.0,green,91.0,green,16.0,green,90.0,yellow,12.5,green,85.0,yellow,17.0,green,97.0,green,15.0,green,81.0,green,16.0,green,89.0
313,2022-01-22,green,17.0,green,93.0,green,16.0,green,95.0,green,13.5,green,91.0,green,16.0,green,97.0,green,16.0,green,81.0,green,17.5,green,90.0
314,2022-01-23,green,17.0,green,95.0,green,15.0,green,96.0,yellow,11.5,green,92.0,green,17.0,green,97.0,yellow,15.0,green,69.0,green,17.0,green,86.0
315,2022-01-24,green,17.5,green,93.0,green,15.5,green,96.0,yellow,12.0,green,93.0,green,16.5,green,99.0,yellow,16.0,green,78.0,green,16.5,green,88.0
316,2022-01-25,green,17.0,green,93.0,green,16.0,green,92.0,red,12.5,green,87.0,green,17.0,green,97.0,yellow,16.0,green,79.0,green,16.5,green,85.0
317,2022-01-26,green,17.0,green,91.0,green,16.0,green,94.0,yellow,14.5,green,89.0,green,17.0,green,93.0,green,15.5,green,82.0,green,16.5,green,88.0
318,2022-01-27,green,17.5,green,93.0,green,16.5,green,96.0,red,14.5,green,86.0,green,17.5,green,90.0,yellow,15.5,green,78.0,green,16.0,green,84.0
319,2022-01-28,green,17.5,green,93.0,green,16.0,green,95.0,yellow,15.0,green,83.0,green,17.5,green,98.0,green,16.0,green,84.0,green,15.5,green,83.0
320,2022-01-29,green,17.5,green,93.0,green,16.5,green,97.0,green,15.0,green,87.0,green,17.5,green,98.0,green,16.5,green,82.0,green,16.0,green,83.0
321,2022-01-30,green,17.5,green,88.0,green,16.0,green,97.0,yellow,14.5,green,87.0,green,17.5,green,96.0,green,16.5,green,82.0,green,16.0,green,85.0
322,2022-01-31,green,16.5,green,88.0,green,17.0,green,93.0,yellow,16.0,green,92.0,green,17.0,green,96.0,yellow,16.0,green,84.0,yellow,17.0,green,88.0
323,2022-02-01,blue,17.0,blue,,blue,18.0,blue,,blue,17.5,blue,,blue,17.5,blue,,blue,17.0,blue,,blue,17.0,blue,
324,2022-02-02,blue,,blue,,blue,,blue,,blue,,blue,,blue,,blue,,blue,,blue,,blue,,blue,
325,2022-02-03,blue,,blue,,blue,,blue,,blue,,blue,,blue,,blue,,blue,,blue,,blue,,blue,
326,2022-02-04,blue,,blue,,blue,,blue,,blue,,blue,,blue,,blue,,blue,,blue,,blue,,blue,
327,2022-02-05,blue,,blue,,blue,,blue,,blue,,blue,,blue,,blue,,blue,,blue,,blue,,blue,
328,2022-02-06,blue,,blue,,blue,,blue,,blue,,blue,,blue,,blue,,blue,,blue,,blue,,blue,
329,2022-02-07,blue,,blue,,blue,,blue,,blue,,blue,,blue,,blue,,blue,,blue,,blue,,blue,
330,2022-02-08,blue,,blue,,blue,,blue,,blue,,blue,,blue,,blue,,blue,,blue,,blue,,blue,
331,2022-02-09,blue,,blue,,blue,,blue,,blue,,blue,,blue,,blue,,blue,,blue,,blue,,blue,
332,2022-02-10,blue,,blue,,blue,,blue,,blue,,blue,,blue,,blue,,blue,,blue,,blue,,blue,
333,2022-02-11,blue,,blue,,blue,,blue,,blue,,blue,,blue,,blue,,blue,,blue,,blue,,blue,
334,2022-02-12,blue,,blue,,blue,,blue,,blue,,blue,,blue,,blue,,blue,,blue,,blue,,blue,
335,2022-02-13,blue,,blue,,blue,,blue,,blue,,blue,,blue,,blue,,blue,,blue,,blue,,blue,
336,2022-02-14,blue,,blue,,blue,,blue,,blue,,blue,,blue,,blue,,blue,,blue,,blue,,blue,
337,2022-02-15,blue,,blue,,blue,,blue,,blue,,blue,,blue,,blue,,blue,,blue,,blue,,blue,
338,2022-02-16,blue,,blue,,blue,,blue,,blue,,blue,,blue,,blue,,blue,,blue,,blue,,blue,
339,2022-02-17,blue,,blue,,blue,,blue,,blue,,blue,,blue,,blue,,blue,,blue,,blue,,blue,
340,2022-02-18,blue,,blue,,blue,,blue,,blue,,blue,,blue,,blue,,blue,,blue,,blue,,blue,
341,2022-02-19,blue,,blue,,blue,,blue,,blue,,blue,,blue,,blue,,blue,,blue,,blue,,blue,
342,2022-02-20,blue,,blue,,blue,,blue,,blue,,blue,,blue,,blue,,blue,,blue,,blue,,blue,
343,2022-02-21,blue,,blue,,blue,,blue,,blue,,blue,,blue,,blue,,blue,,blue,,blue,,blue,
344,2022-02-22,blue,,blue,,blue,,blue,,blue,,blue,,blue,,blue,,blue,,blue,,blue,,blue,
345,2022-02-23,blue,,blue,,blue,,blue,,blue,,blue,,blue,,blue,,blue,,blue,,blue,,blue,
346,2022-02-24,blue,,blue,,blue,,blue,,blue,,blue,,blue,,blue,,blue,,blue,,blue,,blue,
347,2022-02-25,blue,,blue,,blue,,blue,,blue,,blue,,blue,,blue,,blue,,blue,,blue,,blue,
348,2022-02-26,blue,,blue,,blue,,blue,,blue,,blue,,blue,,blue,,blue,,blue,,blue,,blue,
349,2022-02-27,blue,,blue,,blue,,blue,,blue,,blue,,blue,,blue,,blue,,blue,,blue,,blue,
350,2022-02-28,blue,,blue,,blue,,blue,,blue,,blue,,blue,,blue,,blue,,blue,,blue,,blue,
351,2022-03-01,blue,,blue,,blue,,blue,,blue,,blue,,blue,,blue,,blue,,blue,,blue,,blue,
352,2022-03-02,blue,,blue,,blue,,blue,,blue,,blue,,blue,,blue,,blue,,blue,,blue,,blue,
353,2022-03-03,blue,,blue,,blue,,blue,,blue,,blue,,blue,,blue,,blue,,blue,,blue,,blue,
354,2022-03-04,blue,,blue,,blue,,blue,,blue,,blue,,blue,,blue,,blue,,blue,,blue,,blue,
355,2022-03-05,blue,,blue,,blue,,blue,,blue,,blue,,blue,,blue,,blue,,blue,,blue,,blue,
356,2022-03-06,blue,,blue,,blue,,blue,,blue,,blue,,blue,,blue,,blue,,blue,,blue,,blue,
357,2022-03-07,blue,,blue,,blue,,blue,,blue,,blue,,blue,,blue,,blue,,blue,,blue,,blue,
358,2022-03-08,blue,,blue,,blue,,blue,,blue,,blue,,blue,,blue,,blue,,blue,,blue,,blue,
359,2022-03-09,blue,,blue,,blue,,blue,,blue,,blue,,blue,,blue,,blue,,blue,,blue,,blue,
360,2022-03-10,blue,,blue,,blue,,blue,,blue,,blue,,blue,,blue,,blue,,blue,,blue,,blue,
361,2022-03-11,blue,,blue,,blue,,blue,,blue,,blue,,blue,,blue,,blue,28.5,blue,,blue,,blue,
362,2022-03-12,blue,,blue,,blue,,blue,,blue,,blue,,blue,,blue,,green,28.5,blue,33.0,blue,,blue,
363,2022-03-13,blue,,blue,,blue,,blue,,blue,,blue,,blue,,blue,,green,25.5,blue,35.0,blue,,blue,
364,2022-03-14,blue,,blue,,blue,,blue,,blue,,blue,,blue,,blue,,red,25.0,blue,36.0,blue,,blue,
365,2022-03-15,blue,,blue,,blue,,blue,,blue,,blue,,blue,,blue,,red,25.0,blue,38.0,blue,,blue,
366,2022-03-16,blue,,blue,,blue,,blue,,blue,27.0,blue,,blue,27.5,blue,,yellow,24.0,yellow,46.0,blue,28.0,blue,
367,2022-03-17,blue,,blue,,blue,,blue,,blue,28.0,blue,77.0,blue,28.0,blue,94.0,yellow,24.0,yellow,48.0,blue,28.0,blue,35.0
368,2022-03-18,green,24.0,blue,,green,23.0,blue,,green,28.0,green,77.0,green,28.0,blue,,red,24.0,blue,,yellow,28.0,red,31.0
369,2022-03-19,green,24.0,yellow,60.0,green,23.5,green,77.0,yellow,27.5,green,79.0,green,27.5,green,97.0,red,24.5,red,39.0,yellow,28.0,red,34.0
370,2022-03-20,green,23.5,yellow,49.0,green,24.0,green,72.0,green,27.0,green,74.0,green,26.5,green,97.0,green,24.0,red,29.0,yellow,27.0,red,29.0
371,2022-03-21,green,22.0,red,39.0,green,23.5,green,76.0,yellow,26.0,green,81.0,green,26.5,green,96.0,yellow,21.5,red,28.0,yellow,26.0,red,34.0
372,2022-03-22,green,23.0,yellow,57.0,green,22.0,green,75.0,green,26.5,green,82.0,green,26.5,green,95.0,yellow,23.0,red,39.0,yellow,27.0,red,36.0
373,2022-03-23,green,23.5,yellow,57.0,green,22.5,green,81.0,yellow,27.0,green,79.0,green,26.5,green,92.0,red,24.0,red,40.0,yellow,27.0,red,36.0
374,2022-03-24,green,23.0,yellow,57.0,green,22.5,green,83.0,green,26.5,green,82.0,green,26.5,green,92.0,red,23.0,red,30.0,yellow,27.0,red,32.0
375,2022-03-25,green,22.5,yellow,56.0,green,22.5,green,85.0,yellow,25.5,green,79.0,green,26.0,green,96.0,yellow,21.5,yellow,53.0,yellow,26.5,red,38.0
376,2022-03-26,green,23.0,green,65.0,green,22.5,green,88.0,green,26.0,green,78.0,green,26.0,green,96.0,yellow,23.0,yellow,51.0,yellow,27.0,red,34.0
377,2022-03-27,green,23.0,green,64.0,green,22.0,green,86.0,green,26.0,green,77.0,green,26.0,green,96.0,yellow,23.0,yellow,56.0,yellow,26.5,red,40.0
378,2022-03-28,green,22.0,green,65.0,green,22.0,green,89.0,green,25.5,green,79.0,green,26.0,green,97.0,red,21.5,yellow,49.0,yellow,26.5,red,37.0
379,2022-03-29,green,21.5,yellow,60.0,green,22.0,green,86.0,green,25.0,green,74.0,green,26.0,green,93.0,green,19.5,yellow,54.0,yellow,26.5,red,28.0
380,2022-03-30,green,21.5,green,67.0,green,21.5,green,88.0,green,25.0,green,68.0,green,26.0,green,94.0,yellow,20.5,yellow,49.0,yellow,26.5,red,31.0
381,2022-03-31,green,21.5,green,64.0,green,21.5,green,92.0,green,25.5,green,64.0,green,25.5,green,92.0,red,21.0,yellow,57.0,yellow,26.5,red,28.0
382,2022-04-01,green,21.5,green,66.0,green,22.0,green,88.0,green,24.5,yellow,57.0,green,25.5,green,86.0,yellow,20.5,green,67.0,yellow,26.0,red,20.0
